Date,New Topics,New Posts,New Members
09.12.17,1541,49869,5263
08.12.17,1869,57886,5994
07.12.17,1905,59639,5238
06.12.17,1878,65556,4400
05.12.17,1673,65052,5195
04.12.17,1588,57891,4042
03.12.17,1430,59057,3551
02.12.17,1244,53577,3231
01.12.17,1565,61800,3542
30.11.17,1659,60162,3875
29.11.17,1656,57279,3301
28.11.17,1553,59144,3644
27.11.17,1454,63672,3686
26.11.17,1223,58202,2899
25.11.17,1161,53132,2712
24.11.17,1342,60146,2916
23.11.17,1652,60202,3228
22.11.17,1637,60377,3254
21.11.17,1534,60566,3770
20.11.17,1464,57906,3992
19.11.17,1150,54551,3017
18.11.17,1148,48561,2941
17.11.17,1433,56677,3173
16.11.17,1449,57236,3040
15.11.17,1447,54795,3104
14.11.17,1475,59963,4345
13.11.17,1424,56876,3257
12.11.17,1346,53715,2539
11.11.17,1401,50857,2309
10.11.17,1338,56111,2635
09.11.17,1397,58086,3141
08.11.17,1373,57036,3389
07.11.17,1374,56039,3436
06.11.17,1262,52153,4015
05.11.17,1176,46282,2800
04.11.17,1068,45235,3115
03.11.17,1304,50859,3239
02.11.17,1393,54180,3076
01.11.17,1358,54145,3438
31.10.17,1379,54052,3209
30.10.17,1310,50515,3242
29.10.17,1068,46287,2738
28.10.17,1115,47526,2707
27.10.17,1247,51574,3325
26.10.17,1312,53584,3576
25.10.17,1334,54620,3606
24.10.17,1288,51295,3079
23.10.17,1325,49454,3579
22.10.17,1125,46584,3043
21.10.17,1033,43827,3455
20.10.17,988,37566,2251
19.10.17,1304,48201,2965
18.10.17,1255,49390,3083
17.10.17,1289,48928,3263
16.10.17,1273,48513,3093
15.10.17,1079,42067,2370
14.10.17,1007,41686,2529
13.10.17,1210,47347,2984
12.10.17,1165,50922,2886
11.10.17,1190,49816,2865
10.10.17,1147,46736,3213
09.10.17,1177,47020,2960
08.10.17,915,40211,2838
07.10.17,873,39258,3228
06.10.17,983,41765,3014
05.10.17,972,42753,2137
04.10.17,997,42362,2007
03.10.17,1055,41843,2352
02.10.17,1195,40044,2184
01.10.17,962,36045,1662
30.09.17,843,35540,1623
29.09.17,980,38920,1661
28.09.17,1017,40432,2609
27.09.17,994,39135,2095
26.09.17,919,37610,1701
25.09.17,957,35283,1621
24.09.17,817,31606,1260
23.09.17,734,30820,1162
22.09.17,807,34894,1418
21.09.17,882,37747,1443
20.09.17,959,35489,1656
19.09.17,946,36993,1564
18.09.17,897,34946,1369
17.09.17,853,31787,1215
16.09.17,830,31916,1226
15.09.17,1071,33826,1754
14.09.17,1053,37290,1550
13.09.17,1004,34672,1770
12.09.17,991,34613,1584
11.09.17,898,31156,1435
10.09.17,808,27766,1390
09.09.17,795,27497,1224
08.09.17,919,30918,1488
07.09.17,1002,32778,1560
06.09.17,944,33137,1670
05.09.17,917,32020,1431
04.09.17,1024,32861,1565
03.09.17,810,29620,1380
02.09.17,805,28476,1332
01.09.17,994,30260,1430
31.08.17,1006,32886,1741
30.08.17,882,33827,1684
29.08.17,926,33144,1562
28.08.17,786,30413,1658
27.08.17,756,29010,1468
26.08.17,819,28291,1381
25.08.17,980,30525,1385
24.08.17,956,30588,1506
23.08.17,934,29788,1568
22.08.17,1007,33798,1480
21.08.17,901,28794,1355
20.08.17,752,27869,1317
19.08.17,779,27282,1280
18.08.17,818,27127,1286
17.08.17,834,30055,1349
16.08.17,874,32929,1507
15.08.17,766,27593,1371
14.08.17,888,28621,1633
13.08.17,786,23876,1131
12.08.17,688,23489,1175
11.08.17,767,24992,1178
10.08.17,804,27214,1294
09.08.17,814,25949,1312
08.08.17,809,25878,1369
07.08.17,722,26597,1335
06.08.17,731,24158,1048
05.08.17,702,23705,1006
04.08.17,756,24614,1230
03.08.17,847,25872,1213
02.08.17,1060,26763,1188
01.08.17,848,24252,1243
31.07.17,732,24275,3385
30.07.17,614,21747,1122
29.07.17,626,21399,1325
28.07.17,880,23233,1780
27.07.17,757,23891,1488
26.07.17,809,24760,1244
25.07.17,694,25063,1243
24.07.17,665,23813,1279
23.07.17,832,22635,1039
22.07.17,632,20917,1005
21.07.17,699,22082,1092
20.07.17,683,24415,1168
19.07.17,766,23169,1243
18.07.17,1167,22826,1308
17.07.17,791,21721,1348
16.07.17,679,18664,1046
15.07.17,778,18336,1236
14.07.17,666,20001,1412
13.07.17,778,21549,1471
12.07.17,736,21324,1230
11.07.17,752,20239,1379
10.07.17,706,20018,1401
09.07.17,629,17683,1305
08.07.17,722,18092,1227
07.07.17,737,19126,1323
06.07.17,865,20336,1378
05.07.17,1508,19859,1205
04.07.17,1740,20663,1239
03.07.17,617,18395,1107
02.07.17,976,16529,1007
01.07.17,777,17316,976
30.06.17,1088,18684,1099
29.06.17,891,19680,1083
28.06.17,865,19613,1166
27.06.17,1183,19159,1129
26.06.17,781,18990,1350
25.06.17,574,16913,1015
24.06.17,749,16558,862
23.06.17,667,18526,1056
22.06.17,687,20027,1190
21.06.17,641,20937,1105
20.06.17,659,19727,1167
19.06.17,657,19101,1173
18.06.17,604,17724,979
17.06.17,601,17385,1109
16.06.17,619,18876,1103
15.06.17,728,20634,1394
14.06.17,745,20984,1169
13.06.17,704,20774,1170
12.06.17,648,21373,1133
11.06.17,627,18272,1011
10.06.17,614,17728,928
09.06.17,596,19088,1125
08.06.17,700,19582,1115
07.06.17,657,20108,1153
06.06.17,1530,20784,1234
05.06.17,1296,19116,1019
04.06.17,962,16496,922
03.06.17,709,16087,916
02.06.17,735,17641,925
01.06.17,662,16869,933
31.05.17,849,18164,1013
30.05.17,662,17370,913
29.05.17,810,17174,852
28.05.17,544,15276,824
27.05.17,627,14501,812
26.05.17,719,16377,919
25.05.17,700,17821,1082
24.05.17,795,17996,993
23.05.17,648,16824,1021
22.05.17,689,16471,946
21.05.17,565,14843,758
20.05.17,854,14681,689
19.05.17,562,15018,738
18.05.17,849,15641,746
17.05.17,866,16198,812
16.05.17,770,15861,737
15.05.17,769,15725,766
14.05.17,593,13972,703
13.05.17,892,14406,740
12.05.17,848,15566,792
11.05.17,636,15375,792
10.05.17,963,16689,745
09.05.17,799,15983,686
08.05.17,629,15388,671
07.05.17,724,13839,583
06.05.17,584,13250,599
05.05.17,537,14409,632
04.05.17,898,15476,659
03.05.17,920,15215,651
02.05.17,952,13906,580
01.05.17,506,14439,524
30.04.17,460,12139,471
29.04.17,483,11967,566
28.04.17,472,14276,558
27.04.17,701,15396,600
26.04.17,612,16532,574
25.04.17,911,15683,617
24.04.17,632,15733,629
23.04.17,820,14190,502
22.04.17,589,11456,310
21.04.17,634,11200,338
20.04.17,796,15215,576
19.04.17,677,15624,556
18.04.17,617,14880,634
17.04.17,636,14323,605
16.04.17,542,12236,472
15.04.17,570,12562,486
14.04.17,571,13394,485
13.04.17,599,13204,529
12.04.17,622,14038,560
11.04.17,599,13635,537
10.04.17,560,13751,557
09.04.17,555,11905,504
08.04.17,581,12129,499
07.04.17,662,13486,599
06.04.17,598,13368,535
05.04.17,607,13257,542
04.04.17,558,13172,522
03.04.17,497,13194,531
02.04.17,491,12198,428
01.04.17,548,11547,485
31.03.17,555,12245,492
30.03.17,544,12739,555
29.03.17,630,13128,546
28.03.17,608,12855,488
27.03.17,517,12673,493
26.03.17,480,12383,419
25.03.17,578,11757,491
24.03.17,659,12226,489
23.03.17,669,13081,489
22.03.17,714,12897,538
21.03.17,602,13401,479
20.03.17,587,14119,489
19.03.17,648,13339,404
18.03.17,562,13106,472
17.03.17,571,13018,435
16.03.17,591,12899,498
15.03.17,646,13558,539
14.03.17,553,12631,512
13.03.17,498,12412,424
12.03.17,453,11581,374
11.03.17,470,10943,424
10.03.17,490,12594,426
09.03.17,480,12195,482
08.03.17,581,12168,444
07.03.17,537,12223,475
06.03.17,569,12231,479
05.03.17,548,11965,398
04.03.17,493,12160,479
03.03.17,533,12753,492
02.03.17,500,12914,485
01.03.17,515,13330,550
28.02.17,583,13189,536
27.02.17,492,12442,447
26.02.17,421,11364,374
25.02.17,448,11724,405
24.02.17,486,12255,407
23.02.17,527,12076,448
22.02.17,483,11714,481
21.02.17,486,11452,498
20.02.17,440,11160,478
19.02.17,442,10562,400
18.02.17,434,10700,459
17.02.17,455,10711,410
16.02.17,451,11410,438
15.02.17,440,11496,441
14.02.17,469,11907,475
13.02.17,426,11769,465
12.02.17,431,11330,354
11.02.17,520,11493,430
10.02.17,465,11541,407
09.02.17,502,12468,472
08.02.17,518,12169,485
07.02.17,508,12261,591
06.02.17,420,11605,457
05.02.17,385,11400,407
04.02.17,474,11202,466
03.02.17,443,12168,497
02.02.17,435,12105,476
01.02.17,417,11763,473
31.01.17,442,11259,434
30.01.17,438,10973,490
29.01.17,363,10348,362
28.01.17,443,10741,446
27.01.17,441,11325,494
26.01.17,460,11748,447
25.01.17,449,11502,487
24.01.17,452,11027,444
23.01.17,412,10882,426
22.01.17,359,9513,347
21.01.17,386,10199,407
20.01.17,437,10704,386
19.01.17,427,11268,459
18.01.17,416,10608,480
17.01.17,449,10557,477
16.01.17,411,10009,447
15.01.17,365,9240,321
14.01.17,459,9487,374
13.01.17,457,10405,402
12.01.17,488,11019,438
11.01.17,504,10961,493
10.01.17,461,10255,404
09.01.17,441,10053,463
08.01.17,383,10401,363
07.01.17,414,10299,442
06.01.17,486,11128,510
05.01.17,451,12666,475
04.01.17,562,12906,518
03.01.17,457,10741,427
02.01.17,422,10070,404
01.01.17,317,7948,287
31.12.16,356,8262,297
30.12.16,397,9845,436
29.12.16,414,10332,454
28.12.16,417,10767,414
27.12.16,412,10664,381
26.12.16,359,9617,425
25.12.16,329,8647,272
24.12.16,387,9498,367
23.12.16,432,11241,415
22.12.16,450,11836,396
21.12.16,462,11254,350
20.12.16,394,10536,352
19.12.16,350,10110,337
18.12.16,365,9979,297
17.12.16,405,9557,306
16.12.16,423,10087,383
15.12.16,405,10441,375
14.12.16,362,10788,357
13.12.16,398,10603,383
12.12.16,418,10623,376
11.12.16,366,10319,313
10.12.16,395,9449,372
09.12.16,398,10419,367
08.12.16,379,10126,398
07.12.16,369,10448,382
06.12.16,443,10366,343
05.12.16,390,10076,342
04.12.16,350,9813,252
03.12.16,330,9106,329
02.12.16,410,10318,352
01.12.16,414,10213,376
30.11.16,386,10683,389
29.11.16,374,10604,366
28.11.16,389,10547,394
27.11.16,370,10311,315
26.11.16,401,9662,351
25.11.16,407,10100,356
24.11.16,467,11366,405
23.11.16,476,11345,439
22.11.16,420,10742,472
21.11.16,375,9834,406
20.11.16,348,9566,367
19.11.16,360,9311,385
18.11.16,333,10360,348
17.11.16,366,10017,363
16.11.16,414,10648,341
15.11.16,376,10697,360
14.11.16,351,9816,367
13.11.16,312,9816,318
12.11.16,348,9502,320
11.11.16,358,9981,323
10.11.16,378,10546,368
09.11.16,412,9932,359
08.11.16,411,10133,384
07.11.16,405,10486,386
06.11.16,344,9740,325
05.11.16,357,9372,367
04.11.16,382,10100,394
03.11.16,494,10164,511
02.11.16,409,10033,385
01.11.16,372,10001,323
31.10.16,229,6060,130
30.10.16,229,7096,231
29.10.16,294,9289,289
28.10.16,360,11025,324
27.10.16,441,10714,375
26.10.16,442,11235,353
25.10.16,422,11481,349
24.10.16,411,10444,351
23.10.16,364,9806,298
22.10.16,368,9546,344
21.10.16,395,10451,354
20.10.16,392,11294,361
19.10.16,391,10459,339
18.10.16,404,10701,352
17.10.16,427,11052,361
16.10.16,434,10967,291
15.10.16,395,10762,350
14.10.16,455,11308,369
13.10.16,455,11659,345
12.10.16,448,11123,300
11.10.16,410,11517,285
10.10.16,451,10909,341
09.10.16,358,9666,302
08.10.16,456,10018,335
07.10.16,369,10774,312
06.10.16,493,11013,324
05.10.16,421,10889,337
04.10.16,368,10652,305
03.10.16,405,10174,338
02.10.16,366,9445,284
01.10.16,379,9450,306
30.09.16,371,10091,298
29.09.16,422,10826,329
28.09.16,436,11169,304
27.09.16,434,10418,332
26.09.16,505,10219,348
25.09.16,351,9849,230
24.09.16,389,9919,360
23.09.16,409,10075,376
22.09.16,412,10262,350
21.09.16,457,10444,343
20.09.16,442,11238,350
19.09.16,425,10690,332
18.09.16,406,10485,267
17.09.16,397,9823,316
16.09.16,354,9978,318
15.09.16,374,10004,288
14.09.16,416,10618,304
13.09.16,458,10778,344
12.09.16,467,11049,361
11.09.16,371,10230,333
10.09.16,412,10122,395
09.09.16,366,9405,303
08.09.16,330,8954,351
07.09.16,364,10398,377
06.09.16,438,11168,318
05.09.16,380,10548,338
04.09.16,415,10342,284
03.09.16,439,10069,339
02.09.16,447,10840,359
01.09.16,390,11734,376
31.08.16,391,11853,432
30.08.16,397,11606,328
29.08.16,413,10429,325
28.08.16,309,10590,268
27.08.16,365,9533,321
26.08.16,373,10731,340
25.08.16,391,10686,328
24.08.16,414,10922,420
23.08.16,434,11702,383
22.08.16,383,10229,332
21.08.16,317,9579,293
20.08.16,327,9786,344
19.08.16,390,11056,332
18.08.16,422,10714,352
17.08.16,432,11062,322
16.08.16,420,10353,355
15.08.16,391,10049,336
14.08.16,325,9721,233
13.08.16,356,9910,289
12.08.16,373,10660,252
11.08.16,438,10825,334
10.08.16,416,10837,333
09.08.16,391,10305,368
08.08.16,424,10572,366
07.08.16,361,9192,265
06.08.16,362,9054,351
05.08.16,431,11665,340
04.08.16,411,12695,809
03.08.16,521,14271,684
02.08.16,543,12082,430
01.08.16,431,10762,328
31.07.16,307,9657,243
30.07.16,336,9439,263
29.07.16,398,10096,290
28.07.16,428,10864,331
27.07.16,421,11132,300
26.07.16,459,12144,354
25.07.16,410,11679,286
24.07.16,324,10467,251
23.07.16,312,9642,252
22.07.16,422,11228,303
21.07.16,408,11930,330
20.07.16,397,12141,314
19.07.16,378,11235,309
18.07.16,398,11271,335
17.07.16,260,9993,232
16.07.16,363,10089,260
15.07.16,396,10909,323
14.07.16,426,12268,333
13.07.16,451,11946,316
12.07.16,435,11583,312
11.07.16,416,10834,289
10.07.16,343,11222,230
09.07.16,390,11112,273
08.07.16,388,11232,327
07.07.16,500,12844,334
06.07.16,422,12019,345
05.07.16,435,11621,322
04.07.16,431,11848,312
03.07.16,555,10982,1201
02.07.16,514,10461,910
01.07.16,555,11434,777
30.06.16,538,12040,856
29.06.16,624,12755,788
28.06.16,512,13043,808
27.06.16,563,13163,892
26.06.16,488,12293,594
25.06.16,474,11273,575
24.06.16,561,12979,657
23.06.16,537,12838,626
22.06.16,545,13931,563
21.06.16,543,13166,556
20.06.16,553,13955,551
19.06.16,409,13051,441
18.06.16,542,13517,609
17.06.16,648,14729,718
16.06.16,658,16068,760
15.06.16,631,14905,695
14.06.16,624,15209,769
13.06.16,671,15183,750
12.06.16,563,13589,611
11.06.16,564,11449,670
10.06.16,502,12105,652
09.06.16,570,12163,775
08.06.16,562,13079,697
07.06.16,692,13039,808
06.06.16,551,11721,691
05.06.16,461,11083,669
04.06.16,534,10779,757
03.06.16,552,10944,743
02.06.16,576,11380,706
01.06.16,567,12932,643
31.05.16,621,12284,581
30.05.16,582,11280,638
29.05.16,489,10547,538
28.05.16,520,10777,569
27.05.16,546,11019,613
26.05.16,612,11740,660
25.05.16,567,12139,667
24.05.16,584,13770,692
23.05.16,564,11083,660
22.05.16,476,9294,535
21.05.16,519,9669,520
20.05.16,503,10706,515
19.05.16,510,11136,568
18.05.16,521,11420,565
17.05.16,511,10972,504
16.05.16,507,9641,469
15.05.16,423,9148,484
14.05.16,446,9374,500
13.05.16,506,9772,541
12.05.16,459,9693,545
11.05.16,532,10120,586
10.05.16,556,10298,547
09.05.16,497,9669,489
08.05.16,483,8839,465
07.05.16,481,9047,452
06.05.16,440,8961,487
05.05.16,533,9959,534
04.05.16,482,9810,519
03.05.16,532,9980,465
02.05.16,577,10515,576
01.05.16,458,9174,434
30.04.16,461,8769,414
29.04.16,462,9291,456
28.04.16,500,10195,515
27.04.16,539,11817,547
26.04.16,533,11891,597
25.04.16,519,10174,569
24.04.16,483,9281,539
23.04.16,492,9914,646
22.04.16,578,11641,646
21.04.16,571,12124,718
20.04.16,547,11862,716
19.04.16,585,12042,785
18.04.16,553,11423,765
17.04.16,477,10417,602
16.04.16,475,10829,612
15.04.16,525,11826,620
14.04.16,525,11193,623
13.04.16,571,12691,755
12.04.16,582,13422,675
11.04.16,545,11189,704
10.04.16,487,10621,576
09.04.16,513,10915,640
08.04.16,527,11488,642
07.04.16,536,12005,589
06.04.16,533,11489,573
05.04.16,538,11684,616
04.04.16,538,11169,604
03.04.16,435,11157,523
02.04.16,447,10792,527
01.04.16,629,11568,699
31.03.16,771,12209,970
30.03.16,699,11185,743
29.03.16,708,11391,797
28.03.16,660,9929,779
27.03.16,535,9308,649
26.03.16,644,10115,812
25.03.16,614,10242,693
24.03.16,567,10256,679
23.03.16,595,10811,599
22.03.16,594,10045,654
21.03.16,618,11520,738
20.03.16,532,10575,566
19.03.16,524,10190,620
18.03.16,651,11044,813
17.03.16,701,11076,857
16.03.16,656,11351,785
15.03.16,620,10658,709
14.03.16,419,10234,348
13.03.16,444,9570,478
12.03.16,602,9386,772
11.03.16,646,9713,801
10.03.16,592,9843,706
09.03.16,506,10511,549
08.03.16,480,10377,565
07.03.16,537,10278,660
06.03.16,493,9535,900
05.03.16,859,10795,1478
04.03.16,956,10486,1512
03.03.16,868,11479,1444
02.03.16,651,11066,1161
01.03.16,645,12144,1108
29.02.16,595,11053,981
28.02.16,520,10249,1030
27.02.16,664,10421,1411
26.02.16,681,11187,1408
25.02.16,545,11515,2876
24.02.16,572,11179,1217
23.02.16,611,11148,1882
22.02.16,558,11137,1135
21.02.16,546,10976,1019
20.02.16,470,11431,1068
19.02.16,579,11517,1519
18.02.16,641,11513,1280
17.02.16,580,11749,1244
16.02.16,486,11526,836
15.02.16,432,10906,976
14.02.16,426,10356,809
13.02.16,518,10338,851
12.02.16,548,11353,3522
11.02.16,667,11295,1197
10.02.16,604,11596,980
09.02.16,590,11277,1133
08.02.16,574,10701,1308
07.02.16,494,10486,1896
06.02.16,550,10050,1893
05.02.16,550,10271,1072
04.02.16,647,10319,1430
03.02.16,650,10647,1241
02.02.16,662,10175,1511
01.02.16,662,10003,1711
31.01.16,646,9359,1222
30.01.16,547,9476,1556
29.01.16,648,10127,1582
28.01.16,606,9865,1755
27.01.16,761,10586,2044
26.01.16,666,10771,1547
25.01.16,620,10687,1392
24.01.16,538,10659,1099
23.01.16,553,10016,985
22.01.16,702,11530,1223
21.01.16,681,11878,1344
20.01.16,610,11503,1137
19.01.16,632,10696,1312
18.01.16,632,11346,1169
17.01.16,643,11036,1210
16.01.16,589,11154,1135
15.01.16,731,12215,1349
14.01.16,803,10887,1312
13.01.16,920,11229,1531
12.01.16,954,11111,1486
11.01.16,880,10744,1215
10.01.16,949,10220,1316
09.01.16,684,9971,980
08.01.16,815,10362,1282
07.01.16,665,10241,1049
06.01.16,644,10084,870
05.01.16,742,10368,1078
04.01.16,747,9212,911
03.01.16,931,9499,1241
02.01.16,671,9484,957
01.01.16,644,7990,889
31.12.15,559,9173,706
30.12.15,631,10120,857
29.12.15,619,9621,1331
28.12.15,723,9057,1089
27.12.15,643,8912,920
26.12.15,738,8706,896
25.12.15,589,7758,815
24.12.15,655,8756,721
23.12.15,816,10048,917
22.12.15,860,10605,3051
21.12.15,883,9827,1731
20.12.15,704,9271,818
19.12.15,754,9325,1115
18.12.15,897,10450,1795
17.12.15,840,10391,2931
16.12.15,903,10326,1313
15.12.15,763,10941,889
14.12.15,885,10352,1272
13.12.15,854,9549,1246
12.12.15,750,10295,899
11.12.15,681,10112,1017
10.12.15,714,10219,1212
09.12.15,898,10570,1776
08.12.15,646,10188,761
07.12.15,806,9275,1117
06.12.15,661,8772,2045
05.12.15,715,8621,1548
04.12.15,640,8964,788
03.12.15,595,9315,1106
02.12.15,589,9196,2018
01.12.15,466,9219,1250
30.11.15,524,9420,2154
29.11.15,484,9169,498
28.11.15,409,8402,617
27.11.15,438,8852,692
26.11.15,488,9100,1837
25.11.15,501,9050,1722
24.11.15,493,8734,1381
23.11.15,450,8821,553
22.11.15,430,8199,1667
21.11.15,457,8619,1754
20.11.15,449,8918,1084
19.11.15,522,8920,1586
18.11.15,520,8667,1707
17.11.15,614,8853,1836
16.11.15,500,8103,1763
15.11.15,391,7419,1525
14.11.15,373,7801,475
13.11.15,479,7959,1234
12.11.15,469,8792,1364
11.11.15,463,9022,2671
10.11.15,580,9169,1752
09.11.15,520,9135,1888
08.11.15,438,8984,1315
07.11.15,467,8982,2082
06.11.15,382,6837,1242
05.11.15,633,10176,1844
04.11.15,716,13606,1893
03.11.15,618,12169,2339
02.11.15,532,9749,1091
01.11.15,391,8357,492
31.10.15,427,9158,3143
30.10.15,468,10295,5768
29.10.15,491,10471,5000
28.10.15,588,10317,6194
27.10.15,581,9670,5491
26.10.15,541,9311,6600
25.10.15,441,9209,4090
24.10.15,409,8468,5166
23.10.15,463,8754,4808
22.10.15,474,9195,5047
21.10.15,442,8816,3846
20.10.15,397,8988,1326
19.10.15,414,9062,1519
18.10.15,358,8557,1518
17.10.15,336,9095,1724
16.10.15,363,8619,1197
15.10.15,364,8618,2016
14.10.15,385,8480,880
13.10.15,408,8992,374
12.10.15,372,8747,290
11.10.15,328,8002,276
10.10.15,315,7661,284
09.10.15,360,8380,291
08.10.15,343,9267,332
07.10.15,349,8526,266
06.10.15,379,9130,288
05.10.15,368,9027,228
04.10.15,311,8269,214
03.10.15,309,8290,185
02.10.15,367,9032,241
01.10.15,375,9203,230
30.09.15,331,9607,232
29.09.15,356,9438,252
28.09.15,366,8682,211
27.09.15,322,8176,198
26.09.15,316,8373,241
25.09.15,381,8861,233
24.09.15,395,8989,233
23.09.15,357,8850,239
22.09.15,410,9867,265
21.09.15,347,9527,224
20.09.15,294,8224,204
19.09.15,237,7582,254
18.09.15,378,8914,207
17.09.15,356,9498,264
16.09.15,347,10085,249
15.09.15,370,9867,268
14.09.15,336,10234,251
13.09.15,309,8764,265
12.09.15,303,8293,248
11.09.15,350,9405,229
10.09.15,364,9924,273
09.09.15,319,9626,344
08.09.15,375,9775,255
07.09.15,342,9370,295
06.09.15,370,8277,321
05.09.15,309,8038,297
04.09.15,365,8808,333
03.09.15,405,9460,285
02.09.15,365,9223,244
01.09.15,393,9130,313
31.08.15,372,8820,625
30.08.15,365,7712,560
29.08.15,383,8120,372
28.08.15,331,8364,347
27.08.15,418,9008,357
26.08.15,375,9536,329
25.08.15,353,9977,313
24.08.15,488,9733,358
23.08.15,296,7955,241
22.08.15,334,8244,388
21.08.15,374,9133,237
20.08.15,380,9535,284
19.08.15,453,9933,358
18.08.15,458,9975,292
17.08.15,380,8697,305
16.08.15,278,8093,220
15.08.15,332,8024,243
14.08.15,329,8489,224
13.08.15,401,8851,281
12.08.15,402,8711,290
11.08.15,413,9382,296
10.08.15,427,9182,306
09.08.15,432,8921,310
08.08.15,523,7988,331
07.08.15,437,8467,372
06.08.15,453,8834,283
05.08.15,446,9132,268
04.08.15,419,9416,248
03.08.15,359,9132,374
02.08.15,304,7881,710
01.08.15,448,8002,820
31.07.15,381,8492,242
30.07.15,415,8372,294
29.07.15,390,8612,254
28.07.15,430,8975,318
27.07.15,396,8528,503
26.07.15,303,7442,715
25.07.15,349,7405,661
24.07.15,365,7363,240
23.07.15,359,9011,317
22.07.15,457,8876,472
21.07.15,426,9124,295
20.07.15,398,9072,576
19.07.15,375,6966,176
18.07.15,303,7041,171
17.07.15,374,7485,245
16.07.15,412,8329,280
15.07.15,409,8381,272
14.07.15,393,8494,278
13.07.15,497,9523,281
12.07.15,383,8637,416
11.07.15,373,8295,302
10.07.15,480,10361,420
09.07.15,427,9350,503
08.07.15,407,9288,315
07.07.15,424,9035,350
06.07.15,332,8673,229
05.07.15,301,7956,262
04.07.15,320,7608,856
03.07.15,390,7880,648
02.07.15,384,8864,420
01.07.15,386,8844,1305
30.06.15,451,9635,326
29.06.15,420,9592,316
28.06.15,377,8124,369
27.06.15,352,8141,269
26.06.15,370,8392,281
25.06.15,369,8776,258
24.06.15,351,9165,264
23.06.15,386,9142,363
22.06.15,365,9010,340
21.06.15,326,7820,260
20.06.15,297,7809,221
19.06.15,368,7855,245
18.06.15,365,8887,235
17.06.15,440,9266,385
16.06.15,438,9506,320
15.06.15,371,8651,292
14.06.15,321,7587,307
13.06.15,312,7324,280
12.06.15,356,8317,249
11.06.15,416,8721,269
10.06.15,342,8845,332
09.06.15,460,8677,319
08.06.15,341,8253,273
07.06.15,369,7844,234
06.06.15,497,7590,246
05.06.15,426,8736,304
04.06.15,488,8865,373
03.06.15,479,9254,640
02.06.15,451,9220,414
01.06.15,465,8624,326
31.05.15,367,8086,364
30.05.15,412,7797,223
29.05.15,491,8357,452
28.05.15,444,8837,299
27.05.15,455,9097,451
26.05.15,199,4235,204
25.05.15,336,5205,154
24.05.15,1,1,0
22.05.15,5,137,4
21.05.15,405,9796,293
20.05.15,448,10340,276
19.05.15,454,10059,306
18.05.15,453,10053,344
17.05.15,375,8321,293
16.05.15,332,8249,275
15.05.15,423,9491,278
14.05.15,351,9169,247
13.05.15,414,9579,268
12.05.15,366,9451,317
11.05.15,376,8847,260
10.05.15,454,7999,413
09.05.15,363,8179,205
08.05.15,364,9392,180
07.05.15,358,9792,210
06.05.15,401,9531,234
05.05.15,393,10470,235
04.05.15,458,10142,226
03.05.15,359,8951,196
02.05.15,366,9126,179
01.05.15,375,9638,239
30.04.15,463,9876,295
29.04.15,396,10428,235
28.04.15,534,11088,263
27.04.15,365,10492,241
26.04.15,352,9944,189
25.04.15,336,9232,201
24.04.15,390,9140,202
23.04.15,402,9610,249
22.04.15,400,10414,237
21.04.15,427,9920,243
20.04.15,374,9822,232
19.04.15,327,8924,214
18.04.15,350,8668,222
17.04.15,397,10417,207
16.04.15,360,10094,358
15.04.15,439,10470,344
14.04.15,377,10402,397
13.04.15,437,10476,277
12.04.15,365,10051,252
11.04.15,390,10180,392
10.04.15,456,11470,470
09.04.15,431,11382,287
08.04.15,465,11019,311
07.04.15,522,10673,522
06.04.15,408,10513,467
05.04.15,361,9350,303
04.04.15,346,8912,299
03.04.15,391,10014,436
02.04.15,311,7876,226
01.04.15,449,11305,343
31.03.15,437,11036,1466
30.03.15,404,10117,1324
29.03.15,398,9474,1235
28.03.15,352,8640,1240
27.03.15,356,9722,1124
26.03.15,406,9744,1166
25.03.15,467,11235,1146
24.03.15,436,10763,1091
23.03.15,393,10930,1542
22.03.15,356,9295,1940
21.03.15,334,8756,1124
20.03.15,375,9137,1237
19.03.15,453,10011,1356
18.03.15,475,11066,1176
17.03.15,459,10546,1269
16.03.15,472,10596,1260
15.03.15,380,9777,1278
14.03.15,401,9412,1131
13.03.15,412,10426,1228
12.03.15,477,12053,1227
11.03.15,489,12399,1223
10.03.15,532,12923,1097
09.03.15,473,12124,1126
08.03.15,408,10374,1016
07.03.15,445,10608,999
06.03.15,393,10776,1175
05.03.15,511,12374,1457
04.03.15,484,13324,1196
03.03.15,424,12338,1128
02.03.15,455,11085,1119
01.03.15,359,9688,1202
28.02.15,328,10115,1036
27.02.15,380,11228,1135
26.02.15,484,10940,1272
25.02.15,493,11391,1498
24.02.15,467,11505,1653
23.02.15,404,10421,1382
22.02.15,376,10543,1223
21.02.15,360,10712,1031
20.02.15,414,11277,1069
19.02.15,401,11462,1164
18.02.15,433,10814,1221
17.02.15,459,11016,1237
16.02.15,460,10656,1353
15.02.15,420,10754,1476
14.02.15,399,9169,1437
13.02.15,470,11084,1172
12.02.15,459,10593,1120
11.02.15,428,10889,1022
10.02.15,422,10887,1097
09.02.15,396,10493,1138
08.02.15,401,9188,1066
07.02.15,404,9243,1182
06.02.15,556,10088,1303
05.02.15,470,10399,1275
04.02.15,461,10056,1250
03.02.15,394,10158,1281
02.02.15,404,10018,1202
01.02.15,265,6923,1062
31.01.15,372,8911,1453
30.01.15,429,9955,1737
29.01.15,438,10680,1638
28.01.15,382,11005,1645
27.01.15,470,10786,1644
26.01.15,498,12137,1687
25.01.15,420,10796,1573
24.01.15,313,7619,1423
23.01.15,635,9703,1781
22.01.15,0,0,0
21.01.15,438,9774,328
20.01.15,482,11233,292
19.01.15,380,10634,309
18.01.15,334,9925,215
17.01.15,376,9541,247
16.01.15,397,11369,260
15.01.15,457,11533,295
14.01.15,504,13806,287
13.01.15,507,4197,419
12.01.15,442,11915,459
11.01.15,359,10573,331
10.01.15,298,10820,292
09.01.15,398,11608,258
08.01.15,371,11081,292
07.01.15,399,11183,273
06.01.15,437,11979,279
05.01.15,419,11827,294
04.01.15,421,11733,259
03.01.15,353,11439,331
02.01.15,359,10490,286
01.01.15,297,9080,207
31.12.14,363,8922,219
30.12.14,361,9460,301
29.12.14,382,9538,297
28.12.14,339,8350,222
27.12.14,327,8198,235
26.12.14,298,7688,229
25.12.14,274,6912,192
24.12.14,364,8451,231
23.12.14,381,9903,271
22.12.14,369,10031,285
21.12.14,387,8503,300
20.12.14,364,8233,277
19.12.14,403,9884,272
18.12.14,442,10509,376
17.12.14,448,11248,307
16.12.14,390,10199,286
15.12.14,422,9875,285
14.12.14,331,8947,258
13.12.14,342,9420,297
12.12.14,356,10727,295
11.12.14,386,10490,303
10.12.14,375,10367,289
09.12.14,415,10347,267
08.12.14,362,9980,275
07.12.14,343,8946,240
06.12.14,326,9250,244
05.12.14,375,9937,229
04.12.14,357,10253,299
03.12.14,393,10297,239
02.12.14,396,10092,318
01.12.14,354,9560,253
30.11.14,330,8848,231
29.11.14,307,8570,245
28.11.14,367,8778,266
27.11.14,362,9834,273
26.11.14,401,10371,344
25.11.14,403,10906,296
24.11.14,393,10366,261
23.11.14,351,9247,224
22.11.14,364,8770,221
21.11.14,354,9656,254
20.11.14,379,10543,228
19.11.14,394,10271,310
18.11.14,383,10839,326
17.11.14,409,10758,272
16.11.14,357,9010,244
15.11.14,311,9184,253
14.11.14,317,9512,248
13.11.14,422,11457,282
12.11.14,409,12017,283
11.11.14,405,11393,308
10.11.14,394,10250,257
09.11.14,325,8964,208
08.11.14,322,9809,258
07.11.14,419,11046,266
06.11.14,368,11122,278
05.11.14,361,11061,314
04.11.14,392,11306,315
03.11.14,407,11061,307
02.11.14,365,9733,220
01.11.14,282,9025,204
31.10.14,399,10941,270
30.10.14,427,12529,277
29.10.14,363,12719,261
28.10.14,362,11602,253
27.10.14,407,10834,277
26.10.14,321,10180,272
25.10.14,348,10144,244
24.10.14,355,11298,250
23.10.14,427,12306,245
22.10.14,404,12323,286
21.10.14,412,12981,272
20.10.14,402,12167,268
19.10.14,303,9390,218
18.10.14,298,9899,226
17.10.14,353,11094,299
16.10.14,386,11778,304
15.10.14,457,12680,310
14.10.14,441,12657,297
13.10.14,416,12020,353
12.10.14,290,10470,269
11.10.14,367,10530,270
10.10.14,384,11287,264
09.10.14,375,12148,274
08.10.14,438,12184,330
07.10.14,459,13239,269
06.10.14,513,12746,239
05.10.14,362,12216,205
04.10.14,360,11652,214
03.10.14,417,13051,247
02.10.14,434,11938,290
01.10.14,412,12297,279
30.09.14,446,12801,298
29.09.14,495,12977,317
28.09.14,430,12182,261
27.09.14,380,10874,251
26.09.14,481,12988,296
25.09.14,479,13440,333
24.09.14,408,13253,315
23.09.14,504,14739,345
22.09.14,464,13577,335
21.09.14,413,12008,310
20.09.14,398,11672,303
19.09.14,510,13242,316
18.09.14,553,14780,357
17.09.14,515,15103,338
16.09.14,492,15326,351
15.09.14,518,14435,405
14.09.14,414,12428,415
13.09.14,474,12336,289
12.09.14,463,14043,330
11.09.14,505,15160,367
10.09.14,522,15587,387
09.09.14,527,16124,380
08.09.14,466,15702,331
07.09.14,424,14002,314
06.09.14,408,13545,392
05.09.14,438,14685,360
04.09.14,524,16788,397
03.09.14,496,15467,345
02.09.14,530,15266,342
01.09.14,483,14372,378
31.08.14,425,13680,295
30.08.14,469,12311,287
29.08.14,483,13707,329
28.08.14,515,14540,380
27.08.14,501,14670,451
26.08.14,535,14676,345
25.08.14,511,14504,389
24.08.14,401,12907,358
23.08.14,391,12756,303
22.08.14,507,15787,374
21.08.14,537,15554,356
20.08.14,589,17398,376
19.08.14,562,18155,397
18.08.14,597,19458,401
17.08.14,445,17503,357
16.08.14,470,15759,307
15.08.14,482,15988,329
14.08.14,590,17222,377
13.08.14,536,18588,407
12.08.14,524,17950,409
11.08.14,492,16882,443
10.08.14,410,15719,367
09.08.14,437,14121,328
08.08.14,502,16729,346
07.08.14,494,17398,386
06.08.14,524,17507,400
05.08.14,510,16406,401
04.08.14,495,16306,458
03.08.14,434,14381,321
02.08.14,432,14302,381
01.08.14,498,16273,385
31.07.14,519,17162,322
30.07.14,493,17569,361
29.07.14,477,16547,338
28.07.14,528,18810,344
27.07.14,390,15114,272
26.07.14,378,14670,285
25.07.14,507,16608,430
24.07.14,478,16770,363
23.07.14,469,16489,326
22.07.14,503,17081,363
21.07.14,520,16600,329
20.07.14,392,14135,306
19.07.14,388,13447,287
18.07.14,445,15493,353
17.07.14,479,16808,362
16.07.14,480,18060,373
15.07.14,494,18404,368
14.07.14,510,19181,369
13.07.14,420,16246,300
12.07.14,415,15337,272
11.07.14,485,18718,351
10.07.14,466,17932,378
09.07.14,486,16117,377
08.07.14,481,17908,429
07.07.14,450,16939,352
06.07.14,393,14420,291
05.07.14,361,13720,322
04.07.14,422,15684,319
03.07.14,539,17874,413
02.07.14,531,18625,623
01.07.14,571,19346,541
30.06.14,482,20558,546
29.06.14,389,16962,344
28.06.14,392,16720,300
27.06.14,443,18624,389
26.06.14,484,19035,435
25.06.14,519,19808,370
24.06.14,475,20554,568
23.06.14,487,18475,394
22.06.14,378,16190,278
21.06.14,441,16558,338
20.06.14,428,19400,316
19.06.14,481,17727,486
18.06.14,508,18279,583
17.06.14,478,18642,443
16.06.14,498,18609,446
15.06.14,410,17835,417
14.06.14,358,16293,349
13.06.14,535,18675,315
12.06.14,521,19778,432
11.06.14,562,19551,390
10.06.14,517,18942,378
09.06.14,458,17671,373
08.06.14,452,15938,424
07.06.14,404,15109,360
06.06.14,480,17226,392
05.06.14,611,19632,383
04.06.14,551,18518,377
03.06.14,510,19513,459
02.06.14,487,17774,357
01.06.14,461,18692,310
31.05.14,453,16688,418
30.05.14,425,20686,534
29.05.14,528,22144,532
28.05.14,480,21714,440
27.05.14,510,21691,446
26.05.14,440,20838,456
25.05.14,435,18762,283
24.05.14,395,16346,328
23.05.14,528,19776,404
22.05.14,537,19716,389
21.05.14,532,19823,412
20.05.14,556,20164,513
19.05.14,459,18892,414
18.05.14,378,16327,318
17.05.14,395,16817,459
16.05.14,501,18656,449
15.05.14,526,19749,433
14.05.14,526,18760,524
13.05.14,533,18098,515
12.05.14,526,18720,472
11.05.14,448,17137,614
10.05.14,454,19104,656
09.05.14,530,19780,460
08.05.14,530,20037,542
07.05.14,526,19346,600
06.05.14,516,18929,555
05.05.14,507,16744,410
04.05.14,459,15172,480
03.05.14,461,16100,413
02.05.14,475,15203,382
01.05.14,522,17442,413
30.04.14,566,18210,403
29.04.14,524,17577,499
28.04.14,515,17303,677
27.04.14,411,16367,488
26.04.14,480,14578,854
25.04.14,497,17511,613
24.04.14,556,18295,649
23.04.14,504,16688,510
22.04.14,570,16622,445
21.04.14,503,14457,508
20.04.14,388,13353,705
19.04.14,423,13630,500
18.04.14,484,14592,442
17.04.14,577,16678,464
16.04.14,550,17705,474
15.04.14,529,17502,472
14.04.14,507,16519,430
13.04.14,432,13882,635
12.04.14,471,12363,1304
11.04.14,516,14803,975
10.04.14,594,16102,1763
09.04.14,539,15004,509
08.04.14,615,15576,387
07.04.14,503,14909,369
06.04.14,397,12743,475
05.04.14,427,13270,525
04.04.14,552,15801,499
03.04.14,639,17408,488
02.04.14,619,18044,509
01.04.14,562,15618,377
31.03.14,575,17088,469
30.03.14,522,17694,520
29.03.14,542,16061,786
28.03.14,625,18815,698
27.03.14,674,18331,609
26.03.14,735,19985,740
25.03.14,715,19255,684
24.03.14,581,18009,563
23.03.14,607,16715,561
22.03.14,518,16760,881
21.03.14,701,18459,861
20.03.14,638,18969,675
19.03.14,668,19934,2530
18.03.14,613,19235,1657
17.03.14,648,17879,1395
16.03.14,594,16824,1211
15.03.14,615,16620,859
14.03.14,681,18064,593
13.03.14,711,17490,664
12.03.14,719,17354,741
11.03.14,805,18198,717
10.03.14,739,18932,10104
09.03.14,589,17377,5314
08.03.14,596,17405,4543
07.03.14,760,20360,2239
06.03.14,874,21720,1937
05.03.14,788,20805,755
04.03.14,864,22716,671
03.03.14,821,20142,651
02.03.14,645,17950,545
01.03.14,765,18332,627
28.02.14,823,20202,625
27.02.14,772,20582,655
26.02.14,902,21404,710
25.02.14,1144,25623,851
24.02.14,836,22353,644
23.02.14,667,18037,555
22.02.14,666,17555,545
21.02.14,824,19982,680
20.02.14,883,23225,742
19.02.14,813,20246,812
18.02.14,792,18435,764
17.02.14,785,20500,774
16.02.14,837,20286,825
15.02.14,788,16758,789
14.02.14,927,20602,750
13.02.14,812,19893,707
12.02.14,946,20416,794
11.02.14,942,22453,885
10.02.14,912,22224,778
09.02.14,755,18839,829
08.02.14,731,18665,1594
07.02.14,886,22824,1918
06.02.14,750,22066,1830
05.02.14,751,21286,1256
04.02.14,815,20004,1104
03.02.14,731,18457,1051
02.02.14,696,18946,1139
01.02.14,695,18161,842
31.01.14,738,17459,771
30.01.14,820,19462,817
29.01.14,920,20777,850
28.01.14,831,20872,1045
27.01.14,969,23458,1119
26.01.14,760,23905,989
25.01.14,719,20712,858
24.01.14,845,22756,952
23.01.14,846,21250,1001
22.01.14,833,21873,965
21.01.14,877,22433,894
20.01.14,891,21438,819
19.01.14,753,19605,811
18.01.14,725,17081,604
17.01.14,809,17995,793
16.01.14,930,19137,745
15.01.14,872,19622,708
14.01.14,1000,20448,815
13.01.14,872,20222,809
12.01.14,823,18597,851
11.01.14,799,17883,805
10.01.14,983,20133,824
09.01.14,992,20381,830
08.01.14,1048,22058,1252
07.01.14,1004,21737,1011
06.01.14,1015,19836,971
05.01.14,904,18819,754
04.01.14,887,19235,783
03.01.14,887,17592,750
02.01.14,954,17462,740
01.01.14,764,15875,689
31.12.13,911,17374,723
30.12.13,894,17697,936
29.12.13,853,16754,855
28.12.13,794,16764,775
27.12.13,855,17046,1038
26.12.13,753,16522,908
25.12.13,684,14309,862
24.12.13,792,17132,1159
23.12.13,909,16205,947
22.12.13,720,13762,904
21.12.13,714,13361,1054
20.12.13,851,15420,1372
19.12.13,851,16398,1092
18.12.13,889,16495,1044
17.12.13,867,15705,1102
16.12.13,853,16566,1122
15.12.13,723,14516,1105
14.12.13,742,13419,897
13.12.13,815,14139,969
12.12.13,859,13436,944
11.12.13,945,14910,1189
10.12.13,851,14868,1140
09.12.13,872,14300,1090
08.12.13,747,12461,993
07.12.13,743,13443,929
06.12.13,926,14475,1167
05.12.13,933,15034,1267
04.12.13,969,14324,1427
03.12.13,843,13545,1377
02.12.13,537,6605,763
01.12.13,414,6645,625
30.11.13,869,13622,1417
29.11.13,850,13922,1425
28.11.13,1074,14842,1276
27.11.13,977,15358,1121
26.11.13,880,14583,967
25.11.13,706,12101,923
24.11.13,635,10997,806
23.11.13,637,10833,803
22.11.13,685,11138,898
21.11.13,714,11762,838
20.11.13,721,12101,836
19.11.13,895,14102,904
18.11.13,886,13809,743
17.11.13,625,10406,458
16.11.13,523,9982,426
15.11.13,523,11053,419
14.11.13,550,11089,452
13.11.13,521,10829,465
12.11.13,579,10398,421
11.11.13,573,9712,430
10.11.13,566,8730,354
09.11.13,508,9494,373
08.11.13,558,11043,470
07.11.13,583,11026,438
06.11.13,542,9838,350
05.11.13,514,10081,365
04.11.13,448,8873,332
03.11.13,387,7822,322
02.11.13,368,6691,299
01.11.13,354,6866,352
31.10.13,424,7394,400
30.10.13,359,7525,377
29.10.13,385,7698,296
28.10.13,347,6724,351
27.10.13,326,6157,302
26.10.13,307,5298,252
25.10.13,319,6731,0
24.10.13,342,7638,0
23.10.13,345,7428,0
22.10.13,325,7608,0
21.10.13,289,6491,0
20.10.13,288,5697,0
19.10.13,285,5526,0
18.10.13,271,6522,0
17.10.13,262,6346,0
16.10.13,315,6973,0
15.10.13,254,6499,0
14.10.13,261,6220,0
13.10.13,231,5354,0
12.10.13,217,5002,0
11.10.13,268,6224,0
10.10.13,276,6420,50
09.10.13,365,6827,140
08.10.13,385,6755,207
07.10.13,371,6751,223
06.10.13,0,0,0
05.10.13,0,0,0
04.10.13,0,0,0
03.10.13,12,177,5
02.10.13,322,8301,169
01.10.13,303,7720,155
30.09.13,260,8182,159
29.09.13,266,7222,157
28.09.13,252,6329,189
27.09.13,349,7636,149
26.09.13,288,7746,168
25.09.13,348,7473,188
24.09.13,350,7163,192
23.09.13,315,7663,203
22.09.13,321,6387,134
21.09.13,242,5291,129
20.09.13,299,7818,162
19.09.13,332,7406,188
18.09.13,376,7961,208
17.09.13,349,8016,192
16.09.13,335,7060,159
15.09.13,337,6687,140
14.09.13,302,7374,129
13.09.13,343,7178,155
12.09.13,338,7971,188
11.09.13,343,7049,172
10.09.13,392,7733,212
09.09.13,353,7728,179
08.09.13,320,6111,151
07.09.13,285,5954,140
06.09.13,287,6533,144
05.09.13,326,7509,167
04.09.13,403,8109,223
03.09.13,370,7535,212
02.09.13,344,8074,197
01.09.13,302,7061,170
31.08.13,332,6702,230
30.08.13,333,7101,177
29.08.13,342,7895,204
28.08.13,377,8974,197
27.08.13,334,7189,204
26.08.13,328,6782,197
25.08.13,283,6326,141
24.08.13,245,5876,144
23.08.13,274,6179,190
22.08.13,344,6539,218
21.08.13,311,7256,207
20.08.13,378,8046,209
19.08.13,360,7306,178
18.08.13,300,5833,166
17.08.13,263,5829,159
16.08.13,313,6187,161
15.08.13,358,6608,170
14.08.13,374,7457,193
13.08.13,335,7145,193
12.08.13,378,7121,246
11.08.13,302,6257,170
10.08.13,310,5591,141
09.08.13,311,7482,160
08.08.13,318,7090,165
07.08.13,328,6901,235
06.08.13,341,6481,183
05.08.13,320,6579,196
04.08.13,249,5158,147
03.08.13,231,5182,171
02.08.13,292,6523,178
01.08.13,355,6770,522
31.07.13,328,7916,191
30.07.13,352,6345,264
29.07.13,269,6424,261
28.07.13,279,5771,188
27.07.13,269,5135,200
26.07.13,309,6304,225
25.07.13,391,6943,284
24.07.13,306,6705,213
23.07.13,372,7820,336
22.07.13,365,6988,415
21.07.13,293,5848,149
20.07.13,284,5282,182
19.07.13,276,6567,206
18.07.13,362,7112,237
17.07.13,316,6919,232
16.07.13,324,6570,221
15.07.13,368,7149,219
14.07.13,292,6237,166
13.07.13,291,6330,231
12.07.13,424,8371,212
11.07.13,408,7491,259
10.07.13,404,8202,227
09.07.13,461,8427,242
08.07.13,366,8395,268
07.07.13,308,6747,215
06.07.13,298,5882,204
05.07.13,419,7857,249
04.07.13,412,7717,286
03.07.13,418,9243,256
02.07.13,427,8936,329
01.07.13,423,8758,246
30.06.13,335,6793,269
29.06.13,343,7200,242
28.06.13,486,9151,311
27.06.13,503,9272,281
26.06.13,462,9876,281
25.06.13,401,8861,294
24.06.13,488,9389,395
23.06.13,376,8141,280
22.06.13,410,8056,228
21.06.13,472,9226,320
20.06.13,446,10739,256
19.06.13,487,10553,342
18.06.13,586,10455,313
17.06.13,476,9298,274
16.06.13,450,8271,204
15.06.13,437,7992,255
14.06.13,471,9856,327
13.06.13,465,12030,246
12.06.13,455,11652,311
11.06.13,479,10112,296
10.06.13,473,9808,361
09.06.13,505,9786,411
08.06.13,434,8748,295
07.06.13,562,10932,309
06.06.13,577,11438,358
05.06.13,572,10763,325
04.06.13,535,10457,359
03.06.13,535,9687,417
02.06.13,519,9166,440
01.06.13,451,9599,373
31.05.13,502,10651,368
30.05.13,622,11236,360
29.05.13,618,11977,339
28.05.13,536,10267,449
27.05.13,606,11025,366
26.05.13,475,8785,287
25.05.13,556,9338,311
24.05.13,599,10781,347
23.05.13,628,10428,348
22.05.13,618,11532,418
21.05.13,690,11844,431
20.05.13,612,11860,407
19.05.13,626,9450,314
18.05.13,612,9375,326
17.05.13,694,11379,351
16.05.13,727,12676,459
15.05.13,680,11897,936
14.05.13,772,13290,358
13.05.13,623,10737,371
12.05.13,537,10172,364
11.05.13,687,11522,412
10.05.13,698,11623,657
09.05.13,700,13218,1270
08.05.13,738,13842,868
07.05.13,696,11368,755
06.05.13,668,12768,585
05.05.13,705,10928,556
04.05.13,588,10494,842
03.05.13,579,9358,482
02.05.13,723,11093,803
01.05.13,627,9821,372
30.04.13,563,9372,410
29.04.13,518,9810,869
28.04.13,490,7890,583
27.04.13,471,7277,634
26.04.13,608,9300,535
25.04.13,645,10155,574
24.04.13,716,10630,671
23.04.13,622,9638,617
22.04.13,586,8922,521
21.04.13,573,8535,448
20.04.13,516,8352,511
19.04.13,683,10232,523
18.04.13,637,10215,628
17.04.13,655,10579,638
16.04.13,647,10173,645
15.04.13,638,8937,659
14.04.13,460,6959,541
13.04.13,612,9002,692
12.04.13,879,13054,913
11.04.13,953,12412,924
10.04.13,818,10374,759
09.04.13,850,11262,809
08.04.13,727,9668,713
07.04.13,566,7286,527
06.04.13,574,6979,496
05.04.13,625,8216,602
04.04.13,669,8600,610
03.04.13,797,9850,702
02.04.13,541,7568,505
01.04.13,502,6615,453
31.03.13,330,4730,291
30.03.13,361,4991,342
29.03.13,418,5706,368
28.03.13,500,6754,369
27.03.13,475,6801,401
26.03.13,401,6486,309
25.03.13,431,6368,321
24.03.13,355,4701,249
23.03.13,317,4519,283
22.03.13,357,5382,280
21.03.13,388,5525,322
20.03.13,397,5449,281
19.03.13,343,5059,266
18.03.13,244,3696,177
17.03.13,212,3428,171
16.03.13,191,2951,141
15.03.13,223,3484,154
14.03.13,269,3901,191
13.03.13,301,4042,206
12.03.13,333,5105,218
11.03.13,279,3813,200
10.03.13,222,3652,166
09.03.13,222,3435,158
08.03.13,262,3902,172
07.03.13,310,5001,199
06.03.13,326,5147,245
05.03.13,286,4796,212
04.03.13,206,3410,208
03.03.13,216,3171,140
02.03.13,187,3403,153
01.03.13,252,3585,165
28.02.13,233,4005,140
27.02.13,193,2881,177
26.02.13,173,3295,150
25.02.13,173,2610,125
24.02.13,167,2652,109
23.02.13,185,2788,134
22.02.13,202,3693,193
21.02.13,170,3525,170
20.02.13,172,3035,164
19.02.13,176,3157,152
18.02.13,154,2719,167
17.02.13,139,1954,124
16.02.13,107,1538,86
15.02.13,168,2963,117
14.02.13,184,3214,138
13.02.13,157,2641,114
12.02.13,179,2784,108
11.02.13,185,2433,129
10.02.13,143,2339,90
09.02.13,137,2139,84
08.02.13,116,2180,102
07.02.13,155,2295,112
06.02.13,117,2242,128
05.02.13,148,2586,106
04.02.13,141,2285,111
03.02.13,143,2202,81
02.02.13,143,428,126
01.02.13,152,2229,95
31.01.13,166,2933,150
30.01.13,145,2478,123
29.01.13,158,2644,122
28.01.13,147,2385,116
27.01.13,185,2146,98
26.01.13,122,2080,98
25.01.13,148,2567,103
24.01.13,166,2854,130
23.01.13,136,2454,154
22.01.13,140,2770,119
21.01.13,136,2167,128
20.01.13,122,2025,72
19.01.13,118,1727,76
18.01.13,108,2029,112
17.01.13,146,2471,102
16.01.13,142,2234,111
15.01.13,114,1978,120
14.01.13,130,2219,94
13.01.13,106,1947,75
12.01.13,107,1801,68
11.01.13,105,1655,109
10.01.13,119,2116,106
09.01.13,149,2197,110
08.01.13,115,2214,89
07.01.13,105,1767,88
06.01.13,116,1828,91
05.01.13,127,1738,84
04.01.13,127,1848,94
03.01.13,122,1901,95
02.01.13,105,1750,92
01.01.13,90,1240,55
31.12.12,82,1440,87
30.12.12,89,1444,83
29.12.12,88,1347,83
28.12.12,102,1392,92
27.12.12,96,1481,106
26.12.12,102,1428,90
25.12.12,78,1086,65
24.12.12,74,1310,72
23.12.12,79,1454,59
22.12.12,90,1572,72
21.12.12,117,1814,86
20.12.12,105,2171,85
19.12.12,143,2241,99
18.12.12,127,2086,101
17.12.12,109,2033,101
16.12.12,85,1576,81
15.12.12,93,1862,76
14.12.12,125,2060,118
13.12.12,154,2399,123
12.12.12,146,2470,97
11.12.12,119,2398,108
10.12.12,112,2148,106
09.12.12,101,1782,80
08.12.12,98,1764,66
07.12.12,130,2278,83
06.12.12,139,2393,106
05.12.12,140,2411,111
04.12.12,101,2435,89
03.12.12,113,2080,98
02.12.12,88,1933,62
01.12.12,77,1704,81
30.11.12,124,2600,96
29.11.12,120,2385,71
28.11.12,148,3327,109
27.11.12,136,2564,95
26.11.12,110,2263,88
25.11.12,115,1791,72
24.11.12,92,1599,85
23.11.12,92,1641,110
22.11.12,77,1706,94
21.11.12,113,2011,85
20.11.12,139,2295,96
19.11.12,130,2277,98
18.11.12,128,1959,81
17.11.12,97,1863,88
16.11.12,151,2423,91
15.11.12,137,1988,71
14.11.12,96,1968,84
13.11.12,117,1890,90
12.11.12,92,1818,87
11.11.12,66,1433,60
10.11.12,89,1493,70
09.11.12,124,1940,96
08.11.12,107,2009,112
07.11.12,111,2141,95
06.11.12,105,2213,107
05.11.12,106,1801,122
04.11.12,82,1362,67
03.11.12,89,1606,86
02.11.12,118,2055,107
01.11.12,123,2017,95
31.10.12,98,1776,87
30.10.12,98,2051,103
29.10.12,128,1972,111
28.10.12,93,1749,56
27.10.12,111,1892,87
26.10.12,115,2293,101
25.10.12,125,2229,115
24.10.12,114,2351,98
23.10.12,135,2482,118
22.10.12,121,2395,136
21.10.12,112,2012,111
20.10.12,105,2147,107
19.10.12,152,2471,124
18.10.12,104,2365,110
17.10.12,136,2480,145
16.10.12,135,2599,156
15.10.12,128,2128,169
14.10.12,102,2069,72
13.10.12,109,1949,103
12.10.12,135,2348,143
11.10.12,127,2594,135
10.10.12,149,2812,99
09.10.12,130,3035,102
08.10.12,123,3054,78
07.10.12,135,3044,63
06.10.12,131,2929,66
05.10.12,117,2467,100
04.10.12,125,2895,79
03.10.12,151,2780,78
02.10.12,152,2887,68
01.10.12,158,3034,80
30.09.12,111,2295,54
29.09.12,137,2518,65
28.09.12,161,2900,86
27.09.12,177,3120,80
26.09.12,127,2774,75
25.09.12,147,3127,83
24.09.12,142,2661,67
23.09.12,118,2053,47
22.09.12,120,2222,92
21.09.12,143,2806,77
20.09.12,137,2759,69
19.09.12,183,3028,95
18.09.12,164,2922,99
17.09.12,118,2672,82
16.09.12,157,2557,70
15.09.12,134,2330,77
14.09.12,160,2783,82
13.09.12,132,2902,102
12.09.12,127,2984,92
11.09.12,187,3784,93
10.09.12,164,3702,132
09.09.12,171,3652,67
08.09.12,138,2955,73
07.09.12,158,2984,69
06.09.12,162,2837,81
05.09.12,131,2762,83
04.09.12,113,2587,75
03.09.12,128,2472,70
02.09.12,117,2246,57
01.09.12,101,2278,51
31.08.12,142,3012,76
30.08.12,162,3152,74
29.08.12,177,3490,90
28.08.12,145,2813,82
27.08.12,154,3098,88
26.08.12,128,2345,66
25.08.12,126,2175,63
24.08.12,181,2954,71
23.08.12,168,3132,101
22.08.12,161,3166,106
21.08.12,169,3643,80
20.08.12,154,3280,79
19.08.12,172,3154,97
18.08.12,146,2450,73
17.08.12,194,3696,105
16.08.12,150,2565,83
15.08.12,118,2436,70
14.08.12,125,2623,83
13.08.12,151,2216,83
12.08.12,129,1847,65
11.08.12,116,1796,55
10.08.12,123,1957,43
09.08.12,179,2586,84
08.08.12,146,2358,89
07.08.12,141,2287,89
06.08.12,108,2081,54
05.08.12,93,1945,52
04.08.12,98,1632,61
03.08.12,163,2326,82
02.08.12,144,2822,71
01.08.12,142,2753,80
31.07.12,116,2807,74
30.07.12,129,2393,70
29.07.12,154,2310,61
28.07.12,104,2188,61
27.07.12,142,2248,78
26.07.12,155,2867,83
25.07.12,116,2382,81
24.07.12,118,2531,67
23.07.12,107,2241,53
22.07.12,75,1484,57
21.07.12,95,1919,74
20.07.12,109,1961,50
19.07.12,114,2219,87
18.07.12,138,2350,74
17.07.12,106,2038,50
16.07.12,112,2184,61
15.07.12,85,1705,60
14.07.12,110,2189,73
13.07.12,124,2625,65
12.07.12,151,2198,84
11.07.12,111,1984,82
10.07.12,136,2473,65
09.07.12,90,2143,57
08.07.12,91,2076,46
07.07.12,107,1826,79
06.07.12,99,2100,49
05.07.12,88,2369,86
04.07.12,104,2292,60
03.07.12,134,2450,90
02.07.12,112,2118,80
01.07.12,76,1646,52
30.06.12,97,1826,59
29.06.12,115,2038,64
28.06.12,108,1890,55
27.06.12,138,2510,76
26.06.12,121,2279,64
25.06.12,167,2593,74
24.06.12,112,2424,55
23.06.12,144,2130,55
22.06.12,143,2137,88
21.06.12,128,2444,90
20.06.12,135,2584,73
19.06.12,142,2857,74
18.06.12,129,2596,70
17.06.12,103,1901,36
16.06.12,163,2304,76
15.06.12,145,2494,65
14.06.12,147,2616,85
13.06.12,103,2585,70
12.06.12,146,2293,88
11.06.12,144,2203,74
10.06.12,153,1940,62
09.06.12,135,1913,80
08.06.12,149,2234,68
07.06.12,189,2382,75
06.06.12,166,2011,76
05.06.12,125,2198,70
04.06.12,205,2160,91
03.06.12,161,1743,59
02.06.12,138,1602,43
01.06.12,133,2158,65
31.05.12,85,2016,49
30.05.12,102,2398,69
29.05.12,103,1901,83
28.05.12,88,1812,74
27.05.12,79,1524,42
26.05.12,91,1510,61
25.05.12,91,2240,71
24.05.12,94,2444,74
23.05.12,144,2284,87
22.05.12,138,2181,78
21.05.12,116,1970,71
20.05.12,102,1667,47
19.05.12,73,1297,61
18.05.12,127,1835,62
17.05.12,122,2045,69
16.05.12,134,1996,59
15.05.12,107,1859,65
14.05.12,121,1967,67
13.05.12,100,1651,40
12.05.12,117,1697,57
11.05.12,208,2118,80
10.05.12,328,2288,70
09.05.12,240,1962,75
08.05.12,108,1699,80
07.05.12,105,1699,64
06.05.12,76,1248,43
05.05.12,95,1334,60
04.05.12,101,1842,65
03.05.12,80,1549,65
02.05.12,106,1789,68
01.05.12,111,1703,62
30.04.12,85,1505,62
29.04.12,74,1302,44
28.04.12,76,1486,63
27.04.12,81,1487,88
26.04.12,74,1544,91
25.04.12,77,1494,73
24.04.12,85,1835,81
23.04.12,81,1557,93
22.04.12,75,1234,39
21.04.12,79,1317,48
20.04.12,87,1735,75
19.04.12,94,1804,68
18.04.12,96,2003,78
17.04.12,88,1668,81
16.04.12,101,1600,82
15.04.12,75,1266,52
14.04.12,69,1144,51
13.04.12,97,1450,56
12.04.12,98,1516,69
11.04.12,85,1706,101
10.04.12,88,1853,82
09.04.12,99,1697,72
08.04.12,70,1297,57
07.04.12,76,1453,71
06.04.12,82,1614,72
05.04.12,85,1802,58
04.04.12,96,1674,78
03.04.12,78,1714,85
02.04.12,83,1552,65
01.04.12,70,1338,37
31.03.12,71,1392,56
30.03.12,79,1608,67
29.03.12,72,1550,92
28.03.12,91,1828,69
27.03.12,90,2006,104
26.03.12,91,1927,84
25.03.12,70,1360,54
24.03.12,61,1341,79
23.03.12,75,1505,93
22.03.12,75,1583,79
21.03.12,86,1519,67
20.03.12,114,1910,78
19.03.12,103,1744,81
18.03.12,78,1199,44
17.03.12,70,1292,57
16.03.12,96,1821,66
15.03.12,101,2012,63
14.03.12,75,1728,68
13.03.12,94,2096,77
12.03.12,100,1943,55
11.03.12,71,1590,46
10.03.12,78,1456,56
09.03.12,87,1845,74
08.03.12,109,1950,66
07.03.12,97,2049,62
06.03.12,116,2038,68
05.03.12,120,1797,69
04.03.12,86,1377,38
03.03.12,82,1466,52
02.03.12,121,2543,67
01.03.12,106,2059,87
29.02.12,75,1676,65
28.02.12,72,1705,56
27.02.12,127,1973,66
26.02.12,96,1845,45
25.02.12,81,1614,47
24.02.12,79,1755,66
23.02.12,110,1889,81
22.02.12,94,1650,80
21.02.12,57,1717,47
20.02.12,97,1851,75
19.02.12,96,1543,51
18.02.12,77,1604,61
17.02.12,78,1944,59
16.02.12,122,2081,80
15.02.12,109,1883,83
14.02.12,114,2345,82
13.02.12,106,1864,69
12.02.12,81,1543,47
11.02.12,70,1319,70
10.02.12,91,1757,81
09.02.12,109,1937,69
08.02.12,95,1988,71
07.02.12,88,1790,78
06.02.12,121,1709,84
05.02.12,86,1556,61
04.02.12,76,1433,78
03.02.12,86,1538,76
02.02.12,95,1740,90
01.02.12,89,1834,73
31.01.12,108,1859,75
30.01.12,100,1920,55
29.01.12,74,1747,64
28.01.12,88,1732,81
27.01.12,92,2295,63
26.01.12,102,2341,86
25.01.12,96,1878,55
24.01.12,82,1680,68
23.01.12,92,1659,55
22.01.12,84,1655,62
21.01.12,87,1668,55
20.01.12,97,1695,62
19.01.12,110,2149,77
18.01.12,147,2857,72
17.01.12,96,1981,62
16.01.12,89,2082,56
15.01.12,82,1502,68
14.01.12,96,1735,48
13.01.12,114,2048,61
12.01.12,94,1691,75
11.01.12,87,1793,88
10.01.12,99,1649,72
09.01.12,98,1764,79
08.01.12,85,1688,57
07.01.12,83,1390,50
06.01.12,131,2079,72
05.01.12,111,2130,99
04.01.12,71,1446,72
03.01.12,78,1303,68
02.01.12,89,1324,63
01.01.12,59,1121,31
31.12.11,77,1305,46
30.12.11,62,1166,51
29.12.11,67,1288,47
28.12.11,49,1052,54
27.12.11,70,1206,47
26.12.11,43,956,51
25.12.11,56,727,31
24.12.11,26,744,46
23.12.11,77,1080,51
22.12.11,77,1448,62
21.12.11,74,1282,45
20.12.11,102,1496,61
19.12.11,69,1256,68
18.12.11,44,805,25
17.12.11,46,734,42
16.12.11,56,946,48
15.12.11,62,1038,70
14.12.11,91,966,47
13.12.11,91,1067,74
12.12.11,57,1089,54
11.12.11,57,1106,35
10.12.11,49,720,48
09.12.11,51,1070,53
08.12.11,51,1058,82
07.12.11,76,1039,68
06.12.11,69,1012,74
05.12.11,50,865,66
04.12.11,49,789,62
03.12.11,56,885,44
02.12.11,77,1178,84
01.12.11,81,1480,89
30.11.11,79,1508,74
29.11.11,83,1308,85
28.11.11,53,1070,68
27.11.11,58,791,46
26.11.11,47,666,57
25.11.11,59,917,61
24.11.11,71,953,67
23.11.11,75,1201,70
22.11.11,67,1157,68
21.11.11,81,1213,70
20.11.11,44,938,57
19.11.11,72,1066,56
18.11.11,61,1179,54
17.11.11,71,1178,61
16.11.11,57,1103,80
15.11.11,70,1195,85
14.11.11,80,1372,65
13.11.11,57,997,61
12.11.11,67,1059,64
11.11.11,60,1241,66
10.11.11,106,1559,84
09.11.11,74,1273,72
08.11.11,63,1262,78
07.11.11,56,1063,68
06.11.11,72,896,47
05.11.11,50,884,45
04.11.11,58,1210,57
03.11.11,63,1222,82
02.11.11,78,1612,72
01.11.11,70,1343,73
31.10.11,70,1398,65
30.10.11,68,1177,71
29.10.11,83,1164,64
28.10.11,86,1467,62
27.10.11,73,1503,55
26.10.11,87,1681,60
25.10.11,67,1441,74
24.10.11,108,1724,65
23.10.11,77,1289,61
22.10.11,106,1481,72
21.10.11,83,1578,78
20.10.11,91,1796,107
19.10.11,94,2019,83
18.10.11,126,1905,104
17.10.11,106,1979,81
16.10.11,78,1294,54
15.10.11,83,1629,60
14.10.11,97,1604,54
13.10.11,83,2371,76
12.10.11,88,2189,71
11.10.11,96,2105,83
10.10.11,75,1570,79
09.10.11,76,1467,57
08.10.11,88,1506,66
07.10.11,89,1641,60
06.10.11,80,1576,65
05.10.11,89,1356,65
04.10.11,80,1462,41
03.10.11,87,1653,55
02.10.11,68,1173,39
01.10.11,66,1236,51
30.09.11,97,1402,50
29.09.11,98,1513,54
28.09.11,83,1496,48
27.09.11,92,1585,81
26.09.11,75,1732,68
25.09.11,65,1151,56
24.09.11,66,1300,66
23.09.11,84,1844,73
22.09.11,101,1830,80
21.09.11,89,1874,66
20.09.11,99,1783,64
19.09.11,99,1735,77
18.09.11,89,1648,67
17.09.11,90,1689,74
16.09.11,80,1738,80
15.09.11,116,1929,76
14.09.11,115,1780,84
13.09.11,128,2298,110
12.09.11,128,2191,117
11.09.11,119,1750,79
10.09.11,0,0,0
09.09.11,171,2477,68
08.09.11,126,2396,100
07.09.11,161,2511,128
06.09.11,208,3180,98
05.09.11,138,2460,109
04.09.11,131,2530,115
03.09.11,113,2162,103
02.09.11,142,2888,134
01.09.11,122,2713,127
31.08.11,177,2715,125
30.08.11,159,2796,110
29.08.11,137,2179,114
28.08.11,122,1893,97
27.08.11,120,1831,129
26.08.11,163,2366,146
25.08.11,209,2512,130
24.08.11,151,1909,142
23.08.11,137,2125,128
22.08.11,140,1877,139
21.08.11,125,1795,102
20.08.11,116,1671,92
19.08.11,167,2520,102
18.08.11,162,2441,141
17.08.11,162,2616,132
16.08.11,181,3053,111
15.08.11,140,2248,104
14.08.11,141,1943,94
13.08.11,133,1848,113
12.08.11,145,2520,134
11.08.11,176,2683,130
10.08.11,185,2612,132
09.08.11,196,2987,153
08.08.11,322,2940,120
07.08.11,245,3087,129
06.08.11,214,3016,118
05.08.11,185,3056,125
04.08.11,184,3410,149
03.08.11,222,3431,147
02.08.11,210,3273,151
01.08.11,176,2654,127
31.07.11,178,2896,119
30.07.11,136,2470,122
29.07.11,197,3369,131
28.07.11,188,3016,142
27.07.11,220,3225,173
26.07.11,191,3041,180
25.07.11,203,2999,173
24.07.11,166,2509,143
23.07.11,173,2679,145
22.07.11,172,3027,148
21.07.11,192,3100,150
20.07.11,229,3404,156
19.07.11,233,3621,163
18.07.11,207,3500,188
17.07.11,153,2808,148
16.07.11,189,3132,177
15.07.11,212,3533,176
14.07.11,223,3821,199
13.07.11,244,3760,215
12.07.11,283,3944,201
11.07.11,230,3966,204
10.07.11,187,3074,179
09.07.11,204,3216,174
08.07.11,205,4053,194
07.07.11,265,4560,201
06.07.11,224,4664,250
05.07.11,277,4574,206
04.07.11,283,4266,192
03.07.11,256,3529,174
02.07.11,252,3778,188
01.07.11,325,4375,255
30.06.11,326,4542,266
29.06.11,364,4568,299
28.06.11,419,5298,325
27.06.11,439,5184,330
26.06.11,340,5115,303
25.06.11,388,5548,315
24.06.11,382,5796,400
23.06.11,371,5679,378
22.06.11,426,6188,400
21.06.11,521,7289,515
20.06.11,485,7017,654
19.06.11,452,6280,757
18.06.11,407,5147,550
17.06.11,452,5511,666
16.06.11,450,5049,756
15.06.11,469,5005,497
14.06.11,394,4258,448
13.06.11,445,5236,629
12.06.11,560,6219,624
11.06.11,424,4948,462
10.06.11,467,5510,585
09.06.11,481,5532,712
08.06.11,547,5781,733
07.06.11,410,4895,494
06.06.11,377,4429,440
05.06.11,328,3763,400
04.06.11,313,3288,375
03.06.11,329,3710,408
02.06.11,288,3080,414
01.06.11,225,2510,348
31.05.11,222,2840,415
30.05.11,182,2361,242
29.05.11,134,2148,173
28.05.11,166,1854,186
27.05.11,161,2353,210
26.05.11,171,2480,245
25.05.11,181,2350,285
24.05.11,162,2127,253
23.05.11,161,2055,257
22.05.11,119,1678,199
21.05.11,121,1631,204
20.05.11,152,2036,289
19.05.11,161,2018,297
18.05.11,129,2190,219
17.05.11,181,2061,294
16.05.11,121,1351,228
15.05.11,107,1627,117
14.05.11,102,1382,149
13.05.11,120,1781,158
12.05.11,92,1498,165
11.05.11,111,1600,165
10.05.11,121,1669,137
09.05.11,138,1561,103
08.05.11,112,1396,98
07.05.11,73,1062,117
06.05.11,78,1161,118
05.05.11,103,1553,138
04.05.11,99,1429,122
03.05.11,76,1321,119
02.05.11,98,1373,135
01.05.11,80,1385,122
30.04.11,91,1268,109
29.04.11,73,1172,109
28.04.11,80,1369,108
27.04.11,69,940,110
26.04.11,65,990,97
25.04.11,78,1120,121
24.04.11,60,889,65
23.04.11,74,824,69
22.04.11,48,734,86
21.04.11,67,929,81
20.04.11,66,916,99
19.04.11,65,787,92
18.04.11,55,920,110
17.04.11,57,642,78
16.04.11,60,764,99
15.04.11,53,797,95
14.04.11,41,696,86
13.04.11,47,738,81
12.04.11,46,537,84
11.04.11,28,594,102
10.04.11,40,638,56
09.04.11,46,598,107
08.04.11,48,763,108
07.04.11,40,731,111
06.04.11,62,911,140
05.04.11,46,736,101
04.04.11,37,786,97
03.04.11,25,419,82
02.04.11,36,502,120
01.04.11,57,687,121
31.03.11,43,814,84
30.03.11,50,786,88
29.03.11,64,813,103
28.03.11,57,662,102
27.03.11,38,547,74
26.03.11,39,683,99
25.03.11,42,769,101
24.03.11,54,732,106
23.03.11,62,916,115
22.03.11,38,695,77
21.03.11,41,616,106
20.03.11,40,543,48
19.03.11,54,552,69
18.03.11,39,545,108
17.03.11,47,581,71
16.03.11,37,535,83
15.03.11,32,468,101
14.03.11,32,500,111
13.03.11,16,319,65
12.03.11,30,508,74
11.03.11,25,454,74
10.03.11,25,538,81
09.03.11,32,561,84
08.03.11,41,733,60
07.03.11,41,684,56
06.03.11,41,643,48
05.03.11,51,656,45
04.03.11,25,632,66
03.03.11,41,704,63
02.03.11,33,773,78
01.03.11,50,768,98
28.02.11,37,714,77
27.02.11,28,594,44
26.02.11,34,484,54
25.02.11,41,608,44
24.02.11,47,783,52
23.02.11,37,593,77
22.02.11,42,558,85
21.02.11,39,614,58
20.02.11,33,507,42
19.02.11,30,562,56
18.02.11,40,558,63
17.02.11,25,444,66
16.02.11,29,543,45
15.02.11,39,575,44
14.02.11,34,479,72
13.02.11,34,441,47
12.02.11,35,535,80
11.02.11,40,582,83
10.02.11,46,610,48
09.02.11,22,458,34
08.02.11,26,334,26
07.02.11,21,284,18
06.02.11,19,319,13
05.02.11,24,285,38
04.02.11,21,418,23
03.02.11,26,351,31
02.02.11,28,455,30
01.02.11,25,406,29
31.01.11,17,254,45
30.01.11,16,174,14
29.01.11,8,284,21
28.01.11,17,256,38
27.01.11,23,332,62
26.01.11,12,248,39
25.01.11,18,320,28
24.01.11,20,297,17
23.01.11,10,260,14
22.01.11,17,260,19
21.01.11,14,307,26
20.01.11,20,387,23
19.01.11,12,247,21
18.01.11,12,204,30
17.01.11,16,368,24
16.01.11,26,300,21
15.01.11,28,309,27
14.01.11,14,352,35
13.01.11,10,249,26
12.01.11,10,203,21
11.01.11,24,273,27
10.01.11,18,292,29
09.01.11,15,245,21
08.01.11,19,305,23
07.01.11,25,285,34
06.01.11,19,244,24
05.01.11,17,245,38
04.01.11,21,232,33
03.01.11,19,198,25
02.01.11,9,154,22
01.01.11,10,197,10
31.12.10,16,175,26
30.12.10,19,325,26
29.12.10,12,242,28
28.12.10,24,398,19
27.12.10,18,236,26
26.12.10,14,159,18
25.12.10,7,115,15
24.12.10,18,221,27
23.12.10,16,233,33
22.12.10,7,186,28
21.12.10,22,267,26
20.12.10,14,367,16
19.12.10,19,266,27
18.12.10,17,256,24
17.12.10,13,334,27
16.12.10,19,385,29
15.12.10,21,276,23
14.12.10,29,338,40
13.12.10,21,327,22
12.12.10,13,292,20
11.12.10,13,254,23
10.12.10,21,302,8
09.12.10,22,418,12
08.12.10,21,389,25
07.12.10,26,380,18
06.12.10,20,364,22
05.12.10,18,274,16
04.12.10,12,282,12
03.12.10,19,325,18
02.12.10,12,231,14
01.12.10,9,223,12
30.11.10,14,315,13
29.11.10,17,290,17
28.11.10,16,244,15
27.11.10,12,248,15
26.11.10,17,245,16
25.11.10,25,292,12
24.11.10,20,263,16
23.11.10,13,276,12
22.11.10,16,224,18
21.11.10,10,280,10
20.11.10,12,211,10
19.11.10,14,238,10
18.11.10,20,217,16
17.11.10,7,149,14
16.11.10,14,177,17
15.11.10,13,184,14
14.11.10,5,91,7
13.11.10,12,144,15
12.11.10,14,144,8
11.11.10,15,197,12
10.11.10,15,321,11
09.11.10,18,315,16
08.11.10,16,225,13
07.11.10,7,142,8
06.11.10,13,131,16
05.11.10,7,182,3
04.11.10,7,130,10
03.11.10,5,201,10
02.11.10,9,152,11
01.11.10,11,183,9
31.10.10,6,69,2
30.10.10,4,107,11
29.10.10,13,174,12
28.10.10,9,147,8
27.10.10,21,185,21
26.10.10,7,203,12
25.10.10,13,140,13
24.10.10,9,143,4
23.10.10,7,137,11
22.10.10,9,154,10
21.10.10,9,149,11
20.10.10,10,136,10
19.10.10,14,110,9
18.10.10,12,143,10
17.10.10,5,166,2
16.10.10,8,99,4
15.10.10,9,151,11
14.10.10,6,111,8
13.10.10,9,133,7
12.10.10,8,140,13
11.10.10,14,155,7
10.10.10,11,128,9
09.10.10,14,221,9
08.10.10,7,182,6
07.10.10,9,201,8
06.10.10,12,165,7
05.10.10,11,184,4
04.10.10,14,231,18
03.10.10,7,117,11
02.10.10,6,130,18
01.10.10,10,137,29
30.09.10,10,153,22
29.09.10,13,185,30
28.09.10,5,101,25
27.09.10,13,172,16
26.09.10,3,105,9
25.09.10,1,77,30
24.09.10,8,98,30
23.09.10,8,156,13
22.09.10,1,78,17
21.09.10,8,157,36
20.09.10,188,274,16
19.09.10,5,76,18
18.09.10,6,62,15
17.09.10,2,59,18
16.09.10,9,108,14
15.09.10,8,112,10
14.09.10,9,169,10
13.09.10,7,134,16
12.09.10,4,80,9
11.09.10,3,36,8
10.09.10,0,52,11
09.09.10,9,81,9
08.09.10,6,60,6
07.09.10,7,59,8
06.09.10,5,77,27
05.09.10,5,29,26
04.09.10,5,32,21
03.09.10,3,39,29
02.09.10,5,66,45
01.09.10,8,91,43
31.08.10,6,86,27
30.08.10,7,106,30
29.08.10,4,64,55
28.08.10,3,86,11
27.08.10,7,124,12
26.08.10,7,122,27
25.08.10,8,144,29
24.08.10,5,148,25
23.08.10,16,203,27
22.08.10,4,96,9
21.08.10,6,100,22
20.08.10,13,200,20
19.08.10,11,152,18
18.08.10,17,179,13
17.08.10,6,148,22
16.08.10,14,253,23
15.08.10,11,294,24
14.08.10,6,162,14
13.08.10,12,197,11
12.08.10,8,129,12
11.08.10,8,182,15
10.08.10,14,185,12
09.08.10,12,143,3
08.08.10,5,126,5
07.08.10,12,156,7
06.08.10,21,263,9
05.08.10,14,169,10
04.08.10,8,221,3
03.08.10,17,256,10
02.08.10,12,164,5
01.08.10,9,80,5
31.07.10,8,118,3
30.07.10,18,198,11
29.07.10,23,260,20
28.07.10,17,175,12
27.07.10,11,149,7
26.07.10,9,182,9
25.07.10,8,191,10
24.07.10,9,188,7
23.07.10,13,247,11
22.07.10,18,270,8
21.07.10,21,316,19
20.07.10,14,190,13
19.07.10,21,282,16
18.07.10,27,267,15
17.07.10,21,215,9