We	07/26/2017	2432.9951
Tu	07/25/2017	2468.5300
Mo	07/24/2017	2760.0049
		
Fr	07/21/2017	2640.5005
Th	07/20/2017	2729.3149
We	07/19/2017	2254.9976
Tu	07/18/2017	2348.4785
Mo	07/17/2017	2174.0200
		
Fr	07/14/2017	2159.0449
Th	07/13/2017	2337.6851
We	07/12/2017	2382.0176
Tu	07/11/2017	2328.9399
Mo	07/10/2017	2384.5415
		
Fr	07/07/2017	2514.8652
Th	07/06/2017	2597.6750
We	07/05/2017	2611.0859
Tu	07/04/2017	2575.5249
Mo	07/03/2017	2557.7451
		
Fr	06/30/2017	2502.5029
Th	06/29/2017	2558.2749
We	06/28/2017	2593.5801
Tu	06/27/2017	2457.4551
Mo	06/26/2017	2347.3149
		
Fr	06/23/2017	2707.6389
Th	06/22/2017	2671.6699
We	06/21/2017	2659.2744
Tu	06/20/2017	2749.6260
Mo	06/19/2017	2573.1719
		
Fr	06/16/2017	2484.6489
Th	06/15/2017	2361.3350
We	06/14/2017	2552.4751
Tu	06/13/2017	2701.5449
Mo	06/12/2017	2599.1621
		
Fr	06/09/2017	2834.4829
Th	06/08/2017	2749.4600
We	06/07/2017	2738.8750
Tu	06/06/2017	2871.1250
Mo	06/05/2017	2663.4966
		
Fr	06/02/2017	2430.8311
Th	06/01/2017	2410.5500
We	05/31/2017	2286.0950
Tu	05/30/2017	2249.9414
Mo	05/29/2017	2306.6099
		
Fr	05/26/2017	2268.6978
Th	05/25/2017	2465.5430
We	05/24/2017	2435.8840
Tu	05/23/2017	2216.1794
Mo	05/22/2017	2149.6299
		
Fr	05/19/2017	1938.0422
Th	05/18/2017	1883.0444
We	05/17/2017	1816.7317
Tu	05/16/2017	1769.4133
Mo	05/15/2017	1719.6267
		
Fr	05/12/2017	1691.8046
Th	05/11/2017	1820.8408
We	05/10/2017	1776.3440
Tu	05/09/2017	1712.1641
Mo	05/08/2017	1657.5535
		
Fr	05/05/2017	1529.4121
Th	05/04/2017	1502.2865
We	05/03/2017	1516.6914
Tu	05/02/2017	1439.4485
Mo	05/01/2017	1435.8943
		
Fr	04/28/2017	1304.9110
Th	04/27/2017	1347.9050
We	04/26/2017	1294.3015
Tu	04/25/2017	1281.4712
Mo	04/24/2017	1255.9125
		
Fr	04/21/2017	1242.7295
Th	04/20/2017	1240.0220
We	04/19/2017	1206.4497
Tu	04/18/2017	1204.6675
Mo	04/17/2017	1193.9377
		
Fr	04/14/2017	1183.5885
Th	04/13/2017	1170.0146
We	04/12/2017	1216.0701
Tu	04/11/2017	1226.6951
Mo	04/10/2017	1203.0994
		
Fr	04/07/2017	1199.2368
Th	04/06/2017	1199.1685
We	04/05/2017	1128.1299
Tu	04/04/2017	1138.8572
Mo	04/03/2017	1153.8298
		
Fr	03/31/2017	1074.6862
Th	03/30/2017	1035.4420
We	03/29/2017	1039.3177
Tu	03/28/2017	1030.1655
Mo	03/27/2017	1023.7273
		
Fr	03/24/2017	960.7375
Th	03/23/2017	1038.9038
We	03/22/2017	1009.3051
Tu	03/21/2017	1092.5565
Mo	03/20/2017	1023.7982
		
Fr	03/17/2017	1096.9136
Th	03/16/2017	1148.4961
We	03/15/2017	1251.5720
Tu	03/14/2017	1253.2083
Mo	03/13/2017	1237.4978
		
Fr	03/10/2017	1100.5601
Th	03/09/2017	1199.8551
We	03/08/2017	1165.1901
Tu	03/07/2017	1245.0000
Mo	03/06/2017	1277.6500
		
Fr	03/03/2017	1277.3945
Th	03/02/2017	1257.9401
We	03/01/2017	1225.3190
Tu	02/28/2017	1192.6982
Mo	02/27/2017	1194.2550
		
Fr	02/24/2017	1177.2845
Th	02/23/2017	1164.0955
We	02/22/2017	1129.3030
Tu	02/21/2017	1115.6725
Mo	02/20/2017	1064.1074
		
Fr	02/17/2017	1058.8552
Th	02/16/2017	1038.5389
We	02/15/2017	1015.4399
Tu	02/14/2017	1011.2650
Mo	02/13/2017	1002.4000
		
Fr	02/10/2017	1004.0300
Th	02/09/2017	977.3990
We	02/08/2017	1060.5450
Tu	02/07/2017	1052.1926
Mo	02/06/2017	1025.2900
		
Fr	02/03/2017	1011.6649
Th	02/02/2017	1010.1400
We	02/01/2017	979.3651
Tu	01/31/2017	961.6874
Mo	01/30/2017	922.7850
		
Fr	01/27/2017	919.9500
Th	01/26/2017	914.1902
We	01/25/2017	895.3405
Tu	01/24/2017	898.1910
Mo	01/23/2017	921.6376
		
Fr	01/20/2017	898.8550
Th	01/19/2017	907.3051
We	01/18/2017	875.7625
Tu	01/17/2017	898.9150
Mo	01/16/2017	833.0951
		
Fr	01/13/2017	830.6976
Th	01/12/2017	827.6300
We	01/11/2017	789.1077
Tu	01/10/2017	909.8099
Mo	01/09/2017	897.5100
		
Fr	01/06/2017	898.1633
Th	01/05/2017	971.2551
We	01/04/2017	1091.6550
Tu	01/03/2017	1024.3751
Mo	01/02/2017	1012.3450
		
Fr	12/30/2016	952.0094
Th	12/29/2016	968.0900
We	12/28/2016	967.3600
Tu	12/27/2016	931.7250
Mo	12/26/2016	898.2450
		
Fr	12/23/2016	904.4800
Th	12/22/2016	861.5051
We	12/21/2016	825.3276
Tu	12/20/2016	793.0350
Mo	12/19/2016	790.3801
		
Fr	12/16/2016	780.6801
Th	12/15/2016	776.7100
We	12/14/2016	777.9701
Tu	12/13/2016	781.5100
Mo	12/12/2016	777.6176
		
Fr	12/09/2016	771.1400
Th	12/08/2016	770.9125
We	12/07/2016	766.4250
Tu	12/06/2016	757.5980
Mo	12/05/2016	753.7750
		
Fr	12/02/2016	773.9955
Th	12/01/2016	752.4204
We	11/30/2016	743.2575
Tu	11/29/2016	731.3400
Mo	11/28/2016	731.2725
		
Fr	11/25/2016	737.6925
Th	11/24/2016	736.3276
We	11/23/2016	739.7452
Tu	11/22/2016	747.8851
Mo	11/21/2016	737.4563
		
Fr	11/18/2016	743.2600
Th	11/17/2016	738.3350
We	11/16/2016	741.0105
Tu	11/15/2016	710.9362
Mo	11/14/2016	706.8900
		
Fr	11/11/2016	714.9351
Th	11/10/2016	709.8325
We	11/09/2016	717.2350
Tu	11/08/2016	711.5100
Mo	11/07/2016	706.9025
		
Fr	11/04/2016	698.8625
Th	11/03/2016	695.1825
We	11/02/2016	730.2050
Tu	11/01/2016	727.9700
Mo	10/31/2016	702.1675
		
Fr	10/28/2016	688.3551
Th	10/27/2016	681.1355
We	10/26/2016	669.5825
Tu	10/25/2016	654.0775
Mo	10/24/2016	648.5601
		
Fr	10/21/2016	630.5276
Th	10/20/2016	628.8300
We	10/19/2016	628.4675
Tu	10/18/2016	632.7600
Mo	10/17/2016	637.0975
		
Fr	10/14/2016	638.5825
Th	10/13/2016	635.2375
We	10/12/2016	634.1400
Tu	10/11/2016	637.7250
Mo	10/10/2016	616.8900
		
Fr	10/07/2016	617.9449
Th	10/06/2016	611.7495
We	10/05/2016	612.7900
Tu	10/04/2016	609.2159
Mo	10/03/2016	612.5751
		
Fr	09/30/2016	605.9922
Th	09/29/2016	606.5234
We	09/28/2016	604.3900
Tu	09/27/2016	602.9000
Mo	09/26/2016	606.3425
		
Fr	09/23/2016	602.0025
Th	09/22/2016	596.6125
We	09/21/2016	595.3076
Tu	09/20/2016	608.3851
Mo	09/19/2016	609.3226
		
Fr	09/16/2016	606.8625
Th	09/15/2016	606.8176
We	09/14/2016	609.8550
Tu	09/13/2016	608.6650
Mo	09/12/2016	606.9176
		
Fr	09/09/2016	620.8350
Th	09/08/2016	625.7025
We	09/07/2016	614.5500
Tu	09/06/2016	611.1375
Mo	09/05/2016	607.8839
		
Fr	09/02/2016	574.2275
Th	09/01/2016	571.8959
We	08/31/2016	572.4050
Tu	08/30/2016	575.2151
Mo	08/29/2016	573.1951
		
Fr	08/26/2016	577.8350
Th	08/25/2016	575.7050
We	08/24/2016	579.1150
Tu	08/23/2016	580.9375
Mo	08/22/2016	585.9600
		
Fr	08/19/2016	575.3950
Th	08/18/2016	574.2351
We	08/17/2016	573.2251
Tu	08/16/2016	579.5575
Mo	08/15/2016	568.2250
		
Fr	08/12/2016	586.4575
Th	08/11/2016	589.7209
We	08/10/2016	595.3351
Tu	08/09/2016	586.0250
Mo	08/08/2016	593.5801
		
Fr	08/05/2016	577.2300
Th	08/04/2016	573.5601
We	08/03/2016	568.9630
Tu	08/02/2016	568.5926
Mo	08/01/2016	616.7574
		
Fr	07/29/2016	657.6700
Th	07/28/2016	655.9950
We	07/27/2016	657.2151
Tu	07/26/2016	656.0002
Mo	07/25/2016	655.9376
		
Fr	07/22/2016	657.6475
Th	07/21/2016	664.6000
We	07/20/2016	665.5825
Tu	07/19/2016	671.1950
Mo	07/18/2016	673.0450
		
Fr	07/15/2016	669.0050
Th	07/14/2016	661.2750
We	07/13/2016	662.4351
Tu	07/12/2016	667.8401
Mo	07/11/2016	650.3850
		
Fr	07/08/2016	660.7000
Th	07/07/2016	621.5000
We	07/06/2016	675.1550
Tu	07/05/2016	669.9351
Mo	07/04/2016	675.8300
		
Fr	07/01/2016	677.3600
Th	06/30/2016	665.2650
We	06/29/2016	638.7950
Tu	06/28/2016	647.3910
Mo	06/27/2016	642.8700
		
Fr	06/24/2016	657.0500
Th	06/23/2016	613.3751
We	06/22/2016	611.1051
Tu	06/21/2016	651.8501
Mo	06/20/2016	740.9374
		
Fr	06/17/2016	754.3662
Th	06/16/2016	762.6650
We	06/15/2016	693.4400
Tu	06/14/2016	689.5551
Mo	06/13/2016	689.9950
		
Fr	06/10/2016	578.9776
Th	06/09/2016	575.4626
We	06/08/2016	579.7900
Tu	06/07/2016	577.6825
Mo	06/06/2016	581.6725
		
Fr	06/03/2016	576.5524
Th	06/02/2016	536.2750
We	06/01/2016	535.9050
Tu	05/31/2016	521.7375
Mo	05/30/2016	531.2451
		
Fr	05/27/2016	470.8899
Th	05/26/2016	452.9950
We	05/25/2016	448.1400
Tu	05/24/2016	444.8325
Mo	05/23/2016	442.3051
		
Fr	05/20/2016	441.5551
Th	05/19/2016	443.0599
We	05/18/2016	454.6926
Tu	05/17/2016	453.6550
Mo	05/16/2016	453.1599
		
Fr	05/13/2016	456.1452
Th	05/12/2016	452.6925
We	05/11/2016	452.5150
Tu	05/10/2016	454.5126
Mo	05/09/2016	462.1250
		
Fr	05/06/2016	462.1000
Th	05/05/2016	448.6749
We	05/04/2016	447.3900
Tu	05/03/2016	450.6625
Mo	05/02/2016	446.1050
		
Fr	04/29/2016	455.1451
Th	04/28/2016	449.7100
We	04/27/2016	453.9950
Tu	04/26/2016	469.1000
Mo	04/25/2016	468.4950
		
Fr	04/22/2016	448.5575
Th	04/21/2016	451.1250
We	04/20/2016	442.8200
Tu	04/19/2016	432.6420
Mo	04/18/2016	428.5600
		
Fr	04/15/2016	429.7948
Th	04/14/2016	424.9401
We	04/13/2016	424.6025
Tu	04/12/2016	425.3650
Mo	04/11/2016	422.9818
		
Fr	04/08/2016	419.3400
Th	04/07/2016	422.0000
We	04/06/2016	421.8326
Tu	04/05/2016	421.9374
Mo	04/04/2016	418.9950
		
Fr	04/01/2016	416.6375
Th	03/31/2016	416.8451
We	03/30/2016	413.5299
Tu	03/29/2016	414.9600
Mo	03/28/2016	421.9750
		
Fr	03/25/2016	415.9225
Th	03/24/2016	416.0551
We	03/23/2016	418.1649
Tu	03/22/2016	416.8351
Mo	03/21/2016	410.7550
		
Fr	03/18/2016	405.7750
Th	03/17/2016	418.3650
We	03/16/2016	416.6250
Tu	03/15/2016	415.0676
Mo	03/14/2016	413.7750
		
Fr	03/11/2016	418.6450
Th	03/10/2016	416.1400
We	03/09/2016	411.4275
Tu	03/08/2016	411.3551
Mo	03/07/2016	411.9050
		
Fr	03/04/2016	411.2900
Th	03/03/2016	419.9075
We	03/02/2016	428.0150
Tu	03/01/2016	431.3825
Mo	02/29/2016	433.9125
		
Fr	02/26/2016	423.9649
Th	02/25/2016	423.2687
We	02/24/2016	423.3950
Tu	02/23/2016	420.5601
Mo	02/22/2016	437.2500
		
Fr	02/19/2016	418.6899
Th	02/18/2016	419.8151
We	02/17/2016	418.5850
Tu	02/16/2016	405.5275
Mo	02/15/2016	396.1251
		
Fr	02/12/2016	381.6150
Th	02/11/2016	375.1273
We	02/10/2016	377.6350
Tu	02/09/2016	373.3401
Mo	02/08/2016	372.4150
		
Fr	02/05/2016	384.8800
Th	02/04/2016	386.8350
We	02/03/2016	368.6898
Tu	02/02/2016	373.4299
Mo	02/01/2016	370.1500
		
Fr	01/29/2016	375.1976
Th	01/28/2016	382.2300
We	01/27/2016	394.6450
Tu	01/26/2016	393.1251
Mo	01/25/2016	391.3200
		
Fr	01/22/2016	379.0299
Th	01/21/2016	406.8950
We	01/20/2016	407.1125
Tu	01/19/2016	379.9850
Mo	01/18/2016	383.8749
		
Fr	01/15/2016	387.3099
Th	01/14/2016	432.1250
We	01/13/2016	428.8300
Tu	01/12/2016	447.0450
Mo	01/11/2016	448.9150
		
Fr	01/08/2016	452.4150
Th	01/07/2016	455.3550
We	01/06/2016	430.8049
Tu	01/05/2016	432.5950
Mo	01/04/2016	434.9399
		
Fr	01/01/2016	434.3450
Th	12/31/2015	432.1150
We	12/30/2015	427.1250
Tu	12/29/2015	428.9488
Mo	12/28/2015	419.2050
		
Fr	12/25/2015	455.8750
Th	12/24/2015	453.1851
We	12/23/2015	444.7900
Tu	12/22/2015	436.8565
Mo	12/21/2015	434.6275
		
Fr	12/18/2015	461.6625
Th	12/17/2015	454.6776
We	12/16/2015	457.4350
Tu	12/15/2015	462.9600
Mo	12/14/2015	440.5100
		
Fr	12/11/2015	450.5475
Th	12/10/2015	416.8151
We	12/09/2015	416.1097
Tu	12/08/2015	396.0975
Mo	12/07/2015	393.7151
		
Fr	12/04/2015	362.3975
Th	12/03/2015	360.6125
We	12/02/2015	361.1350
Tu	12/01/2015	360.9976
Mo	11/30/2015	376.8175
		
Fr	11/27/2015	359.5574
Th	11/26/2015	349.5675
We	11/25/2015	328.1550
Tu	11/24/2015	320.9050
Mo	11/23/2015	324.4551
		
Fr	11/20/2015	321.2650
Th	11/19/2015	327.9600
We	11/18/2015	337.1100
Tu	11/17/2015	336.1050
Mo	11/16/2015	330.3309
		
Fr	11/13/2015	332.9325
Th	11/12/2015	326.5028
We	11/11/2015	307.5325
Tu	11/10/2015	334.1461
Mo	11/09/2015	376.6400
		
Fr	11/06/2015	370.0721
Th	11/05/2015	403.0924
We	11/04/2015	411.9614
Tu	11/03/2015	394.9950
Mo	11/02/2015	363.7550
		
Fr	10/30/2015	323.2250
Th	10/29/2015	313.5200
We	10/28/2015	302.0575
Tu	10/27/2015	295.4448
Mo	10/26/2015	286.1549
		
Fr	10/23/2015	278.1150
Th	10/22/2015	275.5150
We	10/21/2015	268.6749
Tu	10/20/2015	270.3700
Mo	10/19/2015	263.9675
		
Fr	10/16/2015	260.4835
Th	10/15/2015	254.7700
We	10/14/2015	253.7600
Tu	10/13/2015	249.4550
Mo	10/12/2015	245.9850
		
Fr	10/09/2015	244.4950
Th	10/08/2015	243.8425
We	10/07/2015	245.0900
Tu	10/06/2015	246.2000
Mo	10/05/2015	239.6125
		
Fr	10/02/2015	237.6000
Th	10/01/2015	237.9450
We	09/30/2015	236.9900
Tu	09/29/2015	237.2250
Mo	09/28/2015	237.8440
		
Fr	09/25/2015	234.6100
Th	09/24/2015	235.0650
We	09/23/2015	230.1650
Tu	09/22/2015	229.9450
Mo	09/21/2015	227.4750
		
Fr	09/18/2015	233.2400
Th	09/17/2015	233.2275
We	09/16/2015	228.1400
Tu	09/15/2015	229.7850
Mo	09/14/2015	231.3650
		
Fr	09/11/2015	239.9025
Th	09/10/2015	239.5000
We	09/09/2015	239.4800
Tu	09/08/2015	244.1100
Mo	09/07/2015	240.7800
		
Fr	09/04/2015	231.0860
Th	09/03/2015	227.3500
We	09/02/2015	229.1950
Tu	09/01/2015	226.9750
Mo	08/31/2015	230.4100
		
Fr	08/28/2015	233.5900
Th	08/27/2015	227.0100
We	08/26/2015	226.8350
Tu	08/25/2015	225.9975
Mo	08/24/2015	215.1700
		
Fr	08/21/2015	233.1350
Th	08/20/2015	236.1300
We	08/19/2015	227.1100
Tu	08/18/2015	250.6550
Mo	08/17/2015	257.8799
		
Fr	08/14/2015	266.5601
Th	08/13/2015	265.3749
We	08/12/2015	269.8950
Tu	08/11/2015	266.2050
Mo	08/10/2015	265.1250
		
Fr	08/07/2015	279.6624
Th	08/06/2015	278.8073
We	08/05/2015	282.8287
Tu	08/04/2015	285.3098
Mo	08/03/2015	283.8949
		
Fr	07/31/2015	284.6949
Th	07/30/2015	287.4824
We	07/29/2015	291.4524
Tu	07/28/2015	295.5924
Mo	07/27/2015	294.9299
		
Fr	07/24/2015	288.1600
Th	07/23/2015	276.9451
We	07/22/2015	276.5250
Tu	07/21/2015	279.2823
Mo	07/20/2015	277.5549
		
Fr	07/17/2015	278.2650
Th	07/16/2015	278.1125
We	07/15/2015	290.7650
Tu	07/14/2015	290.3400
Mo	07/13/2015	289.4850
		
Fr	07/10/2015	287.1299
Th	07/09/2015	270.3099
We	07/08/2015	268.0499
Tu	07/07/2015	265.9174
Mo	07/06/2015	273.9449
		
Fr	07/03/2015	255.2207
Th	07/02/2015	255.8100
We	07/01/2015	258.8450
Tu	06/30/2015	260.9700
Mo	06/29/2015	255.5250
		
Fr	06/26/2015	241.2675
Th	06/25/2015	240.6600
We	06/24/2015	240.9825
Tu	06/23/2015	244.3600
Mo	06/22/2015	247.2425
		
Fr	06/19/2015	246.0350
Th	06/18/2015	249.0750
We	06/17/2015	250.3100
Tu	06/16/2015	246.3155
Mo	06/15/2015	235.9250
		
Fr	06/12/2015	229.9000
Th	06/11/2015	228.7950
We	06/10/2015	228.4612
Tu	06/09/2015	229.8050
Mo	06/08/2015	228.4800
		
Fr	06/05/2015	224.8750
Th	06/04/2015	223.6800
We	06/03/2015	226.9600
Tu	06/02/2015	225.0900
Mo	06/01/2015	221.9750
		
Fr	05/29/2015	235.9475
Th	05/28/2015	236.0800
We	05/27/2015	235.5675
Tu	05/26/2015	236.1977
Mo	05/25/2015	235.5700
		
Fr	05/22/2015	239.5325
Th	05/21/2015	235.5138
We	05/20/2015	233.9247
Tu	05/19/2015	231.8274
Mo	05/18/2015	232.0825
		
Fr	05/15/2015	237.3100
Th	05/14/2015	236.8050
We	05/13/2015	243.2000
Tu	05/12/2015	241.3813
Mo	05/11/2015	242.6100
		
Fr	05/08/2015	245.3050
Th	05/07/2015	237.1950
We	05/06/2015	233.9950
Tu	05/05/2015	234.6925
Mo	05/04/2015	237.5050
		
Fr	05/01/2015	234.8000
Th	04/30/2015	236.5813
We	04/29/2015	226.4800
Tu	04/28/2015	224.4050
Mo	04/27/2015	223.7316
		
Fr	04/24/2015	231.4050
Th	04/23/2015	234.7000
We	04/22/2015	233.6650
Tu	04/21/2015	233.0250
Mo	04/20/2015	224.3500
		
Fr	04/17/2015	223.3110
Th	04/16/2015	228.9850
We	04/15/2015	220.2300
Tu	04/14/2015	218.3080
Mo	04/13/2015	225.1600
		
Fr	04/10/2015	234.9900
Th	04/09/2015	242.9075
We	04/08/2015	246.1050
Tu	04/07/2015	254.9350
Mo	04/06/2015	254.5775
		
Fr	04/03/2015	254.5075
Th	04/02/2015	252.0650
We	04/01/2015	245.8225
Tu	03/31/2015	244.1375
Mo	03/30/2015	247.5200
		
Fr	03/27/2015	248.5525
Th	03/26/2015	248.7625
We	03/25/2015	244.1300
Tu	03/24/2015	247.7575
Mo	03/23/2015	266.4025
		
Fr	03/20/2015	263.1674
Th	03/19/2015	256.9474
We	03/18/2015	263.4224
Tu	03/17/2015	287.4625
Mo	03/16/2015	290.1275
		
Fr	03/13/2015	288.3975
Th	03/12/2015	296.1500
We	03/11/2015	294.5450
Tu	03/10/2015	293.1874
Mo	03/09/2015	289.0724
		
Fr	03/06/2015	273.2524
Th	03/05/2015	279.9274
We	03/04/2015	273.0975
Tu	03/03/2015	283.3600
Mo	03/02/2015	272.8825
		
Fr	02/27/2015	254.8675
Th	02/26/2015	236.4950
We	02/25/2015	237.9650
Tu	02/24/2015	239.3400
Mo	02/23/2015	240.4225
		
Fr	02/20/2015	244.8350
Th	02/19/2015	240.9125
We	02/18/2015	233.4800
Tu	02/17/2015	241.5275
Mo	02/16/2015	237.0050
		
Fr	02/13/2015	234.2475
Th	02/12/2015	222.1975
We	02/11/2015	219.3925
Tu	02/10/2015	219.6975
Mo	02/09/2015	220.9975
		
Fr	02/06/2015	223.3650
Th	02/05/2015	218.7600
We	02/04/2015	224.9775
Tu	02/03/2015	227.8600
Mo	02/02/2015	227.2950
		
Fr	01/30/2015	229.6675
Th	01/29/2015	234.1200
We	01/28/2015	235.9425
Tu	01/27/2015	261.7642
Mo	01/26/2015	271.6099
		
Fr	01/23/2015	237.0130
Th	01/22/2015	231.9175
We	01/21/2015	225.1000
Tu	01/20/2015	211.1825
Mo	01/19/2015	216.2125
		
Fr	01/16/2015	208.3400
Th	01/15/2015	206.6800
We	01/14/2015	183.0672
Tu	01/13/2015	236.0475
Mo	01/12/2015	270.6475
		
Fr	01/09/2015	289.8149
Th	01/08/2015	293.8298
We	01/07/2015	296.1349
Tu	01/06/2015	286.4099
Mo	01/05/2015	270.9298
		
Fr	01/02/2015	314.7299
Th	01/01/2015	314.4900
We	12/31/2014	317.3625
Tu	12/30/2014	310.1725
Mo	12/29/2014	314.2549
		
Fr	12/26/2014	329.4924
Th	12/25/2014	319.4000
We	12/24/2014	321.8699
Tu	12/23/2014	334.9875
Mo	12/22/2014	329.5449
		
Fr	12/19/2014	314.2625
Th	12/18/2014	311.3949
We	12/17/2014	321.0549
Tu	12/16/2014	333.3624
Mo	12/15/2014	348.1475
		
Fr	12/12/2014	356.4274
Th	12/11/2014	350.3300
We	12/10/2014	350.4200
Tu	12/09/2014	352.5450
Mo	12/08/2014	367.7242
		
Fr	12/05/2014	378.6124
Th	12/04/2014	372.9350
We	12/03/2014	378.4199
Tu	12/02/2014	379.3651
Mo	12/01/2014	378.2050
		
Fr	11/28/2014	377.7725
Th	11/27/2014	369.2850
We	11/26/2014	366.5975
Tu	11/25/2014	376.9175
Mo	11/24/2014	378.4401
		
Fr	11/21/2014	353.7975
Th	11/20/2014	357.9650
We	11/19/2014	376.6901
Tu	11/18/2014	378.7250
Mo	11/17/2014	385.8575
		
Fr	11/14/2014	396.4450
Th	11/13/2014	404.7300
We	11/12/2014	426.2950
Tu	11/11/2014	367.9050
Mo	11/10/2014	365.9150
		
Fr	11/07/2014	342.6675
Th	11/06/2014	349.6250
We	11/05/2014	339.7601
Tu	11/04/2014	327.5525
Mo	11/03/2014	327.5050
		
Fr	10/31/2014	342.3826
Th	10/30/2014	347.6175
We	10/29/2014	341.2150
Tu	10/28/2014	355.8776
Mo	10/27/2014	351.8775
		
Fr	10/24/2014	358.0875
Th	10/23/2014	359.6525
We	10/22/2014	384.1925
Tu	10/21/2014	386.6874
Mo	10/20/2014	385.2150
		
Fr	10/17/2014	381.5976
Th	10/16/2014	383.1900
We	10/15/2014	391.8700
Tu	10/14/2014	407.2275
Mo	10/13/2014	388.7675
		
Fr	10/10/2014	358.0475
Th	10/09/2014	366.3050
We	10/08/2014	350.5975
Tu	10/07/2014	330.6801
Mo	10/06/2014	333.3425
		
Fr	10/03/2014	358.6500
Th	10/02/2014	376.8550
We	10/01/2014	383.4525
Tu	09/30/2014	389.6750
Mo	09/29/2014	375.2175
		
Fr	09/26/2014	407.2850
Th	09/25/2014	407.4250
We	09/24/2014	428.4025
Tu	09/23/2014	448.3400
Mo	09/22/2014	402.4700
		
Fr	09/19/2014	396.4650
Th	09/18/2014	417.4426
We	09/17/2014	444.8075
Tu	09/16/2014	463.8875
Mo	09/15/2014	475.6225
		
Fr	09/12/2014	471.4750
Th	09/11/2014	475.5175
We	09/10/2014	483.2425
Tu	09/09/2014	473.0101
Mo	09/08/2014	469.7651
		
Fr	09/05/2014	478.4200
Th	09/04/2014	487.0951
We	09/03/2014	476.6301
Tu	09/02/2014	478.2100
Mo	09/01/2014	481.8725
		
Fr	08/29/2014	509.3525
Th	08/28/2014	508.1549
We	08/27/2014	517.0075
Tu	08/26/2014	509.8375
Mo	08/25/2014	505.4701
		
Fr	08/22/2014	516.9250
Th	08/21/2014	522.7150
We	08/20/2014	514.2075
Tu	08/19/2014	483.3625
Mo	08/18/2014	457.4275
		
Fr	08/15/2014	496.7501
Th	08/14/2014	513.6951
We	08/13/2014	542.9525
Tu	08/12/2014	570.1675
Mo	08/11/2014	575.3100
		
Fr	08/08/2014	591.3201
Th	08/07/2014	591.6800
We	08/06/2014	580.6675
Tu	08/05/2014	579.6475
Mo	08/04/2014	586.8575
		
Fr	08/01/2014	600.0300
Th	07/31/2014	586.3550
We	07/30/2014	564.6251
Tu	07/29/2014	582.2751
Mo	07/28/2014	592.1949
		
Fr	07/25/2014	599.5001
Th	07/24/2014	603.6501
We	07/23/2014	619.9950
Tu	07/22/2014	621.8400
Mo	07/21/2014	620.7775
		
Fr	07/18/2014	628.8600
Th	07/17/2014	623.0275
We	07/16/2014	619.4700
Tu	07/15/2014	621.7401
Mo	07/14/2014	622.0826
		
Fr	07/11/2014	633.6775
Th	07/10/2014	618.0475
We	07/09/2014	624.1400
Tu	07/08/2014	624.8076
Mo	07/07/2014	623.9151
		
Fr	07/04/2014	634.8750
Th	07/03/2014	642.8726
We	07/02/2014	648.2175
Tu	07/01/2014	643.3325
Mo	06/30/2014	646.9650
		
Fr	06/27/2014	576.5250
Th	06/26/2014	571.5900
We	06/25/2014	570.4250
Tu	06/24/2014	585.2300
Mo	06/23/2014	586.9700
		
Fr	06/20/2014	594.4700
Th	06/19/2014	604.8700
We	06/18/2014	605.3225
Tu	06/17/2014	606.3900
Mo	06/16/2014	592.8101
		
Fr	06/13/2014	582.3700
Th	06/12/2014	591.0076
We	06/11/2014	634.4426
Tu	06/10/2014	645.3400
Mo	06/09/2014	646.1951
		
Fr	06/06/2014	652.6450
Th	06/05/2014	659.9875
We	06/04/2014	648.9900
Tu	06/03/2014	671.8300
Mo	06/02/2014	655.2700
		
Fr	05/30/2014	613.9200
Th	05/29/2014	568.6175
We	05/28/2014	570.6650
Tu	05/27/2014	577.5400
Mo	05/26/2014	581.8101
		
Fr	05/23/2014	532.4751
Th	05/22/2014	522.3051
We	05/21/2014	494.1801
Tu	05/20/2014	489.4299
Mo	05/19/2014	449.0551
		
Fr	05/16/2014	449.6750
Th	05/15/2014	447.3750
We	05/14/2014	448.3051
Tu	05/13/2014	437.5549
Mo	05/12/2014	441.4401
		
Fr	05/09/2014	452.2900
Th	05/08/2014	441.8000
We	05/07/2014	447.4551
Tu	05/06/2014	427.6600
Mo	05/05/2014	430.3350
		
Fr	05/02/2014	451.5100
Th	05/01/2014	460.9250
We	04/30/2014	448.2350
Tu	04/29/2014	447.8101
Mo	04/28/2014	439.1701
		
Fr	04/25/2014	462.5901
Th	04/24/2014	476.5200
We	04/23/2014	492.0200
Tu	04/22/2014	496.1801
Mo	04/21/2014	503.1801
		
Fr	04/18/2014	476.1701
Th	04/17/2014	496.8101
We	04/16/2014	527.1401
Tu	04/15/2014	517.6000
		
Fr	04/11/2014	426.5300
Th	04/10/2014	376.9000
We	04/09/2014	428.9000
Tu	04/08/2014	452.6200
Mo	04/07/2014	454.2001
		
Fr	04/04/2014	455.2700
Th	04/03/2014	436.2301
We	04/02/2014	429.8600
Tu	04/01/2014	482.2301
Mo	03/31/2014	465.7501
		
Fr	03/28/2014	504.0001
Th	03/27/2014	513.5801
We	03/26/2014	561.6201
Tu	03/25/2014	572.0001
Mo	03/24/2014	582.4501
		
Fr	03/21/2014	571.7101
Th	03/20/2014	581.8401
We	03/19/2014	603.8500
Tu	03/18/2014	617.8601
Mo	03/17/2014	613.0001
		
Fr	03/14/2014	635.5001
Th	03/13/2014	637.2701
We	03/12/2014	639.0301
Tu	03/11/2014	638.8001
Mo	03/10/2014	628.2501
		
Fr	03/07/2014	626.7401
Th	03/06/2014	660.9001
We	03/05/2014	667.0001
Tu	03/04/2014	672.1001
Mo	03/03/2014	669.7601
		
Fr	02/28/2014	566.9100
Th	02/27/2014	578.7900
We	02/26/2014	580.7601
Tu	02/25/2014	609.9601
Mo	02/24/2014	451.5800
		
Fr	02/21/2014	563.3101
Th	02/20/2014	571.3701
We	02/19/2014	612.2200
Tu	02/18/2014	626.3201
Mo	02/17/2014	642.5001
		
Fr	02/14/2014	652.1801
Th	02/13/2014	581.6401
We	02/12/2014	657.3801
Tu	02/11/2014	669.3201
Mo	02/10/2014	713.0601
		
Fr	02/07/2014	727.5201
Th	02/06/2014	687.7201
We	02/05/2014	786.0601
Tu	02/04/2014	804.6101
Mo	02/03/2014	806.8301
		
Fr	01/31/2014	806.6901
Th	01/30/2014	799.3301
We	01/29/2014	787.1001
Tu	01/28/2014	793.2601
Mo	01/27/2014	762.8101
		
Fr	01/24/2014	793.4901
Th	01/23/2014	773.1001
We	01/22/2014	817.0401
Tu	01/21/2014	822.8601
Mo	01/20/2014	820.8401
		
Fr	01/17/2014	808.5501
Th	01/16/2014	813.8001
We	01/15/2014	845.1001
Tu	01/14/2014	833.5401
Mo	01/13/2014	829.9401
		
Fr	01/10/2014	858.8601
Th	01/09/2014	813.4601
We	01/08/2014	839.0001
Tu	01/07/2014	797.7101
Mo	01/06/2014	914.5101
		
Fr	01/03/2014	801.8901
Th	01/02/2014	785.1701
We	01/01/2014	747.8101
Tu	12/31/2013	746.8901
Mo	12/30/2013	720.9401
		
Fr	12/27/2013	721.4401
Th	12/26/2013	706.4201
We	12/25/2013	710.4201
Tu	12/24/2013	648.2701
Mo	12/23/2013	651.0101
		
Fr	12/20/2013	599.4700
Th	12/19/2013	707.8201
We	12/18/2013	564.4800
Tu	12/17/2013	533.7101
Mo	12/16/2013	729.3601
		
Fr	12/13/2013	869.9001
Th	12/12/2013	893.4001
We	12/11/2013	863.0001
Tu	12/10/2013	942.7301
Mo	12/09/2013	926.0001
		
Fr	12/06/2013	552.1600
Th	12/05/2013	990.0001
We	12/04/2013	1130.0001
Tu	12/03/2013	1056.5001
Mo	12/02/2013	1023.9901
		
Fr	11/29/2013	1137.0001
Th	11/28/2013	1055.5801
We	11/27/2013	983.4301
Tu	11/26/2013	926.3001
Mo	11/25/2013	834.0001
		
Fr	11/22/2013	843.9501
Th	11/21/2013	714.9601
We	11/20/2013	626.7701
Tu	11/19/2013	516.9200
Mo	11/18/2013	691.6101
		
Fr	11/15/2013	430.6200
We	11/13/2013	409.2301
Tu	11/12/2013	369.8400
Mo	11/11/2013	350.0200
		
Fr	11/08/2013	325.6500
Th	11/07/2013	313.0800
We	11/06/2013	291.7100
Tu	11/05/2013	256.2100
Mo	11/04/2013	236.5600
		
Fr	11/01/2013	208.1800
Th	10/31/2013	206.3400
We	10/30/2013	202.4700
Tu	10/29/2013	200.5800
Mo	10/28/2013	198.5800
		
Fr	10/25/2013	183.3400
Th	10/24/2013	186.5100
We	10/23/2013	191.7700
Tu	10/22/2013	194.0400
Mo	10/21/2013	191.5800
		
Fr	10/18/2013	160.0700
Th	10/17/2013	143.7700
We	10/16/2013	140.6800
Tu	10/15/2013	147.1500
Mo	10/14/2013	135.8900
		
Fr	10/11/2013	126.8500
Th	10/10/2013	126.2800
We	10/09/2013	126.0000
Tu	10/08/2013	124.9900
Mo	10/07/2013	123.7100
		
Fr	10/04/2013	122.0600
Th	10/03/2013	119.1200
We	10/02/2013	112.7500
Tu	10/01/2013	127.4200
Mo	09/30/2013	127.0900
		
Fr	09/27/2013	126.1000
Th	09/26/2013	126.4000
We	09/25/2013	124.3300
Tu	09/24/2013	124.6500
Mo	09/23/2013	122.9900
		
Fr	09/20/2013	121.7000
Th	09/19/2013	124.1000
We	09/18/2013	127.3100
Tu	09/17/2013	126.8600
Mo	09/16/2013	126.3200
		
Fr	09/13/2013	127.0000
Th	09/12/2013	127.1000
We	09/11/2013	126.6100
Tu	09/10/2013	122.6500
Mo	09/09/2013	123.1200
		
Fr	09/06/2013	117.9000
Th	09/05/2013	122.4900
We	09/04/2013	121.9400
Tu	09/03/2013	129.6900
Mo	09/02/2013	129.4000
		
Fr	08/30/2013	126.0200
Th	08/29/2013	118.6000
We	08/28/2013	118.4800
Tu	08/27/2013	117.6500
Mo	08/26/2013	115.6900
		
Fr	08/23/2013	107.7600
Th	08/22/2013	108.0000
We	08/21/2013	111.5300
Tu	08/20/2013	106.1800
Mo	08/19/2013	103.1800
		
Fr	08/16/2013	98.4800
Th	08/15/2013	99.0600
We	08/14/2013	99.5000
Tu	08/13/2013	99.6500
Mo	08/12/2013	95.5200
		
Fr	08/09/2013	93.8100
Th	08/08/2013	94.8700
We	08/07/2013	97.0800
Tu	08/06/2013	97.2400
Mo	08/05/2013	98.5600
		
Fr	08/02/2013	96.6600
Th	08/01/2013	95.5500
We	07/31/2013	97.2500
Tu	07/30/2013	98.9800
Mo	07/29/2013	94.3200
		
Fr	07/26/2013	89.3400
Th	07/25/2013	91.5300
We	07/24/2013	90.4100
Tu	07/23/2013	89.8800
Mo	07/22/2013	92.7700
		
Fr	07/19/2013	92.3000
Th	07/18/2013	89.0300
We	07/17/2013	92.0000
Tu	07/16/2013	98.9500
Mo	07/15/2013	98.9800
		
Fr	07/12/2013	90.9000
Th	07/11/2013	99.1000
We	07/10/2013	87.0000
Tu	07/09/2013	76.8800
Mo	07/08/2013	76.0000
		
Fr	07/05/2013	69.9300
Th	07/04/2013	77.4800
We	07/03/2013	76.3000
Tu	07/02/2013	90.0000
Mo	07/01/2013	89.2000
		
Fr	06/28/2013	96.9900
Th	06/27/2013	97.3300
We	06/26/2013	102.9900
Tu	06/25/2013	103.9600
Mo	06/24/2013	104.5600
		
Fr	06/21/2013	108.9400
Th	06/20/2013	112.5100
We	06/19/2013	108.0000
Tu	06/18/2013	109.1500
Mo	06/17/2013	103.2200
		
Fr	06/14/2013	98.6200
Th	06/13/2013	103.0000
We	06/12/2013	108.3600
Tu	06/11/2013	108.0000
Mo	06/10/2013	105.3000
		
Fr	06/07/2013	110.8000
Th	06/06/2013	118.8600
We	06/05/2013	121.5000
Tu	06/04/2013	120.8200
Mo	06/03/2013	121.6600
		
Fr	05/31/2013	127.2000
Th	05/30/2013	127.9900
We	05/29/2013	130.5500
Tu	05/28/2013	128.8400
Mo	05/27/2013	127.8100
		
Fr	05/24/2013	132.0000
Th	05/23/2013	126.5600
We	05/22/2013	124.2000
Tu	05/21/2013	123.1000
Mo	05/20/2013	122.4000
		
Fr	05/17/2013	123.1300
Th	05/16/2013	117.4900
We	05/15/2013	114.2000
Tu	05/14/2013	113.0000
Mo	05/13/2013	118.2900
		
Fr	05/10/2013	114.1000
Th	05/09/2013	112.5000
We	05/08/2013	111.9000
Tu	05/07/2013	111.0100
Mo	05/06/2013	109.4900
		
Fr	05/03/2013	101.7200
Th	05/02/2013	95.4600
We	05/01/2013	118.7400
Tu	04/30/2013	133.7500
Mo	04/29/2013	144.5000
		
Fr	04/26/2013	136.8000
Th	04/25/2013	129.7800
We	04/24/2013	156.0100
Tu	04/23/2013	145.3800
Mo	04/22/2013	127.9000
		
Fr	04/19/2013	118.0000
Th	04/18/2013	126.5000
We	04/17/2013	91.9800
Tu	04/16/2013	75.6000
Mo	04/15/2013	91.0000
		
Fr	04/12/2013	110.0000
Th	04/11/2013	99.6200
We	04/10/2013	181.6900
Tu	04/09/2013	234.2500
Mo	04/08/2013	191.7300
		
Fr	04/05/2013	142.5000
Th	04/04/2013	136.0000
We	04/03/2013	131.7900
Tu	04/02/2013	132.0000
Mo	04/01/2013	102.0000
		
Fr	03/29/2013	90.5000
Th	03/28/2013	86.1800
We	03/27/2013	88.9200
Tu	03/26/2013	78.5000
Mo	03/25/2013	73.6000
		
Fr	03/22/2013	69.8700
Th	03/21/2013	70.8500
We	03/20/2013	64.4900
Tu	03/19/2013	59.1400
Mo	03/18/2013	51.6000
		
Fr	03/15/2013	46.9500
Th	03/14/2013	47.1700
We	03/13/2013	46.9200
Tu	03/12/2013	44.2900
Mo	03/11/2013	48.4000
		
Fr	03/08/2013	44.1800
Th	03/07/2013	42.0000
We	03/06/2013	41.0200
Tu	03/05/2013	40.3300
Mo	03/04/2013	36.1500
		
Fr	03/01/2013	34.5000
Th	02/28/2013	33.3800
We	02/27/2013	30.9000
Tu	02/26/2013	31.1000
Mo	02/25/2013	30.4000
		
Fr	02/22/2013	30.2500
Th	02/21/2013	29.7500
We	02/20/2013	29.6500
Tu	02/19/2013	29.4200
Mo	02/18/2013	26.9500
		
Fr	02/15/2013	27.1000
Th	02/14/2013	27.2200
We	02/13/2013	24.2000
Tu	02/12/2013	25.1700
Mo	02/11/2013	24.6500
		
Fr	02/08/2013	22.6600
Th	02/07/2013	22.1500
We	02/06/2013	21.1800
Tu	02/05/2013	20.6000
Mo	02/04/2013	20.4300
		
Fr	02/01/2013	20.5000
Th	01/31/2013	20.4100
We	01/30/2013	19.7000
Tu	01/29/2013	19.5300
Mo	01/28/2013	18.7200
		
Fr	01/25/2013	17.4000
Th	01/24/2013	16.9000
We	01/23/2013	17.5000
Tu	01/22/2013	17.2600
Mo	01/21/2013	16.8000
		
Fr	01/18/2013	15.7000
Th	01/17/2013	15.5000
We	01/16/2013	14.7300
Tu	01/15/2013	14.2500
Mo	01/14/2013	14.3000
		
Fr	01/11/2013	14.1400
Th	01/10/2013	14.1400
We	01/09/2013	13.7700
Tu	01/08/2013	13.7400
Mo	01/07/2013	13.5900
		
Fr	01/04/2013	13.5000
Th	01/03/2013	13.4000
We	01/02/2013	13.2800
Tu	01/01/2013	13.3000
Mo	12/31/2012	13.5100
		
Fr	12/28/2012	13.4200
Th	12/27/2012	13.4200
We	12/26/2012	13.4700
Tu	12/25/2012	13.3500
Mo	12/24/2012	13.3800
		
Fr	12/21/2012	13.5000
Th	12/20/2012	13.5200
We	12/19/2012	13.6000
Tu	12/18/2012	13.3000
Mo	12/17/2012	13.2500
		
Fr	12/14/2012	13.6000
Th	12/13/2012	13.7000
We	12/12/2012	13.7000
Tu	12/11/2012	13.5600
Mo	12/10/2012	13.4300
		
Fr	12/07/2012	13.5000
Th	12/06/2012	13.3000
We	12/05/2012	13.3800
Tu	12/04/2012	13.4100
Mo	12/03/2012	12.6800
		
Fr	11/30/2012	12.5700
Th	11/29/2012	12.4500
We	11/28/2012	12.3500
Tu	11/27/2012	12.2000
Mo	11/26/2012	12.2500
		
Fr	11/23/2012	12.3500
Th	11/22/2012	12.4200
We	11/21/2012	11.7700
Tu	11/20/2012	11.7300
Mo	11/19/2012	11.8000
		
Fr	11/16/2012	11.7500
Th	11/15/2012	11.2000
We	11/14/2012	10.9500
Tu	11/13/2012	10.9500
Mo	11/12/2012	11.0100
		
Fr	11/09/2012	10.8200
Th	11/08/2012	10.9300
We	11/07/2012	10.9200
Tu	11/06/2012	10.9000
Mo	11/05/2012	10.7500
		
Fr	11/02/2012	10.4700
Th	11/01/2012	10.5700
We	10/31/2012	11.2000
Tu	10/30/2012	10.8900
Mo	10/29/2012	10.6000
		
Fr	10/26/2012	10.1700
Th	10/25/2012	10.8600
We	10/24/2012	11.6500
Tu	10/23/2012	11.6500
Mo	10/22/2012	11.7100
		
Fr	10/19/2012	11.7400
Th	10/18/2012	11.9400
We	10/17/2012	11.8100
Tu	10/16/2012	11.8500
Mo	10/15/2012	11.8400
		
Fr	10/12/2012	12.0000
Th	10/11/2012	12.0300
We	10/10/2012	12.1200
Tu	10/09/2012	11.9000
Mo	10/08/2012	11.7800
		
Fr	10/05/2012	12.6900
Th	10/04/2012	12.8500
We	10/03/2012	12.8900
Tu	10/02/2012	12.8400
Mo	10/01/2012	12.4000
		
Fr	09/28/2012	12.3900
Th	09/27/2012	12.3100
We	09/26/2012	12.2700
Tu	09/25/2012	12.2000
Mo	09/24/2012	12.1000
		
Fr	09/21/2012	12.3700
Th	09/20/2012	12.2800
We	09/19/2012	12.5700
Tu	09/18/2012	12.2500
Mo	09/17/2012	11.8900
		
Fr	09/14/2012	11.6700
Th	09/13/2012	11.4000
We	09/12/2012	11.3600
Tu	09/11/2012	11.3300
Mo	09/10/2012	11.1700
		
Fr	09/07/2012	11.0000
Th	09/06/2012	11.1800
We	09/05/2012	11.0000
Tu	09/04/2012	10.3800
Mo	09/03/2012	10.5300
		
Fr	08/31/2012	10.1600
Th	08/30/2012	10.7800
We	08/29/2012	10.9200
Tu	08/28/2012	10.9400
Mo	08/27/2012	10.9500
		
Fr	08/24/2012	10.6000
Th	08/23/2012	10.1000
We	08/22/2012	9.8100
Tu	08/21/2012	9.9200
Mo	08/20/2012	10.1000
		
Fr	08/17/2012	11.5800
Th	08/16/2012	13.5000
We	08/15/2012	13.2500
Tu	08/14/2012	12.1900
Mo	08/13/2012	12.0400
		
Fr	08/10/2012	11.3900
Th	08/09/2012	11.0600
We	08/08/2012	11.0600
Tu	08/07/2012	11.1000
Mo	08/06/2012	10.8600
		
Fr	08/03/2012	10.9700
Th	08/02/2012	10.5300
We	08/01/2012	9.5500
Tu	07/31/2012	9.3500
Mo	07/30/2012	9.1000
		
Fr	07/27/2012	8.9000
Th	07/26/2012	8.9000
We	07/25/2012	8.8000
Tu	07/24/2012	8.6000
Mo	07/23/2012	8.4500
		
Fr	07/20/2012	8.5200
Th	07/19/2012	8.8700
We	07/18/2012	9.1100
Tu	07/17/2012	8.8000
Mo	07/16/2012	8.5000
		
Fr	07/13/2012	7.6700
Th	07/12/2012	7.7600
We	07/11/2012	7.1500
Tu	07/10/2012	7.2000
Mo	07/09/2012	7.0200
		
Fr	07/06/2012	6.6500
Th	07/05/2012	6.6700
We	07/04/2012	6.5100
Tu	07/03/2012	6.4500
Mo	07/02/2012	6.7600
		
Fr	06/29/2012	6.6500
Th	06/28/2012	6.6100
We	06/27/2012	6.6500
Tu	06/26/2012	6.4200
Mo	06/25/2012	6.3000
		
Fr	06/22/2012	6.5500
Th	06/21/2012	6.6800
We	06/20/2012	6.6700
Tu	06/19/2012	6.5000
Mo	06/18/2012	6.3100
		
Fr	06/15/2012	6.5000
Th	06/14/2012	5.9500
We	06/13/2012	5.9300
Tu	06/12/2012	5.7000
Mo	06/11/2012	5.5700
		
Fr	06/08/2012	5.6300
Th	06/07/2012	5.5900
We	06/06/2012	5.4600
Tu	06/05/2012	5.4400
Mo	06/04/2012	5.2700
		
Fr	06/01/2012	5.2700
Th	05/31/2012	5.1800
We	05/30/2012	5.1400
Tu	05/29/2012	5.1500
Mo	05/28/2012	5.1400
		
Fr	05/25/2012	5.1500
Th	05/24/2012	5.1200
We	05/23/2012	5.1400
Tu	05/22/2012	5.1000
Mo	05/21/2012	5.1000
		
Fr	05/18/2012	5.1200
Th	05/17/2012	5.1000
We	05/16/2012	5.0900
Tu	05/15/2012	5.0400
Mo	05/14/2012	5.0100
		
Fr	05/11/2012	4.9600
Th	05/10/2012	4.8500
We	05/09/2012	5.0400
Tu	05/08/2012	5.0500
Mo	05/07/2012	5.0600
		
Fr	05/04/2012	5.0700
Th	05/03/2012	5.1300
We	05/02/2012	5.0700
Tu	05/01/2012	5.0000
Mo	04/30/2012	4.9500
		
Fr	04/27/2012	5.1100
Th	04/26/2012	5.1000
We	04/25/2012	5.1300
Tu	04/24/2012	5.1000
Mo	04/23/2012	4.9600
		
Fr	04/20/2012	5.3500
Th	04/19/2012	5.1400
We	04/18/2012	5.1200
Tu	04/17/2012	4.9800
Mo	04/16/2012	4.9300
		
Fr	04/13/2012	4.9400
Th	04/12/2012	4.9200
We	04/11/2012	4.9300
Tu	04/10/2012	4.8400
Mo	04/09/2012	4.8700
		
Fr	04/06/2012	4.9500
Th	04/05/2012	4.9200
We	04/04/2012	4.9100
Tu	04/03/2012	4.9500
Mo	04/02/2012	4.9700
		
Fr	03/30/2012	4.8600
Th	03/29/2012	4.8100
We	03/28/2012	4.7900
Tu	03/27/2012	4.8100
Mo	03/26/2012	4.6200
		
Fr	03/23/2012	4.6900
Th	03/22/2012	4.7000
We	03/21/2012	4.8100
Tu	03/20/2012	4.8400
Mo	03/19/2012	4.6900
		
Fr	03/16/2012	5.3400
Th	03/15/2012	5.3300
We	03/14/2012	5.3800
Tu	03/13/2012	5.2700
Mo	03/12/2012	4.8900
		
Fr	03/09/2012	4.8600
Th	03/08/2012	4.9300
We	03/07/2012	4.9400
Tu	03/06/2012	4.9900
Mo	03/05/2012	4.9800
		
Fr	03/02/2012	4.7000
Th	03/01/2012	4.9200
We	02/29/2012	4.8600
Tu	02/28/2012	4.8700
Mo	02/27/2012	4.9600
		
Fr	02/24/2012	5.0300
Th	02/23/2012	5.0200
We	02/22/2012	4.4200
Tu	02/21/2012	4.2700
Mo	02/20/2012	4.3600
		
Fr	02/17/2012	4.4100
Th	02/16/2012	4.2700
We	02/15/2012	4.3300
Tu	02/14/2012	4.4600
Mo	02/13/2012	5.2600
		
Fr	02/10/2012	5.9100
Th	02/09/2012	5.8300
We	02/08/2012	5.6000
Tu	02/07/2012	5.6900
Mo	02/06/2012	5.4500
		
Fr	02/03/2012	5.9600
Th	02/02/2012	6.1000
We	02/01/2012	6.0800
Tu	01/31/2012	5.4800
Mo	01/30/2012	5.4900
		
Fr	01/27/2012	5.2900
Th	01/26/2012	5.3400
We	01/25/2012	5.7500
Tu	01/24/2012	6.2900
Mo	01/23/2012	6.3600
		
Fr	01/20/2012	6.4900
Th	01/19/2012	6.3600
We	01/18/2012	5.9200
Tu	01/17/2012	5.6000
Mo	01/16/2012	6.6800
		
Fr	01/13/2012	6.4100
Th	01/12/2012	6.8000
We	01/11/2012	6.9000
Tu	01/10/2012	6.3600
Mo	01/09/2012	6.3300
		
Fr	01/06/2012	6.7000
Th	01/05/2012	6.9500
We	01/04/2012	5.5700
Tu	01/03/2012	4.8800
Mo	01/02/2012	5.2200
		
Fr	12/30/2011	4.2500
Th	12/29/2011	4.1700
We	12/28/2011	4.1900
Tu	12/27/2011	4.0700
Mo	12/26/2011	4.0200
		
Fr	12/23/2011	3.9500
Th	12/22/2011	3.8900
We	12/21/2011	3.8900
Tu	12/20/2011	3.9500
Mo	12/19/2011	3.5200
		
Fr	12/16/2011	3.2000
Th	12/15/2011	3.2000
We	12/14/2011	3.1500
Tu	12/13/2011	3.2500
Mo	12/12/2011	3.1400
		
Fr	12/09/2011	2.9700
Th	12/08/2011	2.9800
We	12/07/2011	2.9900
Tu	12/06/2011	3.0300
Mo	12/05/2011	2.8800
		
Fr	12/02/2011	3.1200
Th	12/01/2011	3.0600
We	11/30/2011	2.9700
Tu	11/29/2011	2.7500
Mo	11/28/2011	2.5500
		
Fr	11/25/2011	2.5100
Th	11/24/2011	2.4300
We	11/23/2011	2.3300
Tu	11/22/2011	2.3300
Mo	11/21/2011	2.2900
		
Fr	11/18/2011	2.0500
Th	11/17/2011	2.2500
We	11/16/2011	2.5600
Tu	11/15/2011	2.3300
Mo	11/14/2011	2.2200
		
Fr	11/11/2011	3.0800
Th	11/10/2011	2.8400
We	11/09/2011	2.9500
Tu	11/08/2011	3.0400
Mo	11/07/2011	3.0100
		
Fr	11/04/2011	3.1100
Th	11/03/2011	3.1500
We	11/02/2011	3.2500
Tu	11/01/2011	3.1500
Mo	10/31/2011	3.2500
		
Fr	10/28/2011	3.1900
Th	10/27/2011	3.0400
We	10/26/2011	2.7700
Tu	10/25/2011	2.7700
Mo	10/24/2011	2.5500
		
Fr	10/21/2011	2.5700
Th	10/20/2011	2.3500
We	10/19/2011	2.2700
Tu	10/18/2011	2.4200
Mo	10/17/2011	2.5600
		
Fr	10/14/2011	3.9900
Th	10/13/2011	4.0500
We	10/12/2011	4.1500
Tu	10/11/2011	3.9300
Mo	10/10/2011	4.1000
		
Fr	10/07/2011	4.2700
Th	10/06/2011	4.7300
We	10/05/2011	4.8700
Tu	10/04/2011	4.9600
Mo	10/03/2011	5.0200
		
Fr	09/30/2011	5.1400
Th	09/29/2011	4.7800
We	09/28/2011	4.7700
Tu	09/27/2011	4.9200
Mo	09/26/2011	4.8700
		
Fr	09/23/2011	5.5500
Th	09/22/2011	5.4300
We	09/21/2011	5.6100
Tu	09/20/2011	6.1100
Mo	09/19/2011	5.4600
		
Fr	09/16/2011	4.8200
Th	09/15/2011	4.8400
We	09/14/2011	5.6200
Tu	09/13/2011	5.8000
Mo	09/12/2011	6.0800
		
Fr	09/09/2011	5.0300
Th	09/08/2011	6.5300
We	09/07/2011	7.1900
Tu	09/06/2011	6.8600
Mo	09/05/2011	7.6100
		
Fr	09/02/2011	8.6400
Th	09/01/2011	8.2100
We	08/31/2011	8.2000
Tu	08/30/2011	8.7900
Mo	08/29/2011	8.9700
		
Fr	08/26/2011	8.1800
Th	08/25/2011	9.6600
We	08/24/2011	10.8500
Tu	08/23/2011	10.9400
Mo	08/22/2011	10.9000
		
Fr	08/19/2011	11.6500
Th	08/18/2011	10.8300
We	08/17/2011	10.9500
Tu	08/16/2011	10.9600
Mo	08/15/2011	11.1500
		
Fr	08/12/2011	9.4600
Th	08/11/2011	9.4600
We	08/10/2011	9.9800
Tu	08/09/2011	9.9900
Mo	08/08/2011	7.8000
		
Fr	08/05/2011	9.8000
Th	08/04/2011	10.7500
We	08/03/2011	9.2600
Tu	08/02/2011	12.0500
Mo	08/01/2011	13.0900
		
Fr	07/29/2011	13.5000
Th	07/28/2011	13.4900
We	07/27/2011	13.9400
Tu	07/26/2011	13.8800
Mo	07/25/2011	14.0500
		
Fr	07/22/2011	13.7000
Th	07/21/2011	13.6100
We	07/20/2011	13.6900
Tu	07/19/2011	13.8500
Mo	07/18/2011	13.4800
		
Fr	07/15/2011	13.8100
Th	07/14/2011	13.9900
We	07/13/2011	13.9500
Tu	07/12/2011	14.0100
Mo	07/11/2011	14.2100
		
Fr	07/08/2011	14.3100
Th	07/07/2011	14.7800
We	07/06/2011	14.7800
Tu	07/05/2011	12.9100
Mo	07/04/2011	13.8600
		
Fr	07/01/2011	15.4000
Th	06/30/2011	16.1000
We	06/29/2011	16.8500
Tu	06/28/2011	16.9500
Mo	06/27/2011	16.7500
		
Fr	06/17/2011	15.6800
Th	06/16/2011	17.0000
We	06/15/2011	19.4900
Tu	06/14/2011	19.2800
Mo	06/13/2011	19.8400
		
Fr	06/10/2011	23.9500
Th	06/09/2011	28.9200
We	06/08/2011	29.6000
Tu	06/07/2011	23.9200
Mo	06/06/2011	18.5500
		
Fr	06/03/2011	14.2900
Th	06/02/2011	10.6000
We	06/01/2011	9.5700
Tu	05/31/2011	8.7400
Mo	05/30/2011	8.8000
		
Fr	05/27/2011	8.5000
Th	05/26/2011	8.8000
We	05/25/2011	8.4000
Tu	05/24/2011	7.4200
Mo	05/23/2011	7.1500
		
Fr	05/20/2011	5.5900
Th	05/19/2011	6.8100
We	05/18/2011	6.8800
Tu	05/17/2011	7.1900
Mo	05/16/2011	8.0300
		
Fr	05/13/2011	8.2000
Th	05/12/2011	6.3000
We	05/11/2011	5.5000
Tu	05/10/2011	5.8100
Mo	05/09/2011	3.8000
		
Fr	05/06/2011	3.4500
Th	05/05/2011	3.3300
We	05/04/2011	3.4100
Tu	05/03/2011	3.4100
Mo	05/02/2011	3.2000
		
Fr	04/29/2011	2.8800
Th	04/28/2011	2.2100
We	04/27/2011	1.9000
Tu	04/26/2011	1.7900
Mo	04/25/2011	1.5600
		
Fr	04/22/2011	1.4100
Th	04/21/2011	1.2100
We	04/20/2011	1.1400
Tu	04/19/2011	1.2000
Mo	04/18/2011	1.1600
		
Fr	04/15/2011	.9900
Th	04/14/2011	1.0000
We	04/13/2011	.9200
Tu	04/12/2011	.8600
Mo	04/11/2011	.7700
		
Fr	04/08/2011	.7500
Th	04/07/2011	.7500
We	04/06/2011	.7400
Tu	04/05/2011	.7100
Mo	04/04/2011	.6800
		
Fr	04/01/2011	.7700
Th	03/31/2011	.7800
We	03/30/2011	.7900
Tu	03/29/2011	.7900
Mo	03/28/2011	.8000
		
Fr	03/25/2011	.8800
Th	03/24/2011	.8700
We	03/23/2011	.8500
Tu	03/22/2011	.8100
Mo	03/21/2011	.7600
		
Fr	03/18/2011	.8200
Th	03/17/2011	.8300
We	03/16/2011	.8600
Tu	03/15/2011	.8700
Mo	03/14/2011	.8900
		
Fr	03/11/2011	.8800
Th	03/10/2011	.9300
We	03/09/2011	.8600
Tu	03/08/2011	.8700
Mo	03/07/2011	.8900
		
Fr	03/04/2011	.9000
Th	03/03/2011	.9400
We	03/02/2011	.9400
Tu	03/01/2011	.9200
Mo	02/28/2011	.8600
		
Fr	02/25/2011	.9100
Th	02/24/2011	1.0000
We	02/23/2011	.9000
Tu	02/22/2011	.8700
Mo	02/21/2011	.8300
		
Fr	02/18/2011	.9000
Th	02/17/2011	1.0400
We	02/16/2011	1.0500
Tu	02/15/2011	1.0500
Mo	02/14/2011	1.0700
		
Fr	02/11/2011	1.0700
Th	02/10/2011	.9800
We	02/09/2011	1.0900
Tu	02/08/2011	.9200
Mo	02/07/2011	.8900
		
Fr	02/04/2011	.8100
Th	02/03/2011	.6900
We	02/02/2011	.7200
Tu	02/01/2011	.7000
Mo	01/31/2011	.5200
		
Fr	01/28/2011	.4500
Th	01/27/2011	.4200
We	01/26/2011	.4200
Tu	01/25/2011	.4100
Mo	01/24/2011	.4200
		
Fr	01/21/2011	.4200
Th	01/20/2011	.3900
We	01/19/2011	.3100
Tu	01/18/2011	.3100
Mo	01/17/2011	.3500
		
Fr	01/14/2011	.4000
Th	01/13/2011	.3200
We	01/12/2011	.3200
Tu	01/11/2011	.3300
Mo	01/10/2011	.3300
		
Fr	01/07/2011	.3200
Th	01/06/2011	.3000
We	01/05/2011	.3000
Tu	01/04/2011	.3000
Mo	01/03/2011	.3000
		
Fr	12/31/2010	.3000
Th	12/30/2010	.3000
We	12/29/2010	.3000
Tu	12/28/2010	.2800
Mo	12/27/2010	.2700
		
Fr	12/24/2010	.2500
Th	12/23/2010	.2500
We	12/22/2010	.2500
Tu	12/21/2010	.2400
Mo	12/20/2010	.2700
		
Fr	12/17/2010	.2400
Th	12/16/2010	.2500
We	12/15/2010	.2400
Tu	12/14/2010	.2500
Mo	12/13/2010	.2300
		
Fr	12/10/2010	.2000
Th	12/09/2010	.2000
We	12/08/2010	.2400
Tu	12/07/2010	.2300
Mo	12/06/2010	.2000
		
Fr	12/03/2010	.2500
Th	12/02/2010	.2600
We	12/01/2010	.2300
Tu	11/30/2010	.2100
Mo	11/29/2010	.2300
		
Fr	11/26/2010	.2800
Th	11/25/2010	.2800
We	11/24/2010	.2800
Tu	11/23/2010	.2800
Mo	11/22/2010	.2900
		
Fr	11/19/2010	.2800
Th	11/18/2010	.2700
We	11/17/2010	.2300
Tu	11/16/2010	.2200
Mo	11/15/2010	.2700
		
Fr	11/12/2010	.2700
Th	11/11/2010	.2200
We	11/10/2010	.2400
Tu	11/09/2010	.2100
Mo	11/08/2010	.2400
		
Fr	11/05/2010	.2600
Th	11/04/2010	.2300
We	11/03/2010	.1900
Tu	11/02/2010	.1900
Mo	11/01/2010	.2000
		
Fr	10/29/2010	.1900
Th	10/28/2010	.1700
We	10/27/2010	.1900
Tu	10/26/2010	.1500
Mo	10/25/2010	.1300
		
Fr	10/22/2010	.1000
Th	10/21/2010	.1100
We	10/20/2010	.1000
Tu	10/19/2010	.1000
Mo	10/18/2010	.1000
		
Fr	10/15/2010	.1100
Th	10/14/2010	.1000
We	10/13/2010	.1100
Tu	10/12/2010	.0900
Mo	10/11/2010	.1000
		
Fr	10/08/2010	.0900
Th	10/07/2010	.0700
We	10/06/2010	.0600
Tu	10/05/2010	.0600
Mo	10/04/2010	.0600
		
Fr	10/01/2010	.0600
Th	09/30/2010	.0600
We	09/29/2010	.0600
Tu	09/28/2010	.0600
Mo	09/27/2010	.0600
		
Fr	09/24/2010	.0600
Th	09/23/2010	.0600
We	09/22/2010	.0600
Tu	09/21/2010	.0600
Mo	09/20/2010	.0600
		
Fr	09/17/2010	.0600
Th	09/16/2010	.0600
We	09/15/2010	.0600
Tu	09/14/2010	.0600
Mo	09/13/2010	.0600
		
Fr	09/10/2010	.0600
Th	09/09/2010	.0600
We	09/08/2010	.0600
Tu	09/07/2010	.0600
Mo	09/06/2010	.0600
		
Fr	09/03/2010	.0600
Th	09/02/2010	.0600
We	09/01/2010	.0600
Tu	08/31/2010	.0600
Mo	08/30/2010	.0600
		
Fr	08/27/2010	.0700
Th	08/26/2010	.0600
We	08/25/2010	.0600
Tu	08/24/2010	.0700
Mo	08/23/2010	.0600
		
Fr	08/20/2010	.0700
Th	08/19/2010	.0700
We	08/18/2010	.0700
Tu	08/17/2010	.0700
Mo	08/16/2010	.0700
		
Fr	08/13/2010	.0600
Th	08/12/2010	.0700
We	08/11/2010	.0700
Tu	08/10/2010	.0700
Mo	08/09/2010	.0700
		
Fr	08/06/2010	.0600
Th	08/05/2010	.0600
We	08/04/2010	.0600
Tu	08/03/2010	.0600
Mo	08/02/2010	.0600
		
Fr	07/30/2010	.0600
Th	07/29/2010	.0700
We	07/28/2010	.0600
Tu	07/27/2010	.0600
Mo	07/26/2010	.0600
		
Fr	07/23/2010	.0600
Th	07/22/2010	.0500
We	07/21/2010	.0800
Tu	07/20/2010	.0700
Mo	07/19/2010	.0800
		
