date,price,wikipedia,google,new_topics,new_posts,new_members,new_users,tweets
2014-04-09,450.79,16897.0,2.4165725578769055,539,15004,509,1781,8193.0
2014-04-10,437.47,14290.0,2.718644127611519,594,16102,1763,1946,15039.0
2014-04-11,386.66,12654.0,2.5676083427442125,516,14803,975,725,14907.0
2014-04-12,414.53,8971.0,1.963465203274986,471,12363,1304,1442,7582.0
2014-04-13,422.03,9500.0,1.963465203274986,432,13882,635,6295,10674.0
2014-04-14,413.6,19005.0,2.1145009881422925,507,16519,430,1871,13266.0
2014-04-15,465.45,12522.0,2.2655367730095994,529,17502,472,1172,14835.0
2014-04-16,500.99,16638.0,2.5676083427442125,550,17705,474,832,15790.0
2014-04-17,518.77,15347.0,2.1145009881422925,577,16678,464,1197,15215.0
2014-04-18,498.45,9667.0,1.963465203274986,484,14592,442,1699,14028.0
2014-04-19,481.16,9381.0,1.963465203274986,423,13630,500,703,12337.0
2014-04-20,496.48,7466.0,1.812429418407679,388,13353,705,5027,12139.0
2014-04-21,498.76,10524.0,1.963465203274986,503,14457,508,1733,14244.0
2014-04-22,494.62,11693.0,1.812429418407679,570,16622,445,2523,16098.0
2014-04-23,489.03,10865.0,1.812429418407679,504,16688,510,2714,16232.0
2014-04-24,486.85,10385.0,1.812429418407679,556,18295,649,2586,15471.0
2014-04-25,481.38,11897.0,1.963465203274986,497,17511,613,2291,15255.0
2014-04-26,461.23,7208.0,1.661393633540373,480,14578,854,973,12283.0
2014-04-27,457.93,8848.0,1.661393633540373,411,16367,488,4704,11667.0
2014-04-28,440.41,12624.0,1.812429418407679,515,17303,677,1696,15969.0
2014-04-29,439.29,10959.0,1.812429418407679,524,17577,499,2329,16706.0
2014-04-30,443.31,14540.0,1.963465203274986,566,18210,403,2418,17588.0
2014-05-01,446.22,11405.0,1.812429418407679,522,17442,413,2301,16988.0
2014-05-02,455.13,8694.0,1.510357848673066,475,15203,382,2174,20057.0
2014-05-03,448.08,5859.0,1.510357848673066,461,16100,413,1066,12910.0
2014-05-04,436.12,6482.0,1.510357848673066,459,15172,480,5028,12716.0
2014-05-05,434.63,12040.0,1.812429418407679,507,16744,410,1965,21273.0
2014-05-06,430.67,9539.0,1.812429418407679,516,18929,555,2120,16806.0
2014-05-07,427.55,9518.0,1.661393633540373,526,19346,600,1979,16970.0
2014-05-08,438.17,9226.0,1.661393633540373,530,20037,542,2408,21518.0
2014-05-09,438.25,11321.0,1.812429418407679,530,19780,460,2177,17442.0
2014-05-10,446.24,7966.0,1.510357848673066,454,19104,656,1210,14225.0
2014-05-11,451.43,7493.0,1.3593220638057595,448,17137,614,5187,13469.0
2014-05-12,439.36,8606.0,1.510357848673066,526,18720,472,1139,15910.0
2014-05-13,438.87,9341.0,1.661393633540373,533,18098,515,2063,16935.0
2014-05-14,437.84,8992.0,1.661393633540373,526,18760,524,1670,18167.0
2014-05-15,443.26,8913.0,1.661393633540373,526,19749,433,3408,32817.0
2014-05-16,444.92,7591.0,1.661393633540373,501,18656,449,3476,14474.0
2014-05-17,446.33,5785.0,1.3593220638057595,395,16817,459,1832,14587.0
2014-05-18,446.42,5925.0,1.510357848673066,378,16327,318,4917,12892.0
2014-05-19,444.9,8073.0,1.510357848673066,459,18892,414,1530,13595.0
2014-05-20,460.48,12892.0,1.812429418407679,556,20164,513,1833,21515.0
2014-05-21,478.49,9805.0,1.812429418407679,532,19823,412,1551,20254.0
2014-05-22,490.43,9009.0,1.963465203274986,537,19716,389,2696,20217.0
2014-05-23,517.66,7479.0,1.812429418407679,528,19776,404,2672,19485.0
2014-05-24,524.19,5478.0,1.510357848673066,395,16346,328,1331,13630.0
2014-05-25,535.36,5995.0,1.812429418407679,435,18762,283,4764,13823.0
2014-05-26,566.38,8062.0,2.1145009881422925,440,20838,456,1910,14792.0
2014-05-27,581.56,9901.0,1.963465203274986,510,21691,446,3621,19718.0
2014-05-28,573.32,9987.0,1.963465203274986,480,21714,440,1780,18545.0
2014-05-29,571.84,11339.0,2.1145009881422925,528,22144,532,2111,17571.0
2014-05-30,583.53,9569.0,1.963465203274986,425,20686,534,1473,21731.0
2014-05-31,607.55,6126.0,1.812429418407679,453,16688,418,1171,12882.0
2014-06-01,619.78,6043.0,1.812429418407679,461,18692,310,3734,12849.0
2014-06-02,637.66,9208.0,1.812429418407679,487,17774,357,1544,16427.0
2014-06-03,644.3,12243.0,2.1145009881422925,510,19513,459,1257,17858.0
2014-06-04,660.72,11172.0,1.963465203274986,551,18518,377,1465,18010.0
2014-06-05,639.39,10034.0,1.812429418407679,611,19632,383,2017,18707.0
2014-06-06,654.25,7941.0,1.661393633540373,480,17226,392,1933,16611.0
2014-06-07,650.66,6470.0,1.510357848673066,404,15109,360,695,12557.0
2014-06-08,652.67,7110.0,1.510357848673066,452,15938,424,4288,12134.0
2014-06-09,647.99,9066.0,1.510357848673066,458,17671,373,533,14497.0
2014-06-10,649.14,10102.0,1.661393633540373,517,18942,378,2892,16631.0
2014-06-11,651.43,9712.0,1.812429418407679,562,19551,390,1971,19356.0
2014-06-12,637.21,14173.0,2.1145009881422925,521,19778,432,833,19092.0
2014-06-13,605.43,17820.0,2.2655367730095994,535,18675,315,1450,19128.0
2014-06-14,593.12,7532.0,1.812429418407679,358,16293,349,2241,16078.0
2014-06-15,570.85,8033.0,1.812429418407679,410,17835,417,6011,15810.0
2014-06-16,576.37,13633.0,1.963465203274986,498,18609,446,2360,18430.0
2014-06-17,594.26,14409.0,1.812429418407679,478,18642,443,2672,18560.0
2014-06-18,602.02,13608.0,1.812429418407679,508,18279,583,2249,15957.0
2014-06-19,603.48,12067.0,1.661393633540373,481,17727,486,2119,17605.0
2014-06-20,599.77,9532.0,1.661393633540373,428,19400,316,2855,17459.0
2014-06-21,591.11,5246.0,1.3593220638057595,441,16558,338,2259,15113.0
2014-06-22,591.8,5168.0,1.510357848673066,378,16190,278,5433,13838.0
2014-06-23,599.1,6898.0,1.3593220638057595,487,18475,394,1965,16325.0
2014-06-24,587.56,7082.0,1.510357848673066,475,20554,568,1852,17005.0
2014-06-25,584.29,6963.0,1.3593220638057595,519,19808,370,1487,17683.0
2014-06-26,566.76,6329.0,1.3593220638057595,484,19035,435,2105,17534.0
2014-06-27,579.23,12196.0,1.812429418407679,443,18624,389,2998,17587.0
2014-06-28,596.02,9881.0,1.510357848673066,392,16720,300,1561,15236.0
2014-06-29,606.34,5857.0,1.510357848673066,389,16962,344,6031,15482.0
2014-06-30,596.2,9110.0,1.661393633540373,482,20558,546,1163,19860.0
2014-07-01,631.09,7706.0,1.812429418407679,571,19346,541,1288,20443.0
2014-07-02,646.47,10131.0,1.9466834494008407,531,18625,623,2111,21375.0
2014-07-03,649.16,8579.0,1.7453024029110986,539,17874,413,1706,22046.0
2014-07-04,638.62,6681.0,1.5774848641696468,422,15684,319,1807,22659.0
2014-07-05,632.62,5164.0,1.3761038176799045,361,13720,322,3423,16997.0
2014-07-06,629.67,4942.0,1.510357848673066,393,14420,291,6418,17331.0
2014-07-07,633.77,8027.0,1.678175387414518,450,16939,352,1859,22248.0
2014-07-08,623.46,7800.0,1.510357848673066,481,17908,429,976,24425.0
2014-07-09,622.52,6846.0,1.4767943409247757,486,16117,377,2139,24542.0
2014-07-10,623.51,7663.0,1.678175387414518,466,17932,378,2063,23242.0
2014-07-11,617.73,6705.0,1.6446118796662272,485,18718,351,2127,20939.0
2014-07-12,628.09,6839.0,1.4767943409247757,415,15337,272,2069,16719.0
2014-07-13,632.6,5647.0,1.4432308331764854,420,16246,300,6559,16133.0
2014-07-14,625.94,6535.0,1.4767943409247757,510,19181,369,2732,20287.0
2014-07-15,620.97,7524.0,1.5774848641696468,494,18404,368,2208,25031.0
2014-07-16,621.6,8125.0,1.8459929261559698,480,18060,373,2804,21984.0
2014-07-17,617.79,8094.0,1.7453024029110986,479,16808,362,1762,23305.0
2014-07-18,621.45,7810.0,1.7117388951628083,445,15493,353,2420,25897.0
2014-07-19,624.57,6228.0,1.6446118796662272,388,13447,287,2737,20261.0
2014-07-20,627.44,5981.0,1.5774848641696468,392,14135,306,6604,16827.0
2014-07-21,623.25,7531.0,1.5439213564213563,520,16600,329,2400,18501.0
2014-07-22,620.22,7662.0,1.678175387414518,503,17081,363,1628,18386.0
2014-07-23,620.65,7948.0,1.4767943409247757,469,16489,326,1450,20612.0
2014-07-24,612.94,7299.0,1.5439213564213563,478,16770,363,3031,20448.0
2014-07-25,602.84,6662.0,1.4767943409247757,507,16608,430,2568,19971.0
2014-07-26,600.16,5614.0,1.3761038176799045,378,14670,285,1596,16000.0
2014-07-27,595.1,5092.0,1.4767943409247757,390,15114,272,5135,15621.0
2014-07-28,592.2,7276.0,1.5774848641696468,528,18810,344,1969,23384.0
2014-07-29,583.73,7082.0,1.5439213564213563,477,16547,338,2658,21797.0
2014-07-30,582.82,8687.0,1.6110483719179371,493,17569,361,2296,22092.0
2014-07-31,571.0,8389.0,1.5774848641696468,519,17162,322,2174,22160.0
2014-08-01,578.48,6958.0,1.4432308331764854,498,16273,385,2492,21585.0
2014-08-02,594.19,4795.0,1.409667325428195,432,14302,381,1631,18531.0
2014-08-03,587.64,4926.0,1.409667325428195,434,14381,321,5328,17187.0
2014-08-04,585.39,6379.0,1.409667325428195,495,16306,458,2802,20609.0
2014-08-05,587.23,7069.0,1.5774848641696468,510,16406,401,3779,21073.0
2014-08-06,584.01,8259.0,1.7117388951628083,524,17507,400,2647,22471.0
2014-08-07,583.18,7214.0,1.678175387414518,494,17398,386,2047,24516.0
2014-08-08,586.43,6095.0,1.510357848673066,502,16729,346,2700,23126.0
2014-08-09,590.94,5088.0,1.409667325428195,437,14121,328,2048,21820.0
2014-08-10,588.25,4948.0,1.4432308331764854,410,15719,367,5244,20814.0
2014-08-11,589.48,7535.0,1.510357848673066,492,16882,443,2705,21388.0
2014-08-12,578.94,8595.0,1.6110483719179371,524,17950,409,2423,22551.0
2014-08-13,555.19,9652.0,2.349445542380325,536,18588,407,2575,23725.0
2014-08-14,548.18,8916.0,2.047373972645712,590,17222,377,3050,24887.0
2014-08-15,515.44,6824.0,1.9466834494008407,482,15988,329,550,22725.0
2014-08-16,499.4,7344.0,1.87955643390426,470,15759,307,6341,23487.0
2014-08-17,510.15,5660.0,1.6110483719179371,445,17503,357,7820,22608.0
2014-08-18,496.57,7390.0,2.047373972645712,597,19458,401,2581,21867.0
2014-08-19,465.59,7144.0,1.812429418407679,562,18155,397,743,24106.0
2014-08-20,481.54,8406.0,1.87955643390426,589,17398,376,2144,26924.0
2014-08-21,504.05,7258.0,1.6446118796662272,537,15554,356,3156,22176.0
2014-08-22,519.8,7221.0,1.678175387414518,507,15787,374,2659,21222.0
2014-08-23,512.16,4755.0,1.5439213564213563,391,12756,303,1102,17389.0
2014-08-24,500.74,5137.0,1.4432308331764854,401,12907,358,6296,16318.0
2014-08-25,507.97,6206.0,1.409667325428195,511,14504,389,1687,19062.0
2014-08-26,503.12,7841.0,1.5774848641696468,535,14676,345,2722,19596.0
2014-08-27,510.97,5556.0,1.409667325428195,501,14670,451,2335,19625.0
2014-08-28,508.96,5556.0,1.4432308331764854,515,14540,380,2884,22229.0
2014-08-29,509.12,6778.0,1.4432308331764854,483,13707,329,131,19838.0
2014-08-30,508.91,5503.0,1.409667325428195,469,12311,287,2111,18905.0
2014-08-31,502.63,6395.0,1.5439213564213563,425,13680,295,5432,17226.0
2014-09-01,482.43,9522.0,1.778865910659389,483,14372,378,3384,18661.0
2014-09-02,478.48,11936.0,1.678175387414518,530,15266,342,2281,22901.0
2014-09-03,477.75,10171.0,1.678175387414518,496,15467,345,2048,22113.0
2014-09-04,476.97,10445.0,1.678175387414518,524,16788,397,1066,24968.0
2014-09-05,487.62,10107.0,1.6446118796662272,438,14685,360,2965,22368.0
2014-09-06,483.33,5947.0,1.5774848641696468,408,13545,392,2194,21053.0
2014-09-07,482.07,5350.0,1.3761038176799045,424,14002,314,8117,17730.0
2014-09-08,482.93,6875.0,1.6110483719179371,466,15702,331,2384,22751.0
2014-09-09,472.59,8810.0,1.87955643390426,527,16124,380,2189,16169.0
2014-09-10,470.93,9268.0,2.148064495890583,522,15587,387,2106,16616.0
2014-09-11,480.79,9997.0,2.2823185268837443,505,15160,367,2437,27367.0
2014-09-12,475.53,9024.0,1.678175387414518,463,14043,330,2843,24097.0
2014-09-13,474.44,5268.0,1.4432308331764854,474,12336,289,2637,18209.0
2014-09-14,478.16,5930.0,1.5439213564213563,414,12428,415,7633,18671.0
2014-09-15,477.25,8330.0,1.5774848641696468,518,14435,405,1553,23392.0
2014-09-16,473.9,7930.0,1.6110483719179371,492,15326,351,5258,21176.0
2014-09-17,455.35,7754.0,1.510357848673066,515,15103,338,709,27946.0
2014-09-18,454.89,7549.0,1.6446118796662272,553,14780,357,2780,21135.0
2014-09-19,426.72,6575.0,1.87955643390426,510,13242,316,1943,20775.0
2014-09-20,398.59,5115.0,1.5439213564213563,398,11672,303,1445,17607.0
2014-09-21,408.04,6035.0,1.5439213564213563,413,12008,310,6021,17026.0
2014-09-22,402.66,7362.0,1.5439213564213563,464,13577,335,1310,14984.0
2014-09-23,399.96,8023.0,1.87955643390426,504,14739,345,-358,23489.0
2014-09-24,425.2,9988.0,1.87955643390426,408,13253,315,3161,20675.0
2014-09-25,425.22,8054.0,1.6446118796662272,479,13440,333,2458,20757.0
2014-09-26,410.39,6496.0,1.510357848673066,481,12988,296,1960,19512.0
2014-09-27,399.63,4754.0,1.4432308331764854,380,10874,251,1174,17202.0
2014-09-28,400.86,4968.0,1.5439213564213563,430,12182,261,6784,16636.0
2014-09-29,384.12,7523.0,1.778865910659389,495,12977,317,2659,19660.0
2014-09-30,376.68,7289.0,1.6446118796662272,446,12801,298,4519,21073.0
2014-10-01,384.7,7690.0,1.5774848641696468,412,12297,279,4240,18636.0
2014-10-02,373.14,7319.0,1.4767943409247757,434,11938,290,1756,18380.0
2014-10-03,375.96,6609.0,1.7453024029110986,417,13051,247,3897,20207.0
2014-10-04,362.11,5086.0,1.6446118796662272,360,11652,214,5848,18214.0
2014-10-05,334.94,5626.0,2.0138104648974213,362,12216,205,10200,20031.0
2014-10-06,315.09,8629.0,2.2487550191354537,513,12746,239,4151,25065.0
2014-10-07,333.68,8411.0,1.87955643390426,459,13239,269,3768,22543.0
2014-10-08,331.0,7938.0,1.87955643390426,438,12184,330,3905,24408.0
2014-10-09,345.6,7533.0,1.812429418407679,375,12148,274,3896,24075.0
2014-10-10,366.31,6694.0,1.778865910659389,384,11287,264,5054,19090.0
2014-10-11,359.67,5091.0,1.510357848673066,367,10530,270,2619,17107.0
2014-10-12,366.33,5178.0,1.510357848673066,290,10470,269,8590,17072.0
2014-10-13,369.74,7605.0,1.5774848641696468,416,12020,353,2253,22018.0
2014-10-14,383.29,8261.0,1.812429418407679,441,12657,297,3035,25804.0
2014-10-15,402.46,7663.0,1.7117388951628083,457,12680,310,4285,23992.0
2014-10-16,392.54,6182.0,1.678175387414518,386,11778,304,4240,24445.0
2014-10-17,381.82,5582.0,1.5439213564213563,353,11094,299,3728,21491.0
2014-10-18,380.69,4342.0,1.4432308331764854,298,9899,226,3737,20572.0
2014-10-19,387.64,4415.0,1.409667325428195,303,9390,218,7490,18259.0
2014-10-20,388.46,5532.0,1.4432308331764854,402,12167,268,1434,23312.0
2014-10-21,381.29,5630.0,1.4767943409247757,412,12981,272,2323,22499.0
2014-10-22,378.31,5623.0,1.409667325428195,404,12323,286,2870,20348.0
2014-10-23,381.92,5267.0,1.4767943409247757,427,12306,245,3128,21036.0
2014-10-24,362.39,4682.0,1.3425403099316142,355,11298,250,2305,11147.0
2014-10-25,356.69,3674.0,1.3425403099316142,348,10144,244,5266,22449.0
2014-10-26,348.43,4009.0,1.3761038176799045,321,10180,272,3356,20090.0
2014-10-27,350.32,5343.0,1.3761038176799045,407,10834,277,3406,21632.0
2014-10-28,352.32,5654.0,1.4767943409247757,362,11602,253,3195,20173.0
2014-10-29,353.86,5616.0,1.4767943409247757,363,12719,261,2271,22081.0
2014-10-30,340.2,5294.0,1.4432308331764854,427,12529,277,2551,22855.0
2014-10-31,342.12,4989.0,1.2418497866867433,399,10941,270,3361,22906.0
2014-11-01,336.23,4324.0,1.308976802183324,282,9025,204,2859,30263.0
2014-11-02,326.35,5608.0,1.3425403099316142,365,9733,220,8218,21408.0
2014-11-03,324.45,6431.0,1.4432308331764854,407,11061,307,2023,26060.0
2014-11-04,326.45,6571.0,1.3761038176799045,392,11306,315,2016,20992.0
2014-11-05,327.98,6609.0,1.4767943409247757,361,11061,314,3174,20871.0
2014-11-06,341.03,7431.0,1.678175387414518,368,11122,278,3722,24348.0
2014-11-07,346.86,7378.0,1.6110483719179371,419,11046,266,2628,24244.0
2014-11-08,342.99,4773.0,1.4767943409247757,322,9809,258,951,18964.0
2014-11-09,344.23,4998.0,1.6110483719179371,325,8964,208,7092,18949.0
2014-11-10,357.54,6910.0,1.7453024029110986,394,10250,257,2435,22516.0
2014-11-11,374.76,6843.0,1.5774848641696468,405,11393,308,1709,23156.0
2014-11-12,366.74,7093.0,1.8459929261559698,409,12017,283,3801,25601.0
2014-11-13,413.77,7653.0,2.0138104648974213,422,11457,282,2939,26798.0
2014-11-14,418.8,6892.0,1.7117388951628083,317,9512,248,5032,23449.0
2014-11-15,396.8,4595.0,1.5439213564213563,311,9184,253,3151,21104.0
2014-11-16,379.74,4796.0,1.510357848673066,357,9010,244,6898,21652.0
2014-11-17,386.74,6905.0,1.6110483719179371,409,10758,272,1787,25728.0
2014-11-18,388.9,7433.0,1.5774848641696468,383,10839,326,2274,28238.0
2014-11-19,376.57,6431.0,1.5774848641696468,394,10271,310,2090,25117.0
2014-11-20,376.93,5947.0,1.4432308331764854,379,10543,228,3053,23707.0
2014-11-21,361.7,5389.0,1.4432308331764854,354,9656,254,2480,24577.0
2014-11-22,351.01,3880.0,1.3761038176799045,364,8770,221,2331,22344.0
2014-11-23,355.25,62458.0,1.308976802183324,351,9247,224,6935,20544.0
2014-11-24,363.06,5374.0,1.4432308331764854,393,10366,261,1697,25545.0
2014-11-25,378.3,5349.0,1.409667325428195,403,10906,296,1740,25985.0
2014-11-26,377.93,5578.0,1.409667325428195,401,10371,344,2415,27929.0
2014-11-27,369.61,5310.0,1.409667325428195,362,9834,273,2343,25790.0
2014-11-28,369.79,4505.0,1.308976802183324,367,8778,266,2900,24830.0
2014-11-29,375.03,3761.0,1.2754132944350336,307,8570,245,1621,26555.0
2014-11-30,376.28,4515.0,1.308976802183324,330,8848,231,7597,20117.0
2014-12-01,377.59,6096.0,1.4432308331764854,354,9560,253,2348,26508.0
2014-12-02,379.24,6446.0,1.6110483719179371,396,10092,318,2537,32744.0
2014-12-03,381.39,6386.0,1.5774848641696468,393,10297,239,2602,24990.0
2014-12-04,377.54,7393.0,1.3761038176799045,357,10253,299,2672,26370.0
2014-12-05,372.21,5720.0,1.3425403099316142,375,9937,229,4212,25043.0
2014-12-06,372.56,3885.0,1.308976802183324,326,9250,244,2180,21503.0
2014-12-07,375.12,4386.0,1.4767943409247757,343,8946,240,7053,21983.0
2014-12-08,375.34,6713.0,1.5774848641696468,362,9980,275,1889,24899.0
2014-12-09,365.7,6454.0,1.4767943409247757,415,10347,267,2319,27224.0
2014-12-10,352.35,5883.0,1.4767943409247757,375,10367,289,2810,25421.0
2014-12-11,348.02,9168.0,2.080937480394002,386,10490,303,2529,32162.0
2014-12-12,349.98,7243.0,1.8459929261559698,356,10727,295,4181,25383.0
2014-12-13,352.15,4247.0,1.5774848641696468,342,9420,297,656,26584.0
2014-12-14,347.43,3999.0,1.5439213564213563,331,8947,258,6375,23579.0
2014-12-15,351.11,5927.0,1.5439213564213563,422,9875,285,1988,26094.0
2014-12-16,340.24,7242.0,1.778865910659389,390,10199,286,2154,27622.0
2014-12-17,330.69,6673.0,1.678175387414518,448,11248,307,3970,28350.0
2014-12-18,320.79,5753.0,1.6446118796662272,442,10509,376,3305,26969.0
2014-12-19,312.43,5087.0,1.5439213564213563,403,9884,272,3956,23574.0
2014-12-20,314.99,4034.0,1.3425403099316142,364,8233,277,4540,23524.0
2014-12-21,326.96,3784.0,1.4432308331764854,387,8503,300,4129,21411.0
2014-12-22,322.57,5331.0,1.510357848673066,369,10031,285,2358,23172.0
2014-12-23,330.07,4934.0,1.4767943409247757,381,9903,271,3274,25504.0
2014-12-24,334.74,4058.0,1.409667325428195,364,8451,231,2468,24192.0
2014-12-25,325.19,3380.0,1.3761038176799045,274,6912,192,2309,21216.0
2014-12-26,318.48,4767.0,1.7117388951628083,298,7688,229,3578,21728.0
2014-12-27,326.1,10366.0,3.356350774829036,327,8198,235,2801,21543.0
2014-12-28,316.53,5901.0,1.4767943409247757,339,8350,222,6224,18427.0
2014-12-29,316.67,10143.0,1.510357848673066,382,9538,297,1001,19605.0
2014-12-30,314.42,6531.0,1.4767943409247757,361,9460,301,1831,19477.0
2014-12-31,309.81,5450.0,1.4432308331764854,363,8922,219,1650,20017.0
2015-01-01,316.9,4330.0,1.2754132944350336,297,9080,207,1262,18681.0
2015-01-02,315.23,5519.0,1.4432308331764854,359,10490,286,3779,9385.0
2015-01-03,315.03,4981.0,1.6110483719179371,353,11439,331,3015,9385.0
2015-01-04,293.11,5365.0,1.9131199416525504,421,11733,259,2995,7300.0
2015-01-05,271.68,7109.0,1.87955643390426,419,11827,294,1913,23092.0
2015-01-06,271.39,8907.0,1.9802469571491308,437,11979,279,2355,25041.0
2015-01-07,282.85,7537.0,1.678175387414518,399,11183,273,1668,26987.0
2015-01-08,293.46,8469.0,1.5439213564213563,371,11081,292,1714,22546.0
2015-01-09,287.17,6350.0,1.5774848641696468,398,11608,258,4488,30439.0
2015-01-10,278.13,5236.0,1.5439213564213563,298,10820,292,5313,22162.0
2015-01-11,277.14,4747.0,1.4432308331764854,359,10573,331,3102,20760.0
2015-01-12,268.93,6253.0,1.510357848673066,442,11915,459,1430,24861.0
2015-01-13,268.91,8317.0,1.87955643390426,507,4197,419,2076,30086.0
2015-01-14,234.63,7855.0,2.718644127611519,504,13806,287,3132,35414.0
2015-01-15,192.13,10457.0,2.349445542380325,457,11533,295,3221,26417.0
2015-01-16,208.79,6680.0,2.047373972645712,397,11369,260,4957,26448.0
2015-01-17,208.81,4282.0,1.678175387414518,376,9541,247,5150,19187.0
2015-01-18,200.21,4386.0,1.5774848641696468,334,9925,215,3476,24812.0
2015-01-19,209.06,6279.0,1.510357848673066,380,10634,309,2715,27548.0
2015-01-20,215.72,5654.0,1.5774848641696468,482,11233,292,2512,26982.0
2015-01-21,211.52,6789.0,1.7117388951628083,438,9774,328,2856,24660.0
2015-01-22,220.0,6688.0,1.5774848641696468,0,0,0,2724,25882.0
2015-01-23,232.36,6572.0,1.5439213564213563,635,9703,1781,3499,24058.0
2015-01-24,232.38,4057.0,1.5439213564213563,313,7619,1423,3906,32718.0
2015-01-25,246.29,4073.0,1.5439213564213563,420,10796,1573,7409,21312.0
2015-01-26,250.55,7157.0,2.148064495890583,498,12137,1687,2185,33929.0
2015-01-27,273.97,6899.0,1.8459929261559698,470,10786,1644,2384,26135.0
2015-01-28,261.86,6787.0,1.6446118796662272,382,11005,1645,1132,27422.0
2015-01-29,240.7,5656.0,1.678175387414518,438,10680,1638,2069,25184.0
2015-01-30,232.02,4851.0,1.510357848673066,429,9955,1737,2148,22919.0
2015-01-31,228.99,4192.0,1.3761038176799045,372,8911,1453,1917,18146.0
2015-02-01,223.65,3722.0,1.409667325428195,265,6923,1062,3520,19445.0
2015-02-02,223.54,4526.0,1.3761038176799045,404,10018,1202,663,24761.0
2015-02-03,230.6,5486.0,1.4767943409247757,394,10158,1281,2558,33419.0
2015-02-04,229.09,5926.0,1.4767943409247757,461,10056,1250,2662,22995.0
2015-02-05,226.62,6682.0,1.6446118796662272,470,10399,1275,2092,28935.0
2015-02-06,218.86,6049.0,1.510357848673066,556,10088,1303,4983,23289.0
2015-02-07,222.08,6211.0,1.678175387414518,404,9243,1182,1424,19540.0
2015-02-08,227.2,6281.0,1.678175387414518,401,9188,1066,5142,20792.0
2015-02-09,223.57,7996.0,1.678175387414518,396,10493,1138,1867,24642.0
2015-02-10,220.59,8149.0,1.7453024029110986,422,10887,1097,2029,24331.0
2015-02-11,219.78,8047.0,1.5774848641696468,428,10889,1022,3304,39339.0
2015-02-12,220.27,6754.0,1.4767943409247757,459,10593,1120,6239,25742.0
2015-02-13,221.35,5715.0,1.4767943409247757,470,11084,1172,11161,27697.0
2015-02-14,236.64,7508.0,1.510357848673066,399,9169,1437,3203,19041.0
2015-02-15,251.7,6063.0,1.510357848673066,420,10754,1476,8223,21846.0
2015-02-16,239.64,5730.0,1.4432308331764854,460,10656,1353,2477,24782.0
2015-02-17,234.86,5850.0,1.510357848673066,459,11016,1237,6417,24354.0
2015-02-18,241.45,5819.0,1.5439213564213563,433,10814,1221,2763,22628.0
2015-02-19,237.79,6930.0,1.6446118796662272,401,11462,1164,2323,24979.0
2015-02-20,239.72,9436.0,2.2823185268837443,414,11277,1069,2722,29514.0
2015-02-21,243.0,4711.0,1.5774848641696468,360,10712,1031,3850,20543.0
2015-02-22,244.41,4509.0,1.5439213564213563,376,10543,1223,6083,20579.0
2015-02-23,237.8,6236.0,1.4432308331764854,404,10421,1382,2284,23428.0
2015-02-24,239.13,5798.0,1.3761038176799045,467,11505,1653,1638,24385.0
2015-02-25,238.4,5606.0,1.409667325428195,493,11391,1498,3165,24137.0
2015-02-26,237.49,5717.0,1.3425403099316142,484,10940,1272,3068,26283.0
2015-02-27,236.25,5234.0,1.409667325428195,380,11228,1135,2350,30545.0
2015-02-28,252.63,4153.0,1.3761038176799045,328,10115,1036,4919,20811.0
2015-03-01,257.25,5846.0,1.3425403099316142,359,9688,1202,5245,18895.0
2015-03-02,253.49,5657.0,1.5198569546395633,455,11085,1119,2975,23297.0
2015-03-03,267.96,5530.0,1.5198569546395633,424,12338,1128,946,25764.0
2015-03-04,279.85,6199.0,1.443864106907585,484,13324,1196,2486,25007.0
2015-03-05,275.94,5580.0,1.5198569546395633,511,12374,1457,3485,24174.0
2015-03-06,273.65,6354.0,1.7731664470794903,393,10776,1175,2528,22774.0
2015-03-07,273.22,150000.0,1.8744902440554614,445,10608,999,3002,19322.0
2015-03-08,275.99,150000.0,1.6211807516155343,408,10374,1016,5815,19396.0
2015-03-09,275.01,150000.0,1.6718426501035193,473,12124,1126,1712,23937.0
2015-03-10,286.53,47922.0,1.6465117008595271,532,12923,1097,1868,28378.0
2015-03-11,292.42,115838.0,1.6211807516155343,489,12399,1223,2344,25733.0
2015-03-12,295.09,29582.0,1.5705188531275487,477,12053,1227,3042,24527.0
2015-03-13,294.94,6954.0,1.5451879038835559,412,10426,1228,2413,25574.0
2015-03-14,287.83,7346.0,1.4945260053955707,401,9412,1131,3560,21952.0
2015-03-15,282.82,6148.0,1.4691950561515779,380,9777,1278,5364,24161.0
2015-03-16,282.14,66889.0,1.4945260053955707,472,10596,1260,2575,24071.0
2015-03-17,290.83,19431.0,1.4945260053955707,459,10546,1269,1959,36584.0
2015-03-18,287.38,34533.0,1.5705188531275487,475,11066,1176,2107,24807.0
2015-03-19,265.06,27354.0,1.6211807516155343,453,10011,1356,2488,31393.0
2015-03-20,258.2,12680.0,1.4185331576635924,375,9137,1237,3395,26773.0
2015-03-21,260.33,6479.0,1.2918784114436288,334,8756,1124,4061,23297.0
2015-03-22,259.99,4284.0,1.3425403099316142,356,9295,1940,4988,27846.0
2015-03-23,265.45,5522.0,1.3678712591756068,393,10930,1542,2986,34762.0
2015-03-24,265.95,7500.0,1.5198569546395633,436,10763,1091,2383,31576.0
2015-03-25,250.16,6228.0,1.5451879038835559,467,11235,1146,3979,35297.0
2015-03-26,246.17,6887.0,1.3425403099316142,406,9744,1166,1823,37079.0
2015-03-27,249.6,5370.0,1.3425403099316142,356,9722,1124,2894,36691.0
2015-03-28,247.5,3634.0,1.2158855637116506,352,8640,1240,2367,31697.0
2015-03-29,252.13,3781.0,1.2158855637116506,398,9474,1235,6846,31897.0
2015-03-30,243.86,7217.0,1.5705188531275487,404,10117,1324,2580,38669.0
2015-03-31,247.6,7764.0,1.4945260053955707,437,11036,1466,3152,35388.0
2015-04-01,244.67,6764.0,1.3932022084195996,449,11305,343,2131,34237.0
2015-04-02,245.31,6526.0,1.4185331576635924,311,7876,226,3270,29264.0
2015-04-03,251.39,5815.0,1.3678712591756068,391,10014,436,2539,30317.0
2015-04-04,253.7,5302.0,1.2918784114436288,346,8912,299,3807,27885.0
2015-04-05,253.04,3814.0,1.2918784114436288,361,9350,303,5184,29227.0
2015-04-06,257.89,4870.0,1.3678712591756068,408,10513,467,1941,29046.0
2015-04-07,255.91,5788.0,1.3425403099316142,522,10673,522,3520,29994.0
2015-04-08,254.27,5558.0,1.3932022084195996,465,11019,311,2458,37076.0
2015-04-09,246.78,5987.0,1.4185331576635924,431,11382,287,3800,37353.0
2015-04-10,240.83,4904.0,1.3678712591756068,456,11470,470,3155,28657.0
2015-04-11,236.57,3661.0,1.2412165129556434,390,10180,392,5246,27225.0
2015-04-12,236.38,3599.0,1.2158855637116506,365,10051,252,7129,25877.0
2015-04-13,236.41,5337.0,1.3678712591756068,437,10476,277,1033,29205.0
2015-04-14,227.79,5851.0,1.4185331576635924,377,10402,397,3238,30124.0
2015-04-15,220.4,4953.0,1.2918784114436288,439,10470,344,2916,28598.0
2015-04-16,222.02,5415.0,1.2918784114436288,360,10094,358,2365,34517.0
2015-04-17,228.26,6207.0,1.266547462199636,397,10417,207,3116,28275.0
2015-04-18,223.66,5354.0,1.2158855637116506,350,8668,222,3788,25659.0
2015-04-19,223.03,5267.0,1.2158855637116506,327,8924,214,5454,26993.0
2015-04-20,225.62,7452.0,1.266547462199636,374,9822,232,2427,28470.0
2015-04-21,224.39,7486.0,1.3678712591756068,427,9920,243,2001,32701.0
2015-04-22,229.94,8234.0,1.3678712591756068,400,10414,237,2727,30895.0
2015-04-23,235.37,9338.0,1.3172093606876214,402,9610,249,2764,30202.0
2015-04-24,235.27,7734.0,1.2158855637116506,390,9140,202,2524,35266.0
2015-04-25,229.53,6142.0,1.2412165129556434,336,9232,201,3017,25715.0
2015-04-26,227.86,10234.0,1.2158855637116506,352,9944,189,5188,36471.0
2015-04-27,218.85,8073.0,1.2412165129556434,365,10492,241,1602,39066.0
2015-04-28,224.7,11112.0,1.266547462199636,534,11088,263,2160,31957.0
2015-04-29,225.68,5887.0,1.3172093606876214,396,10428,235,2951,30639.0
2015-04-30,228.85,7118.0,1.3425403099316142,463,9876,295,1690,29720.0
2015-05-01,235.08,6228.0,1.2412165129556434,375,9638,239,2418,27237.0
2015-05-02,234.19,4881.0,1.1145617667356797,366,9126,179,3859,25012.0
2015-05-03,235.37,4888.0,1.1398927159796723,359,8951,196,6922,27042.0
2015-05-04,240.72,5140.0,1.2412165129556434,458,10142,226,2839,29448.0
2015-05-05,238.75,6053.0,1.2412165129556434,393,10470,235,-318,27820.0
2015-05-06,236.09,6110.0,1.2412165129556434,401,9531,234,2582,29624.0
2015-05-07,233.32,6227.0,1.266547462199636,358,9792,210,3624,27526.0
2015-05-08,235.98,5977.0,1.1652236652236652,364,9392,180,4385,25655.0
2015-05-09,242.98,5069.0,1.1145617667356797,363,8179,205,2276,23791.0
2015-05-10,241.63,7158.0,1.1652236652236652,454,7999,413,4895,31503.0
2015-05-11,240.85,7245.0,1.2918784114436288,376,8847,260,2162,32317.0
2015-05-12,242.35,6967.0,1.3172093606876214,366,9451,317,2472,30635.0
2015-05-13,241.84,6298.0,1.266547462199636,414,9579,268,4028,30934.0
2015-05-14,240.56,8475.0,1.4945260053955707,351,9169,247,3513,31708.0
2015-05-15,238.53,6345.0,1.266547462199636,423,9491,278,3318,42997.0
2015-05-16,237.88,7085.0,1.3172093606876214,332,8249,275,3123,32407.0
2015-05-17,236.94,5114.0,1.266547462199636,375,8321,293,4317,32810.0
2015-05-18,237.05,6494.0,1.3425403099316142,453,10053,344,6447,34624.0
2015-05-19,235.09,9019.0,1.443864106907585,454,10059,306,-223,34750.0
2015-05-20,234.29,9044.0,1.3932022084195996,448,10340,276,2370,30108.0
2015-05-21,234.42,7526.0,1.3678712591756068,405,9796,293,2640,27578.0
2015-05-22,235.84,6527.0,1.3172093606876214,5,137,4,3152,29926.0
2015-05-24,239.79,4959.0,1.2918784114436288,1,1,0,3963,27968.0
2015-05-25,240.56,5748.0,1.2412165129556434,336,5205,154,2280,30637.0
2015-05-26,237.99,6505.0,1.2918784114436288,199,4235,204,3839,34578.0
2015-05-27,237.61,7097.0,1.3425403099316142,455,9097,451,2625,29218.0
2015-05-28,237.62,6625.0,1.2158855637116506,444,8837,299,2297,23591.0
2015-05-29,237.88,7126.0,1.3172093606876214,491,8357,452,2875,24045.0
2015-05-30,235.22,8361.0,1.5451879038835559,412,7797,223,4072,23844.0
2015-05-31,233.87,5410.0,1.443864106907585,367,8086,364,2422,24048.0
2015-06-01,231.75,6405.0,1.3425403099316142,465,8624,326,963,27087.0
2015-06-02,224.65,7079.0,1.2412165129556434,451,9220,414,1911,28566.0
2015-06-03,225.62,6053.0,1.190554614467658,479,9254,640,-334,34732.0
2015-06-04,226.09,6658.0,1.2918784114436288,488,8865,373,-1917,76661.0
2015-06-05,225.45,5625.0,1.2412165129556434,426,8736,304,2766,28700.0
2015-06-06,225.47,4570.0,1.190554614467658,497,7590,246,5166,27936.0
2015-06-07,226.07,3912.0,1.2158855637116506,369,7844,234,4197,26086.0
2015-06-08,224.38,5660.0,1.1398927159796723,341,8253,273,9662,46002.0
2015-06-09,228.58,5939.0,1.2158855637116506,460,8677,319,4270,43106.0
2015-06-10,230.18,5474.0,1.2918784114436288,342,8845,332,2612,26645.0
2015-06-11,229.69,5730.0,1.266547462199636,416,8721,269,56,52355.0
2015-06-12,230.41,4543.0,1.190554614467658,356,8317,249,-2464,36988.0
2015-06-13,231.01,3214.0,1.1145617667356797,312,7324,280,-452,21875.0
2015-06-14,234.94,3222.0,1.190554614467658,321,7587,307,3485,46935.0
2015-06-15,234.14,4580.0,1.2158855637116506,371,8651,292,3267,28128.0
2015-06-16,236.98,4854.0,1.3172093606876214,438,9506,320,1126,84152.0
2015-06-17,246.68,4712.0,1.4185331576635924,440,9266,385,1793,35914.0
2015-06-18,250.58,9010.0,2.533094924399272,365,8887,235,1898,38557.0
2015-06-19,248.16,5298.0,1.5198569546395633,368,7855,245,6399,28107.0
2015-06-20,246.24,4123.0,1.4185331576635924,297,7809,221,2209,25438.0
2015-06-21,244.8,3685.0,1.2918784114436288,326,7820,260,5337,23500.0
2015-06-22,244.19,4960.0,1.3172093606876214,365,9010,340,3352,27394.0
2015-06-23,246.66,4899.0,1.2412165129556434,386,9142,363,2640,28352.0
2015-06-24,244.9,7226.0,1.266547462199636,351,9165,264,3047,36725.0
2015-06-25,242.2,5782.0,1.4185331576635924,369,8776,258,3084,26008.0
2015-06-26,243.07,4377.0,1.190554614467658,370,8392,281,5063,23984.0
2015-06-27,242.98,3592.0,1.3172093606876214,352,8141,269,3824,23636.0
2015-06-28,249.0,4077.0,1.3172093606876214,377,8124,369,4874,25663.0
2015-06-29,251.31,5551.0,1.4945260053955707,420,9592,316,3257,40197.0
2015-06-30,254.95,6390.0,1.899821193299454,451,9635,326,8531,33375.0
2015-07-01,262.37,13645.0,1.6465117008595271,386,8844,1305,2180,29052.0
2015-07-02,259.0,10097.0,1.4945260053955707,384,8864,420,4436,27119.0
2015-07-03,256.05,8900.0,1.5198569546395633,390,7880,648,4585,25771.0
2015-07-04,258.58,7897.0,1.5705188531275487,320,7608,856,5693,23847.0
2015-07-05,259.03,8579.0,1.6971735993475123,301,7956,262,6602,24976.0
2015-07-06,268.72,12143.0,1.8744902440554614,332,8673,229,4981,36903.0
2015-07-07,271.16,14539.0,1.6718426501035193,424,9035,350,7243,29915.0
2015-07-08,266.53,14427.0,1.6718426501035193,407,9288,315,8045,36474.0
2015-07-09,274.68,12306.0,1.6211807516155343,427,9350,503,5027,30281.0
2015-07-10,269.38,10127.0,1.6971735993475123,480,10361,420,1119,29616.0
2015-07-11,285.13,7117.0,1.6718426501035193,373,8295,302,8455,24645.0
2015-07-12,292.12,7410.0,1.823828345567476,383,8637,416,6036,26775.0
2015-07-13,307.26,11428.0,1.6971735993475123,497,9523,281,2025,42326.0
2015-07-14,289.22,9570.0,1.4945260053955707,393,8494,278,-2304,50267.0
2015-07-15,289.16,9499.0,1.4945260053955707,409,8381,272,2855,38595.0
2015-07-16,288.1,9473.0,1.5198569546395633,412,8329,280,4480,35125.0
2015-07-17,279.14,8641.0,1.3425403099316142,374,7485,245,3216,29831.0
2015-07-18,278.05,6400.0,1.4185331576635924,303,7041,171,3715,25985.0
2015-07-19,275.93,11200.0,1.443864106907585,375,6966,176,8396,25071.0
2015-07-20,273.69,11084.0,1.4185331576635924,398,9072,576,1444,36888.0
2015-07-21,277.54,10495.0,1.3425403099316142,426,9124,295,3625,30095.0
2015-07-22,277.66,10451.0,1.4185331576635924,457,8876,472,1526,44651.0
2015-07-23,276.76,11412.0,1.3172093606876214,359,9011,317,1003,33408.0
2015-07-24,280.17,9069.0,1.3932022084195996,365,7363,240,3241,28664.0
2015-07-25,286.01,6845.0,1.3172093606876214,349,7405,661,2065,21076.0
2015-07-26,288.34,8079.0,1.5198569546395633,303,7442,715,5414,15592.0
2015-07-27,291.47,10170.0,1.5958498023715413,396,8528,503,4058,30972.0
2015-07-28,292.7,10121.0,1.4945260053955707,430,8975,318,3589,33519.0
2015-07-29,291.9,10702.0,1.3932022084195996,390,8612,254,2767,37726.0
2015-07-30,290.83,10162.0,1.3172093606876214,415,8372,294,2231,33018.0
2015-07-31,287.88,8131.0,1.2918784114436288,381,8492,242,3761,27789.0
2015-08-01,285.02,8749.0,2.0518068887634104,448,8002,820,2076,26960.0
2015-08-02,281.18,6041.0,1.798497396323483,304,7881,710,7194,24294.0
2015-08-03,281.43,6153.0,1.5958498023715413,359,9132,374,3413,35036.0
2015-08-04,282.55,5479.0,1.5198569546395633,419,9416,248,4148,34486.0
2015-08-05,284.78,5156.0,1.3932022084195996,446,9132,268,6147,31470.0
2015-08-06,282.66,4916.0,1.3678712591756068,453,8834,283,2208,35658.0
2015-08-07,279.43,4635.0,1.3932022084195996,437,8467,372,1255,47467.0
2015-08-08,275.92,3505.0,1.3678712591756068,523,7988,331,2427,29031.0
2015-08-09,267.89,3500.0,1.3172093606876214,432,8921,310,4937,27132.0
2015-08-10,264.02,4426.0,1.3932022084195996,427,9182,306,3453,27744.0
2015-08-11,264.33,4800.0,1.2918784114436288,413,9382,296,2445,26653.0
2015-08-12,268.01,4987.0,1.3678712591756068,402,8711,290,4985,29241.0
2015-08-13,266.05,6524.0,1.3932022084195996,401,8851,281,2482,31087.0
2015-08-14,264.91,4393.0,1.266547462199636,329,8489,224,3972,30737.0
2015-08-15,265.8,3338.0,1.190554614467658,332,8024,243,2959,28722.0
2015-08-16,263.84,3518.0,1.3932022084195996,278,8093,220,5349,24050.0
2015-08-17,258.76,4773.0,1.3172093606876214,380,8697,305,898,37040.0
2015-08-18,252.11,6739.0,1.5705188531275487,458,9975,292,4492,28767.0
2015-08-19,241.71,6935.0,1.9504830917874396,453,9933,358,3054,28539.0
2015-08-20,230.14,6181.0,1.6971735993475123,380,9535,284,3573,36462.0
2015-08-21,234.01,5400.0,1.6211807516155343,374,9133,237,2792,39012.0
2015-08-22,233.09,3801.0,1.4185331576635924,334,8244,388,6429,34967.0
2015-08-23,227.41,4536.0,1.5705188531275487,296,7955,241,7399,27692.0
2015-08-24,228.45,7339.0,1.722504548591505,488,9733,358,1767,34342.0
2015-08-25,215.25,5891.0,1.798497396323483,353,9977,313,4885,37941.0
2015-08-26,219.01,5667.0,1.5451879038835559,375,9536,329,1310,33987.0
2015-08-27,226.32,4935.0,1.3678712591756068,418,9008,357,7195,34558.0
2015-08-28,226.6,4292.0,1.3425403099316142,331,8364,347,6415,39945.0
2015-08-29,230.39,3771.0,1.4185331576635924,383,8120,372,1460,14768.0
2015-08-30,230.08,3976.0,1.443864106907585,365,7712,560,4362,32134.0
2015-08-31,228.79,5041.0,1.3172093606876214,372,8820,625,481,35949.0
2015-09-01,230.45,5792.0,1.3678712591756068,393,9130,313,910,37021.0
2015-09-02,229.36,5351.0,1.3678712591756068,365,9223,244,4607,39013.0
2015-09-03,229.03,5071.0,1.266547462199636,405,9460,285,2250,42474.0
2015-09-04,228.22,4257.0,1.266547462199636,365,8808,333,2681,36321.0
2015-09-05,230.52,3189.0,1.266547462199636,309,8038,297,936,29023.0
2015-09-06,234.14,3376.0,1.2412165129556434,370,8277,321,4488,35583.0
2015-09-07,240.17,4324.0,1.2158855637116506,342,9370,295,2598,38792.0
2015-09-08,240.43,5249.0,1.2918784114436288,375,9775,255,3681,46889.0
2015-09-09,243.59,5276.0,1.3425403099316142,319,9626,344,1364,16909.0
2015-09-10,240.26,5148.0,1.3425403099316142,364,9924,273,1162,37882.0
2015-09-11,239.02,4869.0,1.2918784114436288,350,9405,229,4210,38518.0
2015-09-12,238.35,3520.0,1.2412165129556434,303,8293,248,6039,32205.0
2015-09-13,236.7,3705.0,1.2412165129556434,309,8764,265,5485,40350.0
2015-09-14,231.66,5384.0,1.266547462199636,336,10234,251,1630,16262.0
2015-09-15,230.23,5273.0,1.2918784114436288,370,9867,268,5548,20470.0
2015-09-16,230.4,5422.0,1.3172093606876214,347,10085,249,3823,45085.0
2015-09-17,229.78,5342.0,1.3678712591756068,356,9498,264,8205,33180.0
2015-09-18,233.01,5995.0,1.4945260053955707,378,8914,207,2507,31747.0
2015-09-19,233.06,3810.0,1.2918784114436288,237,7582,254,-1063,39778.0
2015-09-20,232.09,3857.0,1.190554614467658,294,8224,204,6056,65535.0
2015-09-21,231.68,5673.0,1.266547462199636,347,9527,224,202,59563.0
2015-09-22,229.18,6430.0,1.443864106907585,410,9867,265,3436,82378.0
2015-09-23,230.49,37796.0,1.3425403099316142,357,8850,239,2513,42946.0
2015-09-24,230.88,5583.0,1.3172093606876214,395,8989,233,2605,46527.0
2015-09-25,234.34,7094.0,1.3172093606876214,381,8861,233,2093,41322.0
2015-09-26,235.38,4079.0,1.2918784114436288,316,8373,241,-236,41039.0
2015-09-27,235.73,4132.0,1.266547462199636,322,8176,198,4466,30532.0
2015-09-28,233.55,5366.0,1.2918784114436288,366,8682,211,2900,35355.0
2015-09-29,238.39,5567.0,1.2918784114436288,356,9438,252,3689,40135.0
2015-09-30,237.95,5753.0,1.2918784114436288,331,9607,232,6138,43080.0
2015-10-01,237.2,5308.0,1.2158855637116506,375,9203,230,3063,41189.0
2015-10-02,238.9,4819.0,1.2412165129556434,367,9032,241,1268,35561.0
2015-10-03,237.91,3799.0,1.2158855637116506,309,8290,185,1854,49494.0
2015-10-04,239.33,4251.0,1.2412165129556434,311,8269,214,10407,33909.0
2015-10-05,239.55,5919.0,1.3425403099316142,368,9027,228,4185,32712.0
2015-10-06,240.01,8092.0,1.4185331576635924,379,9130,288,-41,39541.0
2015-10-07,245.88,6835.0,1.3172093606876214,349,8526,266,4081,38773.0
2015-10-08,244.84,5671.0,1.3678712591756068,343,9267,332,3686,35461.0
2015-10-09,243.91,5565.0,1.2918784114436288,360,8380,291,7155,30426.0
2015-10-10,244.77,4562.0,1.2158855637116506,315,7661,284,3910,29433.0
2015-10-11,245.82,4752.0,1.2412165129556434,328,8002,276,8799,27940.0
2015-10-12,249.43,5988.0,1.2918784114436288,372,8747,290,-70,34146.0
2015-10-13,246.25,5731.0,1.2918784114436288,408,8992,374,4798,31813.0
2015-10-14,249.49,7255.0,1.3425403099316142,385,8480,880,927,28030.0
2015-10-15,253.14,5408.0,1.2918784114436288,364,8618,2016,5134,37296.0
2015-10-16,255.27,5084.0,1.3678712591756068,363,8619,1197,2066,36070.0
2015-10-17,264.73,3919.0,1.4185331576635924,336,9095,1724,3648,31701.0
2015-10-18,269.65,4111.0,1.3678712591756068,358,8557,1518,5422,25220.0
2015-10-19,264.74,6278.0,1.3425403099316142,414,9062,1519,2778,35703.0
2015-10-20,264.43,5995.0,1.4691950561515779,397,8988,1326,7172,42914.0
2015-10-21,270.15,5703.0,1.4185331576635924,442,8816,3846,4189,38896.0
2015-10-22,272.37,6141.0,1.4945260053955707,474,9195,5047,5479,44027.0
2015-10-23,273.89,5772.0,1.5198569546395633,463,8754,4808,7040,37326.0
2015-10-24,277.57,4204.0,1.4691950561515779,409,8468,5166,1793,36013.0
2015-10-25,281.75,4814.0,1.5451879038835559,441,9209,4090,1212,30139.0
2015-10-26,288.55,6647.0,1.4691950561515779,541,9311,6600,6608,37096.0
2015-10-27,293.23,6508.0,1.5958498023715413,581,9670,5491,10926,50484.0
2015-10-28,294.32,6736.0,1.6465117008595271,588,10317,6194,5436,45782.0
2015-10-29,302.13,6750.0,1.823828345567476,491,10471,5000,3951,45960.0
2015-10-30,311.67,6559.0,1.9758140410314324,468,10295,5768,7726,32577.0
2015-10-31,326.27,4270.0,1.7478354978354977,427,9158,3143,5496,35257.0
2015-11-01,334.23,5066.0,1.7478354978354977,391,8357,492,-3902,31402.0
2015-11-02,320.98,6956.0,1.9475881261595547,532,9749,1091,4877,35962.0
2015-11-03,347.73,7919.0,2.746598639455782,618,12169,2339,11532,42652.0
2015-11-04,392.01,9399.0,3.745361781076066,716,13606,1893,5751,54768.0
2015-11-05,438.82,10587.0,3.19604205318491,633,10176,1844,8678,51405.0
2015-11-06,393.37,7167.0,2.3970315398886823,382,6837,1242,2352,43351.0
2015-11-07,372.47,5051.0,1.997526283240569,467,8982,2082,2892,36433.0
2015-11-08,384.45,6020.0,1.7478354978354977,438,8984,1315,27631,39567.0
2015-11-09,379.37,8518.0,2.0474644403215834,520,9135,1888,6540,45103.0
2015-11-10,378.42,7874.0,1.9475881261595547,580,9169,1752,5604,43853.0
2015-11-11,346.11,5780.0,1.8976499690785404,463,9022,2671,5780,34774.0
2015-11-12,314.08,6733.0,1.6978973407544835,469,8792,1364,5686,38371.0
2015-11-13,330.86,6108.0,1.598021026592455,479,7959,1234,5358,35364.0
2015-11-14,334.88,3789.0,1.3982683982683983,373,7801,475,3978,30226.0
2015-11-15,333.9,4459.0,1.4482065553494126,391,7419,1525,8459,32216.0
2015-11-16,325.14,5751.0,1.598021026592455,500,8103,1763,4443,35757.0
2015-11-17,327.75,6147.0,1.598021026592455,614,8853,1836,4944,36957.0
2015-11-18,335.44,5981.0,1.598021026592455,520,8667,1707,5472,40387.0
2015-11-19,334.99,5776.0,1.6978973407544835,522,8920,1586,3995,32915.0
2015-11-20,329.2,5623.0,1.6479591836734693,449,8918,1084,5046,33652.0
2015-11-21,321.77,4014.0,1.4981447124304268,457,8619,1754,176,25295.0
2015-11-22,326.15,4538.0,1.4981447124304268,430,8199,1667,13134,17983.0
2015-11-23,323.97,5361.0,1.598021026592455,450,8821,553,4101,21268.0
2015-11-24,323.24,5277.0,1.4981447124304268,493,8734,1381,7565,20427.0
2015-11-25,321.26,4797.0,1.3982683982683983,501,9050,1722,5149,27288.0
2015-11-26,335.8,5287.0,1.6479591836734693,488,9100,1837,3389,24681.0
2015-11-27,347.14,4260.0,1.4482065553494126,438,8852,692,4997,25861.0
2015-11-28,357.35,3801.0,1.4981447124304268,409,8402,617,4302,25749.0
2015-11-29,356.8,3961.0,1.4981447124304268,484,9169,498,5647,24219.0
2015-11-30,366.64,6172.0,1.6479591836734693,524,9420,2154,7504,26261.0
2015-12-01,373.97,6417.0,1.598021026592455,466,9219,1250,5286,25143.0
2015-12-02,364.56,5821.0,1.4981447124304268,589,9196,2018,5937,23887.0
2015-12-03,358.25,5971.0,1.4981447124304268,595,9315,1106,2295,23460.0
2015-12-04,362.24,6544.0,1.4482065553494126,640,8964,788,11001,22066.0
2015-12-05,362.1,4754.0,1.4482065553494126,715,8621,1548,4300,22531.0
2015-12-06,388.16,4314.0,1.598021026592455,661,8772,2045,8362,22728.0
2015-12-07,392.95,6032.0,1.6479591836734693,806,9275,1117,5134,25413.0
2015-12-08,394.58,9024.0,1.997526283240569,646,10188,761,7595,24716.0
2015-12-09,404.63,34963.0,4.294681508967223,898,10570,1776,5445,33862.0
2015-12-10,416.85,15921.0,2.746598639455782,714,10219,1212,6345,25232.0
2015-12-11,423.3,8654.0,2.24721706864564,681,10112,1017,8211,26210.0
2015-12-12,444.94,5274.0,2.0974025974025974,750,10295,899,4944,23062.0
2015-12-13,431.9,5145.0,1.797773654916512,854,9549,1246,12860,21459.0
2015-12-14,436.16,6878.0,1.8477118119975262,885,10352,1272,1831,32070.0
2015-12-15,442.7,7395.0,2.0474644403215834,763,10941,889,8465,28842.0
2015-12-16,461.23,6656.0,1.997526283240569,903,10326,1313,7747,27652.0
2015-12-17,455.18,5779.0,1.7478354978354977,840,10391,2931,6554,23729.0
2015-12-18,454.77,5039.0,1.7478354978354977,897,10450,1795,6229,24189.0
2015-12-19,461.99,4066.0,1.598021026592455,754,9325,1115,6796,21372.0
2015-12-20,461.95,3944.0,1.6479591836734693,704,9271,818,10422,19855.0
2015-12-21,447.36,5190.0,1.6978973407544835,883,9827,1731,5424,24803.0
2015-12-22,437.06,4947.0,1.6978973407544835,860,10605,3051,12638,25707.0
2015-12-23,437.05,5070.0,1.7478354978354977,816,10048,917,1763,26011.0
2015-12-24,442.7,4191.0,1.6978973407544835,655,8756,721,3944,23679.0
2015-12-25,454.47,2954.0,1.598021026592455,589,7758,815,4588,21240.0
2015-12-26,446.76,3676.0,1.6479591836734693,738,8706,896,3902,21795.0
2015-12-27,422.72,9421.0,1.6978973407544835,643,8912,920,9046,32284.0
2015-12-28,420.68,5099.0,1.6978973407544835,723,9057,1089,6339,31890.0
2015-12-29,422.21,5788.0,1.6479591836734693,619,9621,1331,6193,24417.0
2015-12-30,429.29,4921.0,1.6479591836734693,631,10120,857,8084,26654.0
2015-12-31,428.74,4094.0,1.4981447124304268,559,9173,706,4515,24012.0
2016-01-01,428.85,3369.0,1.4482065553494126,644,7990,889,5017,20122.0
2016-01-02,433.36,4209.0,1.4981447124304268,671,9484,957,4264,19715.0
2016-01-03,433.36,5347.0,1.4981447124304268,931,9499,1241,10103,19638.0
2016-01-04,428.82,6535.0,1.598021026592455,747,9212,911,5455,23308.0
2016-01-05,435.9,6309.0,1.6479591836734693,742,10368,1078,6674,27207.0
2016-01-06,432.62,5354.0,1.4981447124304268,644,10084,870,4360,24615.0
2016-01-07,430.49,6199.0,1.8477118119975262,665,10241,1049,8365,24700.0
2016-01-08,454.29,5337.0,1.797773654916512,815,10362,1282,3502,26040.0
2016-01-09,453.71,4003.0,1.598021026592455,684,9971,980,7244,20585.0
2016-01-10,447.46,4255.0,1.598021026592455,949,10220,1316,3903,20755.0
2016-01-11,447.29,5604.0,1.598021026592455,880,10744,1215,4708,23867.0
2016-01-12,448.09,5405.0,1.598021026592455,954,11111,1486,10874,27110.0
2016-01-13,442.4,5462.0,1.6479591836734693,920,11229,1531,2862,27094.0
2016-01-14,430.24,5450.0,1.598021026592455,803,10887,1312,4839,25568.0
2016-01-15,416.78,6402.0,2.3470933828076683,731,12215,1349,4173,31035.0
2016-01-16,380.95,5043.0,2.24721706864564,589,11154,1135,2439,28097.0
2016-01-17,381.85,5098.0,1.8477118119975262,643,11036,1210,8514,25408.0
2016-01-18,383.97,6754.0,1.8477118119975262,632,11346,1169,10339,29308.0
2016-01-19,384.97,6419.0,1.797773654916512,632,10696,1312,-3123,24617.0
2016-01-20,384.51,5912.0,1.997526283240569,610,11503,1137,9362,29720.0
2016-01-21,409.94,6119.0,1.8976499690785404,681,11878,1344,1691,29595.0
2016-01-22,406.89,5649.0,1.7478354978354977,702,11530,1223,2331,27533.0
2016-01-23,386.5,3563.0,1.5480828695114408,553,10016,985,5919,23029.0
2016-01-24,391.01,4104.0,1.5480828695114408,538,10659,1099,7706,22635.0
2016-01-25,400.44,5822.0,1.5480828695114408,620,10687,1392,6250,25172.0
2016-01-26,393.52,5316.0,1.598021026592455,666,10771,1547,7574,26057.0
2016-01-27,393.96,6208.0,1.5480828695114408,761,10586,2044,2056,28379.0
2016-01-28,392.71,7016.0,1.598021026592455,606,9865,1755,7354,26070.0
2016-01-29,381.27,6407.0,1.5480828695114408,648,10127,1582,-934,29331.0
2016-01-30,378.36,3855.0,1.3982683982683983,547,9476,1556,6905,25049.0
2016-01-31,378.5,3433.0,1.4981447124304268,646,9359,1222,10195,27728.0
2016-02-01,374.88,5163.0,1.5480828695114408,662,10003,1711,7526,29309.0
2016-02-02,373.13,5442.0,1.4482065553494126,662,10175,1511,6847,26458.0
2016-02-03,374.48,5195.0,1.4482065553494126,650,10647,1241,2016,27023.0
2016-02-04,373.58,5429.0,1.5480828695114408,647,10319,1430,10124,26103.0
2016-02-05,386.49,4215.0,1.3982683982683983,550,10271,1072,4710,26621.0
2016-02-06,384.98,3588.0,1.3982683982683983,550,10050,1893,8953,23929.0
2016-02-07,377.2,3915.0,1.3982683982683983,494,10486,1896,14443,24021.0
2016-02-08,376.51,4821.0,1.4482065553494126,574,10701,1308,3446,27363.0
2016-02-09,374.29,5237.0,1.4981447124304268,590,11277,1133,6712,25751.0
2016-02-10,375.99,5310.0,1.4981447124304268,604,11596,980,7800,28230.0
2016-02-11,380.99,5270.0,1.4981447124304268,667,11295,1197,6161,29630.0
2016-02-12,379.23,4998.0,1.4981447124304268,548,11353,3522,8741,28064.0
2016-02-13,385.62,3713.0,1.4981447124304268,518,10338,851,5665,25543.0
2016-02-14,394.46,4499.0,1.5480828695114408,426,10356,809,9611,25283.0
2016-02-15,404.94,5885.0,1.6978973407544835,432,10906,976,5527,27181.0
2016-02-16,403.65,6678.0,1.6479591836734693,486,11526,836,7115,27923.0
2016-02-17,409.41,6761.0,1.7478354978354977,580,11749,1244,7148,29153.0
2016-02-18,418.71,10747.0,1.997526283240569,641,11513,1280,7032,24986.0
2016-02-19,421.63,8628.0,1.6978973407544835,579,11517,1519,7282,27889.0
2016-02-20,423.68,5674.0,1.6978973407544835,470,11431,1068,4829,23050.0
2016-02-21,437.93,5578.0,1.6978973407544835,546,10976,1019,10711,25424.0
2016-02-22,439.65,6735.0,1.6479591836734693,558,11137,1135,10898,25239.0
2016-02-23,436.45,6589.0,1.6978973407544835,611,11148,1882,8837,28499.0
2016-02-24,423.36,6558.0,1.5480828695114408,572,11179,1217,6989,27169.0
2016-02-25,424.75,7309.0,1.6978973407544835,545,11515,2876,7757,28753.0
2016-02-26,424.8,5019.0,1.5480828695114408,681,11187,1408,8866,30726.0
2016-02-27,429.78,4209.0,1.4981447124304268,664,10421,1411,2199,24902.0
2016-02-28,432.82,3835.0,1.4981447124304268,520,10249,1030,6366,28161.0
2016-02-29,435.08,5861.0,1.4981447124304268,595,11053,981,12291,28270.0
2016-03-01,437.51,5912.0,1.6978973407544835,645,12144,1108,13291,25668.0
2016-03-02,434.55,5538.0,1.5480828695114408,651,11066,1161,4940,27957.0
2016-03-03,427.17,5671.0,1.6479591836734693,868,11479,1444,12410,31442.0
2016-03-04,420.8,4920.0,1.5480828695114408,956,10486,1512,4383,30294.0
2016-03-05,412.45,3749.0,1.598021026592455,859,10795,1478,6437,28045.0
2016-03-06,402.65,4456.0,1.4482065553494126,493,9535,900,8792,24747.0
2016-03-07,407.74,6525.0,1.6479591836734693,537,10278,660,7523,29486.0
2016-03-08,413.29,6062.0,1.5480828695114408,480,10377,565,5635,27850.0
2016-03-09,413.25,5417.0,1.4981447124304268,506,10511,549,5964,28142.0
2016-03-10,413.98,5209.0,1.4981447124304268,592,9843,706,11390,30719.0
2016-03-11,417.69,4874.0,1.4981447124304268,646,9713,801,11255,29704.0
2016-03-12,419.3,3425.0,1.3982683982683983,602,9386,772,10368,28068.0
2016-03-13,413.29,5576.0,1.4482065553494126,444,9570,478,11096,28299.0
2016-03-14,414.15,6463.0,1.5480828695114408,419,10234,348,11815,28751.0
2016-03-15,415.69,6283.0,1.598021026592455,620,10658,709,11183,30661.0
2016-03-16,416.77,5614.0,1.4482065553494126,656,11351,785,8738,33113.0
2016-03-17,417.92,5044.0,1.3982683982683983,701,11076,857,9772,30033.0
2016-03-18,418.18,4479.0,1.4482065553494126,651,11044,813,8994,25976.0
2016-03-19,409.92,3036.0,1.2983920841063696,524,10190,620,10002,27011.0
2016-03-20,409.34,3713.0,1.348330241187384,532,10575,566,11356,22064.0
2016-03-21,411.86,5469.0,1.4981447124304268,618,11520,738,9532,25353.0
2016-03-22,412.92,5382.0,1.5480828695114408,594,10045,654,11590,25184.0
2016-03-23,417.59,5134.0,1.4482065553494126,595,10811,599,14495,23845.0
2016-03-24,417.98,5413.0,1.4981447124304268,567,10256,679,7949,22710.0
2016-03-25,416.66,4016.0,1.3982683982683983,614,10242,693,10357,22593.0
2016-03-26,417.48,3064.0,1.348330241187384,644,10115,812,8416,20187.0
2016-03-27,418.81,3692.0,1.4482065553494126,535,9308,649,9056,19044.0
2016-03-28,424.96,5426.0,1.5480828695114408,660,9929,779,7570,23045.0
2016-03-29,422.26,5329.0,1.4981447124304268,708,11391,797,14806,31699.0
2016-03-30,416.09,5093.0,1.4981447124304268,699,11185,743,9304,35672.0
2016-03-31,414.15,5142.0,1.5480828695114408,771,12209,970,8624,24191.0
2016-04-01,416.24,4466.0,1.3982683982683983,629,11568,699,13329,24472.0
2016-04-02,417.55,3611.0,1.3982683982683983,447,10792,527,11474,21507.0
2016-04-03,419.67,3646.0,1.3982683982683983,435,11157,523,12675,21378.0
2016-04-04,419.65,5120.0,1.4981447124304268,538,11169,604,15480,24516.0
2016-04-05,420.1,5695.0,1.4981447124304268,538,11684,616,11173,26914.0
2016-04-06,422.4,5383.0,1.4981447124304268,533,11489,573,13311,23270.0
2016-04-07,422.05,5067.0,1.4981447124304268,536,12005,589,13682,23407.0
2016-04-08,421.8,5589.0,1.3982683982683983,527,11488,642,13315,24554.0
2016-04-09,419.27,3194.0,1.3982683982683983,513,10915,640,11396,19399.0
2016-04-10,418.68,3713.0,1.4482065553494126,487,10621,576,15055,19193.0
2016-04-11,421.14,5526.0,1.4981447124304268,545,11189,704,12458,23919.0
2016-04-12,423.21,5347.0,1.4981447124304268,582,13422,675,14839,23252.0
2016-04-13,425.64,5575.0,1.3982683982683983,571,12691,755,10255,23243.0
2016-04-14,424.27,5693.0,1.4482065553494126,525,11193,623,10134,24938.0
2016-04-15,425.59,4945.0,1.3982683982683983,525,11826,620,12235,27593.0
2016-04-16,430.05,3134.0,1.348330241187384,475,10829,612,9548,20857.0
2016-04-17,430.95,3417.0,1.348330241187384,477,10417,602,12536,19395.0
2016-04-18,428.62,5095.0,1.348330241187384,553,11423,765,15177,21989.0
2016-04-19,429.08,6229.0,1.3982683982683983,585,12042,785,12904,22642.0
2016-04-20,435.11,5375.0,1.4981447124304268,547,11862,716,9822,22973.0
2016-04-21,441.91,5594.0,1.6479591836734693,571,12124,718,13414,23282.0
2016-04-22,448.44,7506.0,1.598021026592455,578,11641,646,10170,24241.0
2016-04-23,447.37,4005.0,1.4482065553494126,492,9914,646,11744,25236.0
2016-04-24,451.34,4158.0,1.6479591836734693,483,9281,539,12724,30727.0
2016-04-25,459.43,5799.0,1.6479591836734693,519,10174,569,14601,28861.0
2016-04-26,462.29,5977.0,1.7478354978354977,533,11891,597,15089,26206.0
2016-04-27,465.64,5379.0,1.6978973407544835,539,11817,547,8079,28009.0
2016-04-28,449.52,5931.0,1.8976499690785404,500,10195,515,9811,26142.0
2016-04-29,448.45,4778.0,1.6978973407544835,462,9291,456,12544,26067.0
2016-04-30,454.02,3313.0,1.5480828695114408,461,8769,414,9771,22785.0
2016-05-01,449.95,3403.0,1.4981447124304268,458,9174,434,11224,22113.0
2016-05-02,450.76,43168.0,4.993815708101422,577,10515,576,15686,44092.0
2016-05-03,445.11,24458.0,2.946351267779839,532,9980,465,11884,34902.0
2016-05-04,449.21,11437.0,2.0974025974025974,482,9810,519,9702,28567.0
2016-05-05,447.35,14534.0,2.1972789115646254,533,9959,534,11831,27508.0
2016-05-06,449.21,9430.0,1.997526283240569,440,8961,487,12972,24738.0
2016-05-07,457.04,5232.0,1.7478354978354977,481,9047,452,8369,21334.0
2016-05-08,459.48,5194.0,1.7478354978354977,483,8839,465,11900,20478.0
2016-05-09,459.14,7784.0,1.797773654916512,497,9669,489,14728,23092.0
2016-05-10,460.46,7487.0,1.8976499690785404,556,10298,547,14124,23402.0
2016-05-11,453.25,12054.0,1.6978973407544835,532,10120,586,11846,21597.0
2016-05-12,452.83,11547.0,1.6978973407544835,459,9693,545,11606,22343.0
2016-05-13,454.16,5270.0,1.6479591836734693,506,9772,541,11521,23638.0
2016-05-14,456.0,7664.0,1.4482065553494126,446,9374,500,12268,19355.0
2016-05-15,456.43,8446.0,1.4482065553494126,423,9148,484,9834,19527.0
2016-05-16,458.46,8493.0,1.598021026592455,507,9641,469,27365,21419.0
2016-05-17,454.84,5504.0,1.598021026592455,511,10972,504,15647,21242.0
2016-05-18,454.47,6544.0,1.598021026592455,521,11420,565,17018,21130.0
2016-05-19,454.04,8401.0,1.6978973407544835,510,11136,568,13513,21055.0
2016-05-20,442.93,5039.0,1.598021026592455,503,10706,515,10439,21015.0
2016-05-21,443.0,3523.0,1.4482065553494126,519,9669,520,13562,18208.0
2016-05-22,443.52,3936.0,1.4482065553494126,476,9294,535,10960,20846.0
2016-05-23,440.85,5803.0,1.5480828695114408,564,11083,660,21155,25025.0
2016-05-24,444.24,5952.0,1.598021026592455,584,13770,692,16367,25558.0
2016-05-25,447.5,5042.0,1.598021026592455,567,12139,667,10784,25514.0
2016-05-26,450.46,5059.0,1.598021026592455,612,11740,660,13132,25096.0
2016-05-27,458.82,5222.0,1.6978973407544835,546,11019,613,17396,22418.0
2016-05-28,480.71,4205.0,1.997526283240569,520,10777,569,16095,20785.0
2016-05-29,519.5,3955.0,2.24721706864564,489,10547,538,14246,21179.0
2016-05-30,533.44,6682.0,2.24721706864564,582,11280,638,20250,23116.0
2016-05-31,536.13,8139.0,2.297155225726654,621,12284,581,18124,22168.0
2016-06-01,532.91,6356.0,2.0474644403215834,567,12932,643,17673,24322.0
2016-06-02,536.41,5496.0,1.797773654916512,576,11380,706,16377,25664.0
2016-06-03,541.83,5611.0,2.0974025974025974,552,10944,743,17554,25989.0
2016-06-04,568.92,3727.0,2.0474644403215834,534,10779,757,17359,22507.0
2016-06-05,574.1,6075.0,1.9475881261595547,461,11083,669,15098,24256.0
2016-06-06,577.44,5785.0,2.0974025974025974,551,11721,691,20057,25168.0
2016-06-07,584.11,5682.0,2.0474644403215834,692,13039,808,19717,25479.0
2016-06-08,578.53,5467.0,2.0474644403215834,562,13079,697,15108,25213.0
2016-06-09,580.91,5400.0,1.8477118119975262,570,12163,775,17816,23455.0
2016-06-10,577.38,4683.0,1.7478354978354977,502,12105,652,15631,23436.0
2016-06-11,580.7,3387.0,1.797773654916512,564,11449,670,13576,20546.0
2016-06-12,609.23,3840.0,2.696660482374768,563,13589,611,16325,25917.0
2016-06-13,666.1,6987.0,3.2459802102659245,671,15183,750,20515,27242.0
2016-06-14,695.99,6215.0,2.746598639455782,624,15209,769,14184,23970.0
2016-06-15,685.76,5908.0,2.3970315398886823,631,14905,695,18910,24561.0
2016-06-16,703.27,6558.0,3.0462275819418676,658,16068,760,20775,26795.0
2016-06-17,756.96,5700.0,2.9962894248608536,648,14729,718,21296,26724.0
2016-06-18,749.43,4728.0,2.646722325293754,542,13517,609,17319,20862.0
2016-06-19,758.16,4979.0,2.446969696969697,409,13051,441,16948,20799.0
2016-06-20,760.72,6795.0,2.5967841682127393,553,13955,551,24262,27198.0
2016-06-21,726.2,7290.0,2.8464749536178107,543,13166,556,26765,27064.0
2016-06-22,664.82,6206.0,2.496907854050711,545,13931,563,21251,25119.0
2016-06-23,615.0,6226.0,2.696660482374768,537,12838,626,25210,24183.0
2016-06-24,623.81,13814.0,3.8951762523191094,561,12979,657,24926,26403.0
2016-06-25,663.66,7895.0,2.646722325293754,474,11273,575,21563,20205.0
2016-06-26,659.88,3996.0,2.24721706864564,488,12293,594,18651,20500.0
2016-06-27,633.42,7592.0,2.3470933828076683,563,13163,892,21713,23913.0
2016-06-28,649.79,5939.0,2.24721706864564,512,13043,808,27986,23816.0
2016-06-29,644.97,6640.0,2.1972789115646254,624,12755,788,20187,23872.0
2016-06-30,641.99,5826.0,2.24721706864564,538,12040,856,23410,23132.0
2016-07-01,670.4,4739.0,2.0974025974025974,555,11434,777,22858,23027.0
2016-07-02,678.97,4065.0,1.9775510204081637,514,10461,910,23748,23595.0
2016-07-03,693.16,4181.0,2.0374768089053803,555,10982,1201,24172,20287.0
2016-07-04,665.83,5067.0,1.9775510204081637,431,11848,312,33721,21181.0
2016-07-05,675.93,5436.0,1.9775510204081637,435,11621,322,31037,22046.0
2016-07-06,670.73,5159.0,1.9775510204081637,422,12019,345,32555,23770.0
2016-07-07,668.43,5614.0,2.157328385899815,500,12844,334,36796,23909.0
2016-07-08,639.53,4961.0,2.0374768089053803,388,11232,327,43103,23469.0
2016-07-09,656.05,4403.0,2.756586270871985,390,11112,273,46384,25041.0
