date,price,wikipedia,google,new_users,new_miners,new_transactions,new_curr_transacted,tweets
2014-04-09,450.79,16897.0,1.7315773207015803,1781,73,58441.0,317798.3166557221,8193.0
2014-04-10,437.47,14290.0,2.056248068333127,1946,18,60728.0,393107.3225447287,15039.0
2014-04-11,386.66,12654.0,1.8398009032454292,725,57,58889.0,396768.8989921471,14907.0
2014-04-12,414.53,8971.0,1.406906573070034,1442,5,43400.0,189062.53741528114,7582.0
2014-04-13,422.03,9500.0,1.406906573070034,6295,69,45846.0,210283.1898611606,10674.0
2014-04-14,413.6,19005.0,1.5151301556138828,1871,11,62896.0,325966.30608417944,13266.0
2014-04-15,465.45,12522.0,1.5151301556138828,1172,39,64241.0,326941.1331526652,14835.0
2014-04-16,500.99,16638.0,1.7315773207015803,832,-11,59624.0,382947.6736285056,15790.0
2014-04-17,518.77,15347.0,1.6233537381577317,1197,30,57207.0,360786.8670367217,15215.0
2014-04-18,498.45,9667.0,1.406906573070034,1699,87,50044.0,372045.2629171336,14028.0
2014-04-19,481.16,9381.0,1.406906573070034,703,26,47868.0,230301.8707626836,12337.0
2014-04-20,496.48,7466.0,1.2986829905261854,5027,23,43713.0,200298.2950046295,12139.0
2014-04-21,498.76,10524.0,1.2986829905261854,1733,88,53161.0,408539.5433114377,14244.0
2014-04-22,494.62,11693.0,1.2986829905261854,2523,50,69718.0,401805.42918701813,16098.0
2014-04-23,489.03,10865.0,1.406906573070034,2714,42,68810.0,340837.7003401177,16232.0
2014-04-24,486.85,10385.0,1.406906573070034,2586,14,64327.0,199862.09831016636,15471.0
2014-04-25,481.38,11897.0,1.406906573070034,2291,11,64327.0,235966.08383306558,15255.0
2014-04-26,461.23,7208.0,1.1904594079823365,973,44,46951.0,159113.1330844308,12283.0
2014-04-27,457.93,8848.0,1.0822358254384876,4704,63,47302.0,149300.14759739165,11667.0
2014-04-28,440.41,12624.0,1.2986829905261854,1696,64,58644.0,235995.18983568452,15969.0
2014-04-29,439.29,10959.0,1.2986829905261854,2329,31,58280.0,299032.4501602109,16706.0
2014-04-30,443.31,14540.0,1.406906573070034,2418,14,57919.0,224602.64042832004,17588.0
2014-05-01,446.22,11405.0,1.2986829905261854,2301,68,53839.0,192143.45057225032,16988.0
2014-05-02,455.13,8694.0,1.1904594079823365,2174,19,54303.0,274368.55420745496,20057.0
2014-05-03,448.08,5859.0,0.974012242894639,1066,90,47618.0,274037.2119189824,12910.0
2014-05-04,436.12,6482.0,1.0822358254384876,5028,67,47635.0,197634.1454105845,12716.0
2014-05-05,434.63,12040.0,1.5151301556138828,1965,6,59785.0,310529.80671436683,21273.0
2014-05-06,430.67,9539.0,1.1904594079823365,2120,8,70577.0,332916.3967112677,16806.0
2014-05-07,427.55,9518.0,1.1904594079823365,1979,23,64224.0,432813.8680846928,16970.0
2014-05-08,438.17,9226.0,1.1904594079823365,2408,-30,63334.0,417394.42407912755,21518.0
2014-05-09,438.25,11321.0,1.2986829905261854,2177,53,60630.0,372212.2308632336,17442.0
2014-05-10,446.24,7966.0,0.974012242894639,1210,91,51868.0,248080.39193234307,14225.0
2014-05-11,451.43,7493.0,1.0822358254384876,5187,105,47498.0,180919.10940137182,13469.0
2014-05-12,439.36,8606.0,1.0822358254384876,1139,31,66058.0,247654.21083899145,15910.0
2014-05-13,438.87,9341.0,1.2986829905261854,2063,57,62327.0,258236.3942181684,16935.0
2014-05-14,437.84,8992.0,1.1904594079823365,1670,37,61981.0,322287.68437966565,18167.0
2014-05-15,443.26,8913.0,1.1904594079823365,3408,56,67584.0,347445.5212112556,32817.0
2014-05-16,444.92,7591.0,1.2986829905261854,3476,15,58782.0,297176.96262849844,14474.0
2014-05-17,446.33,5785.0,0.974012242894639,1832,45,47821.0,199970.30553021425,14587.0
2014-05-18,446.42,5925.0,0.974012242894639,4917,72,44627.0,109577.61442757948,12892.0
2014-05-19,444.9,8073.0,1.0822358254384876,1530,-46,57333.0,254134.47329577353,13595.0
2014-05-20,460.48,12892.0,1.2986829905261854,1833,16,63762.0,730588.3719801223,21515.0
2014-05-21,478.49,9805.0,1.2986829905261854,1551,8,61728.0,296169.03784015466,20254.0
2014-05-22,490.43,9009.0,1.406906573070034,2696,14,64735.0,284525.1754574461,20217.0
2014-05-23,517.66,7479.0,1.1904594079823365,2672,59,65562.0,392751.98905678274,19485.0
2014-05-24,524.19,5478.0,1.0822358254384876,1331,-10,47038.0,487952.1267063589,13630.0
2014-05-25,535.36,5995.0,1.2986829905261854,4764,33,51566.0,356889.17854530946,13823.0
2014-05-26,566.38,8062.0,1.406906573070034,1910,4,60156.0,267078.53359334724,14792.0
2014-05-27,581.56,9901.0,1.406906573070034,3621,5,63001.0,426937.3568133884,19718.0
2014-05-28,573.32,9987.0,1.406906573070034,1780,8,66568.0,355443.5677192278,18545.0
2014-05-29,571.84,11339.0,1.406906573070034,2111,8,58832.0,253851.5586698191,17571.0
2014-05-30,583.53,9569.0,1.5151301556138828,1473,41,58919.0,275900.9510832273,21731.0
2014-05-31,607.55,6126.0,1.2986829905261854,1171,-38,47574.0,236535.49443966488,12882.0
2014-06-01,619.78,6043.0,1.406906573070034,3734,70,50306.0,274157.6378619681,12849.0
2014-06-02,637.66,9208.0,1.1904594079823365,1544,109,58952.0,291000.3174214345,16427.0
2014-06-03,644.3,12243.0,1.5151301556138828,1257,28,62951.0,282077.1074517661,17858.0
2014-06-04,660.72,11172.0,1.406906573070034,1465,45,59721.0,417110.3905970127,18010.0
2014-06-05,639.39,10034.0,1.1904594079823365,2017,59,61401.0,370658.8975804493,18707.0
2014-06-06,654.25,7941.0,1.1904594079823365,1933,-37,56304.0,280347.90849259536,16611.0
2014-06-07,650.66,6470.0,1.0822358254384876,695,28,47154.0,249306.83728558023,12557.0
2014-06-08,652.67,7110.0,1.0822358254384876,4288,19,43125.0,356505.2163204129,12134.0
2014-06-09,647.99,9066.0,1.0822358254384876,533,18,53656.0,178793.9299875301,14497.0
2014-06-10,649.14,10102.0,1.1904594079823365,2892,5,57893.0,329041.9098546818,16631.0
2014-06-11,651.43,9712.0,1.2986829905261854,1971,54,57876.0,300168.2175496522,19356.0
2014-06-12,637.21,14173.0,1.5151301556138828,833,-30,57904.0,497468.29282682616,19092.0
2014-06-13,605.43,17820.0,1.5151301556138828,1450,-13,57136.0,272865.8604565443,19128.0
2014-06-14,593.12,7532.0,1.2986829905261854,2241,58,48395.0,192991.1522105145,16078.0
2014-06-15,570.85,8033.0,1.2986829905261854,6011,78,49558.0,167839.16471406227,15810.0
2014-06-16,576.37,13633.0,1.406906573070034,2360,-7,62586.0,257488.6076645851,18430.0
2014-06-17,594.26,14409.0,1.2986829905261854,2672,-15,62832.0,229621.5630516885,18560.0
2014-06-18,602.02,13608.0,1.2986829905261854,2249,113,58197.0,236575.5107148673,15957.0
2014-06-19,603.48,12067.0,1.2986829905261854,2119,25,55525.0,256123.4161923112,17605.0
2014-06-20,599.77,9532.0,1.2986829905261854,2855,13,52217.0,278144.90429438505,17459.0
2014-06-21,591.11,5246.0,0.974012242894639,2259,12,45906.0,193201.7204471813,15113.0
2014-06-22,591.8,5168.0,1.0822358254384876,5433,63,45379.0,217919.193356333,13838.0
2014-06-23,599.1,6898.0,0.974012242894639,1965,-43,54150.0,276973.7496393443,16325.0
2014-06-24,587.56,7082.0,0.974012242894639,1852,38,57981.0,460273.3046981587,17005.0
2014-06-25,584.29,6963.0,1.0822358254384876,1487,78,58605.0,240074.64482555602,17683.0
2014-06-26,566.76,6329.0,0.8657886603507902,2105,-12,55036.0,231136.0750341061,17534.0
2014-06-27,579.23,12196.0,1.1904594079823365,2998,89,57675.0,242584.3333747357,17587.0
2014-06-28,596.02,9881.0,0.974012242894639,1561,23,49466.0,151261.35174951295,15236.0
2014-06-29,606.34,5857.0,1.0822358254384876,6031,-10,44155.0,124129.08332072778,15482.0
2014-06-30,596.2,9110.0,1.2986829905261854,1163,-13,64185.0,256614.95769236286,19860.0
2014-07-01,631.09,7706.0,1.2986829905261854,1288,-26,63167.0,381693.61450055335,20443.0
2014-07-02,646.47,10131.0,1.4235563549998569,2111,67,59720.0,316934.6436596343,21375.0
2014-07-03,649.16,8579.0,1.273708317631451,1706,-14,55412.0,241159.89198623862,22046.0
2014-07-04,638.62,6681.0,1.1488349531577795,1807,6,53385.0,161418.78817252413,22659.0
2014-07-05,632.62,5164.0,0.9490375699999047,3423,5,44206.0,134573.9555282507,16997.0
2014-07-06,629.67,4942.0,1.1738096260525137,6418,121,46585.0,126753.3448808497,17331.0
2014-07-07,633.77,8027.0,1.2487336447367166,1859,10,59045.0,223568.2054472352,22248.0
2014-07-08,623.46,7800.0,1.1488349531577795,976,-5,64267.0,190470.08014497368,24425.0
2014-07-09,622.52,6846.0,1.048936261578842,2139,19,62342.0,223550.1472091516,24542.0
2014-07-10,623.51,7663.0,1.1738096260525137,2063,33,57645.0,227023.65569512398,23242.0
2014-07-11,617.73,6705.0,1.198784298947248,2127,26,53542.0,206641.38989188065,20939.0
2014-07-12,628.09,6839.0,1.0739109344735764,2069,143,48867.0,178377.86541681655,16719.0
2014-07-13,632.6,5647.0,1.0239615886841076,6559,25,46511.0,189108.1446547528,16133.0
2014-07-14,625.94,6535.0,1.0239615886841076,2732,56,56957.0,220661.4360665809,20287.0
2014-07-15,620.97,7524.0,1.123860280263045,2208,65,64443.0,241439.19450326703,25031.0
2014-07-16,621.6,8125.0,1.3236576634209196,2804,44,59569.0,272751.9285988359,21984.0
2014-07-17,617.79,8094.0,1.2487336447367166,1762,-1,59268.0,221919.6736538946,23305.0
2014-07-18,621.45,7810.0,1.2986829905261854,2420,-28,57881.0,216995.44936089328,25897.0
2014-07-19,624.57,6228.0,1.273708317631451,2737,26,54499.0,121854.59646674534,20261.0
2014-07-20,627.44,5981.0,1.123860280263045,6604,55,47512.0,119138.49101440287,16827.0
2014-07-21,623.25,7531.0,1.0988856073683109,2400,-18,58246.0,193737.61242178647,18501.0
2014-07-22,620.22,7662.0,1.2986829905261854,1628,-24,61244.0,166165.6390596729,18386.0
2014-07-23,620.65,7948.0,1.1738096260525137,1450,-5,60601.0,177339.19345540548,20612.0
2014-07-24,612.94,7299.0,1.273708317631451,3031,12,59428.0,225350.24495426548,20448.0
2014-07-25,602.84,6662.0,1.1488349531577795,2568,31,55845.0,242274.58463362372,19971.0
2014-07-26,600.16,5614.0,0.9989869157893735,1596,25,52320.0,138136.212197062,16000.0
2014-07-27,595.1,5092.0,1.048936261578842,5135,81,46228.0,98598.30113012037,15621.0
2014-07-28,592.2,7276.0,1.0988856073683109,1969,-41,59484.0,200574.07229280518,23384.0
2014-07-29,583.73,7082.0,1.123860280263045,2658,23,57161.0,239466.20216600198,21797.0
2014-07-30,582.82,8687.0,1.198784298947248,2296,23,60624.0,224172.69818897816,22092.0
2014-07-31,571.0,8389.0,1.198784298947248,2174,-21,62068.0,176038.05042748203,22160.0
2014-08-01,578.48,6958.0,0.9989869157893735,2492,84,61898.0,242191.71212494338,21585.0
2014-08-02,594.19,4795.0,0.9490375699999047,1631,12,50590.0,132101.08428555419,18531.0
2014-08-03,587.64,4926.0,1.0988856073683109,5328,44,49323.0,203309.69138460507,17187.0
2014-08-04,585.39,6379.0,1.0239615886841076,2802,-30,62141.0,197062.01068058488,20609.0
2014-08-05,587.23,7069.0,1.0988856073683109,3779,-21,66696.0,302814.2557159613,21073.0
2014-08-06,584.01,8259.0,1.2237589718419823,2647,32,72815.0,207362.6791595113,22471.0
2014-08-07,583.18,7214.0,1.3486323363156538,2047,-59,64786.0,176536.00251601485,24516.0
2014-08-08,586.43,6095.0,1.1738096260525137,2700,64,61304.0,193215.585819184,23126.0
2014-08-09,590.94,5088.0,1.0739109344735764,2048,38,56032.0,192857.1912460647,21820.0
2014-08-10,588.25,4948.0,1.0739109344735764,5244,19,52924.0,145033.81813372788,20814.0
2014-08-11,589.48,7535.0,1.198784298947248,2705,11,67952.0,220784.14601691827,21388.0
2014-08-12,578.94,8595.0,1.1488349531577795,2423,26,70238.0,266745.1376018849,22551.0
2014-08-13,555.19,9652.0,1.6982777568419347,2575,-31,68605.0,253952.53170808675,23725.0
2014-08-14,548.18,8916.0,1.49848037368406,3050,101,73948.0,276179.3821066624,24887.0
2014-08-15,515.44,6824.0,1.3736070092103883,550,-85,66326.0,246958.1264274543,22725.0
2014-08-16,499.4,7344.0,1.3236576634209196,6341,-73,62327.0,244898.37412156488,23487.0
2014-08-17,510.15,5660.0,1.198784298947248,7820,10,54736.0,190733.12353677247,22608.0
2014-08-18,496.57,7390.0,1.4735057007893257,2581,-2,65757.0,387536.1973664064,21867.0
2014-08-19,465.59,7144.0,1.2986829905261854,743,5,67569.0,243643.6719167413,24106.0
2014-08-20,481.54,8406.0,1.273708317631451,2144,19,67069.0,215619.19890023264,26924.0
2014-08-21,504.05,7258.0,1.198784298947248,3156,46,66013.0,282455.222313097,22176.0
2014-08-22,519.8,7221.0,1.2487336447367166,2659,33,61047.0,375893.5696537032,21222.0
2014-08-23,512.16,4755.0,1.123860280263045,1102,36,52927.0,163495.63119444592,17389.0
2014-08-24,500.74,5137.0,1.1738096260525137,6296,-10,52112.0,143282.05384455135,16318.0
2014-08-25,507.97,6206.0,1.0739109344735764,1687,-38,62683.0,245753.7551661269,19062.0
2014-08-26,503.12,7841.0,1.1488349531577795,2722,17,65877.0,311572.2136400629,19596.0
2014-08-27,510.97,5556.0,1.0739109344735764,2335,1,68029.0,284697.74707367795,19625.0
2014-08-28,508.96,5556.0,1.048936261578842,2884,6,61921.0,193361.79858834465,22229.0
2014-08-29,509.12,6778.0,1.0739109344735764,131,-1701,62468.0,232959.98496810615,19838.0
2014-08-30,508.91,5503.0,1.0239615886841076,2111,14,55259.0,168740.04235677485,18905.0
2014-08-31,502.63,6395.0,1.048936261578842,5432,0,51086.0,141180.46514622474,17226.0
2014-09-01,482.43,9522.0,1.2986829905261854,3384,-9,61365.0,212278.05879096928,18661.0
2014-09-02,478.48,11936.0,1.1488349531577795,2281,25,63955.0,212218.9545604905,22901.0
2014-09-03,477.75,10171.0,1.2237589718419823,2048,-2,64743.0,213046.83964421702,22113.0
2014-09-04,476.97,10445.0,1.198784298947248,1066,-15,63698.0,210987.12078993735,24968.0
2014-09-05,487.62,10107.0,1.198784298947248,2965,94,62348.0,230815.08923663982,22368.0
2014-09-06,483.33,5947.0,1.0988856073683109,2194,118,55296.0,147299.79006242828,21053.0
2014-09-07,482.07,5350.0,1.0739109344735764,8117,17,53851.0,159326.41399591873,17730.0
2014-09-08,482.93,6875.0,1.1738096260525137,2384,2,69908.0,253388.10540428892,22751.0
2014-09-09,472.59,8810.0,1.3486323363156538,2189,-31,73470.0,273722.6369971111,16169.0
2014-09-10,470.93,9268.0,1.5484297194735286,2106,-10,66081.0,224948.49691895183,16616.0
2014-09-11,480.79,9997.0,1.6982777568419347,2437,15,58853.0,183324.20281591086,27367.0
2014-09-12,475.53,9024.0,1.2986829905261854,2843,-27,61633.0,210597.99150803665,24097.0
2014-09-13,474.44,5268.0,1.048936261578842,2637,44,55352.0,127254.33412427804,18209.0
2014-09-14,478.16,5930.0,1.198784298947248,7633,30,59645.0,158267.18298424222,18671.0
2014-09-15,477.25,8330.0,1.1738096260525137,1553,-20,71990.0,218118.5716843203,23392.0
2014-09-16,473.9,7930.0,1.0739109344735764,5258,-91,78441.0,198400.52204571,21176.0
2014-09-17,455.35,7754.0,1.1488349531577795,709,3,72052.0,248696.44301400828,27946.0
2014-09-18,454.89,7549.0,1.1738096260525137,2780,-18,69699.0,352057.2575568601,21135.0
2014-09-19,426.72,6575.0,1.3985816821051225,1943,1,62352.0,317053.9086451505,20775.0
2014-09-20,398.59,5115.0,1.0739109344735764,1445,35,56628.0,325804.1623252213,17607.0
2014-09-21,408.04,6035.0,1.0739109344735764,6021,16,51835.0,185501.11731005492,17026.0
2014-09-22,402.66,7362.0,1.123860280263045,1310,36,65978.0,204811.64822076217,14984.0
2014-09-23,399.96,8023.0,1.3236576634209196,-358,2,69097.0,264406.618841024,23489.0
2014-09-24,425.2,9988.0,1.5484297194735286,3161,-14,66935.0,212828.3632146401,20675.0
2014-09-25,425.22,8054.0,1.198784298947248,2458,-62,70224.0,223818.42266900468,20757.0
2014-09-26,410.39,6496.0,1.123860280263045,1960,-5,66032.0,235170.55038860894,19512.0
2014-09-27,399.63,4754.0,1.0239615886841076,1174,44,56116.0,171301.60938672238,17202.0
2014-09-28,400.86,4968.0,1.0988856073683109,6784,20,56045.0,171070.06610266902,16636.0
2014-09-29,384.12,7523.0,1.273708317631451,2659,-9,70623.0,326615.0865461036,19660.0
2014-09-30,376.68,7289.0,1.198784298947248,4519,21,69645.0,289700.8720570829,21073.0
2014-10-01,384.7,7690.0,1.0739109344735764,4240,133,70857.0,273604.5327163832,18636.0
2014-10-02,373.14,7319.0,1.1488349531577795,1756,57,63830.0,244353.91594002172,18380.0
2014-10-03,375.96,6609.0,1.1738096260525137,3897,-41,66351.0,232090.98646441122,20207.0
2014-10-04,362.11,5086.0,1.198784298947248,5848,87,58542.0,228263.11695229358,18214.0
2014-10-05,334.94,5626.0,1.573404392368263,10200,41,59836.0,389208.96600385703,20031.0
2014-10-06,315.09,8629.0,1.7482271026314031,4151,3,69761.0,363247.6258687922,25065.0
2014-10-07,333.68,8411.0,1.4735057007893257,3768,3,71093.0,320958.34784065717,22543.0
2014-10-08,331.0,7938.0,1.2986829905261854,3905,-25,71426.0,328429.36385375523,24408.0
2014-10-09,345.6,7533.0,1.273708317631451,3896,13,72706.0,322386.8478633965,24075.0
2014-10-10,366.31,6694.0,1.1738096260525137,5054,9,73093.0,440730.71214089147,19090.0
2014-10-11,359.67,5091.0,1.123860280263045,2619,17,58952.0,297881.3332221232,17107.0
2014-10-12,366.33,5178.0,1.0988856073683109,8590,26,58321.0,210328.9983638572,17072.0
2014-10-13,369.74,7605.0,1.0988856073683109,2253,-39,70135.0,293430.3423429602,22018.0
2014-10-14,383.29,8261.0,1.3236576634209196,3035,-36,74248.0,320344.8658875195,25804.0
2014-10-15,402.46,7663.0,1.3236576634209196,4285,33,68001.0,339542.0511722014,23992.0
2014-10-16,392.54,6182.0,1.1738096260525137,4240,3,69348.0,293562.37924558064,24445.0
2014-10-17,381.82,5582.0,1.1488349531577795,3728,19,63704.0,280869.44478272396,21491.0
2014-10-18,380.69,4342.0,1.0739109344735764,3737,21,59743.0,190845.2855612309,20572.0
2014-10-19,387.64,4415.0,0.9989869157893735,7490,-11,59608.0,156415.00904314086,18259.0
2014-10-20,388.46,5532.0,0.9989869157893735,1434,6,74634.0,273722.26563886553,23312.0
2014-10-21,381.29,5630.0,1.0239615886841076,2323,30,74676.0,240636.36202819922,22499.0
2014-10-22,378.31,5623.0,1.0239615886841076,2870,42,72910.0,293869.75994243444,20348.0
2014-10-23,381.92,5267.0,1.0739109344735764,3128,-51,73392.0,320123.8894487777,21036.0
2014-10-24,362.39,4682.0,0.9490375699999047,2305,11,71548.0,276398.991701943,11147.0
2014-10-25,356.69,3674.0,0.9740122428946391,5266,-1,66365.0,229349.7573749253,22449.0
2014-10-26,348.43,4009.0,0.9490375699999047,3356,22,65022.0,186075.48543181852,20090.0
2014-10-27,350.32,5343.0,1.0239615886841076,3406,4,76723.0,302535.3475961999,21632.0
2014-10-28,352.32,5654.0,1.0988856073683109,3195,-30,80904.0,268648.5158954523,20173.0
2014-10-29,353.86,5616.0,1.0988856073683109,2271,36,81688.0,331994.3979999908,22081.0
2014-10-30,340.2,5294.0,1.0239615886841076,2551,4,82903.0,313836.8052990707,22855.0
2014-10-31,342.12,4989.0,0.899088224210436,3361,-12,76191.0,260856.4860147695,22906.0
2014-11-01,336.23,4324.0,0.9740122428946391,2859,60,62766.0,223580.24379285707,30263.0
2014-11-02,326.35,5608.0,0.9490375699999047,8218,28,67037.0,197305.36262831028,21408.0
2014-11-03,324.45,6431.0,1.0739109344735764,2023,-17,80568.0,269206.124536867,26060.0
2014-11-04,326.45,6571.0,1.123860280263045,2016,-37,78943.0,557975.0770996824,20992.0
2014-11-05,327.98,6609.0,0.9989869157893735,3174,36,80557.0,491206.4680655839,20871.0
2014-11-06,341.03,7431.0,1.2487336447367166,3722,-15,81145.0,336963.26927338546,24348.0
2014-11-07,346.86,7378.0,1.198784298947248,2628,-13,76297.0,327012.89476695226,24244.0
2014-11-08,342.99,4773.0,1.0988856073683109,951,44,66236.0,193931.0470835954,18964.0
2014-11-09,344.23,4998.0,1.3236576634209196,7092,-2,66535.0,235105.29350229143,18949.0
2014-11-10,357.54,6910.0,1.123860280263045,2435,42,82266.0,355045.1912555032,22516.0
2014-11-11,374.76,6843.0,1.1738096260525137,1709,-20,78358.0,293053.2152449243,23156.0
2014-11-12,366.74,7093.0,1.3236576634209196,3801,-30,86285.0,461646.81350415427,25601.0
2014-11-13,413.77,7653.0,1.4485310278945913,2939,12,84939.0,604569.5358666327,26798.0
2014-11-14,418.8,6892.0,1.2487336447367166,5032,-19,78509.0,327727.02706177835,23449.0
2014-11-15,396.8,4595.0,1.0988856073683109,3151,24,66757.0,246875.33268029089,21104.0
2014-11-16,379.74,4796.0,1.198784298947248,6898,6,69580.0,265142.73756805155,21652.0
2014-11-17,386.74,6905.0,1.123860280263045,1787,-74,80380.0,328761.7782014485,25728.0
2014-11-18,388.9,7433.0,1.1738096260525137,2274,-3,79592.0,409309.00219142024,28238.0
2014-11-19,376.57,6431.0,1.1738096260525137,2090,-9,78755.0,283396.89045827306,25117.0
2014-11-20,376.93,5947.0,1.0739109344735764,3053,9,79760.0,383218.1007290021,23707.0
2014-11-21,361.7,5389.0,1.123860280263045,2480,2,72828.0,336631.8643669335,24577.0
2014-11-22,351.01,3880.0,0.9989869157893735,2331,25,67982.0,255062.4641192665,22344.0
2014-11-23,355.25,62458.0,0.899088224210436,6935,-2,70514.0,163771.45476818466,20544.0
2014-11-24,363.06,5374.0,1.0739109344735764,1697,27,76393.0,266503.14504339924,25545.0
2014-11-25,378.3,5349.0,1.0739109344735764,1740,-33,78238.0,352643.1991511441,25985.0
2014-11-26,377.93,5578.0,1.0239615886841076,2415,15,79644.0,321907.3253057869,27929.0
2014-11-27,369.61,5310.0,0.9490375699999047,2343,-1,75335.0,292042.03533918376,25790.0
2014-11-28,369.79,4505.0,1.048936261578842,2900,-25,78714.0,416530.2974796863,24830.0
2014-11-29,375.03,3761.0,1.0239615886841076,1621,35,72649.0,324800.8808644105,26555.0
2014-11-30,376.28,4515.0,0.9989869157893735,7597,1,76924.0,301591.71560186427,20117.0
2014-12-01,377.59,6096.0,1.0988856073683109,2348,-31,90942.0,416712.10240707314,26508.0
2014-12-02,379.24,6446.0,1.2237589718419823,2537,10,90518.0,420727.1072818043,32744.0
2014-12-03,381.39,6386.0,1.1738096260525137,2602,3,93232.0,454356.5701295832,24990.0
2014-12-04,377.54,7393.0,1.0988856073683109,2672,1,91592.0,384743.84898470546,26370.0
2014-12-05,372.21,5720.0,1.0239615886841076,4212,-45,83712.0,333728.100742465,25043.0
2014-12-06,372.56,3885.0,0.8741135513157016,2180,28,73597.0,243158.8708034072,21503.0
2014-12-07,375.12,4386.0,1.1488349531577795,7053,38,68455.0,274000.5535149396,21983.0
2014-12-08,375.34,6713.0,1.0988856073683109,1889,-39,83097.0,878599.0769584216,24899.0
2014-12-09,365.7,6454.0,1.0988856073683109,2319,-5,83027.0,423325.86664305924,27224.0
2014-12-10,352.35,5883.0,1.048936261578842,2810,-2,81854.0,434480.2913732332,25421.0
2014-12-11,348.02,9168.0,1.5234550465787942,2529,5,77005.0,328487.9126597045,32162.0
2014-12-12,349.98,7243.0,1.3486323363156538,4181,26,74789.0,340758.03463286196,25383.0
2014-12-13,352.15,4247.0,1.123860280263045,656,9,69899.0,282964.4909179845,26584.0
2014-12-14,347.43,3999.0,1.0988856073683109,6375,25,73238.0,232248.7099003261,23579.0
2014-12-15,351.11,5927.0,1.0988856073683109,1988,-7,86710.0,433272.1682156612,26094.0
2014-12-16,340.24,7242.0,1.2986829905261854,2154,-17,91064.0,428065.7314405504,27622.0
2014-12-17,330.69,6673.0,1.2487336447367166,3970,-29,87940.0,451921.49761682726,28350.0
2014-12-18,320.79,5753.0,1.2237589718419823,3305,-2,86849.0,451545.65336076927,26969.0
2014-12-19,312.43,5087.0,1.0988856073683109,3956,20,85558.0,338951.7818381691,23574.0
2014-12-20,314.99,4034.0,0.9989869157893735,4540,29,78542.0,261106.1122949404,23524.0
2014-12-21,326.96,3784.0,1.0988856073683109,4129,-16,71127.0,217041.36130171106,21411.0
2014-12-22,322.57,5331.0,1.1488349531577795,2358,11,89645.0,366023.12533688545,23172.0
2014-12-23,330.07,4934.0,1.198784298947248,3274,-27,90435.0,415685.9165889021,25504.0
2014-12-24,334.74,4058.0,0.9490375699999047,2468,7,75314.0,273514.2069485087,24192.0
2014-12-25,325.19,3380.0,1.0239615886841076,2309,27,62865.0,182809.7874728907,21216.0
2014-12-26,318.48,4767.0,1.2986829905261854,3578,-11,70227.0,210342.91138427285,21728.0
2014-12-27,326.1,10366.0,2.497467289473433,2801,6,70193.0,218597.24234373478,21543.0
2014-12-28,316.53,5901.0,1.0739109344735764,6224,27,68820.0,205504.69929758672,18427.0
2014-12-29,316.67,10143.0,1.0239615886841076,1001,-3,78390.0,305743.9102477233,19605.0
2014-12-30,314.42,6531.0,1.0239615886841076,1831,-17,78473.0,383421.6611844407,19477.0
2014-12-31,309.81,5450.0,1.0739109344735764,1650,7,69369.0,313917.2224993593,20017.0
2015-01-01,316.9,4330.0,0.9740122428946391,1262,19,54669.0,140829.34513468182,18681.0
2015-01-02,315.23,5519.0,1.0739109344735764,3779,-2,73287.0,258962.90405495363,9385.0
2015-01-03,315.03,4981.0,1.1738096260525137,3015,-5,76953.0,362980.34971325006,9385.0
2015-01-04,293.11,5365.0,1.3985816821051225,2995,1,77124.0,371622.73156845773,7300.0
2015-01-05,271.68,7109.0,1.4485310278945913,1913,-23,88259.0,441658.0400261989,23092.0
2015-01-06,271.39,8907.0,1.49848037368406,2355,-5,79772.0,526565.0106726962,25041.0
2015-01-07,282.85,7537.0,1.2237589718419823,1668,-22,83189.0,495142.16985898546,26987.0
2015-01-08,293.46,8469.0,1.1488349531577795,1714,34,96314.0,430220.15348109906,22546.0
2015-01-09,287.17,6350.0,1.1738096260525137,4488,-11,90801.0,458334.2574021468,30439.0
2015-01-10,278.13,5236.0,1.198784298947248,5313,177,89179.0,370645.16890534415,22162.0
2015-01-11,277.14,4747.0,1.0239615886841076,3102,-28,74737.0,349127.9149312737,20760.0
2015-01-12,268.93,6253.0,1.048936261578842,1430,15,81883.0,457455.93289333046,24861.0
2015-01-13,268.91,8317.0,1.3736070092103883,2076,-39,90520.0,691111.8653018747,30086.0
2015-01-14,234.63,7855.0,2.122847196052419,3132,-16,90047.0,792354.9327899006,35414.0
2015-01-15,192.13,10457.0,1.7732017755261378,3221,55,101876.0,701490.7812763486,26417.0
2015-01-16,208.79,6680.0,1.573404392368263,4957,-1,92623.0,607680.773391802,26448.0
2015-01-17,208.81,4282.0,1.2237589718419823,5150,8,80769.0,379578.3017578646,19187.0
2015-01-18,200.21,4386.0,1.123860280263045,3476,6,77854.0,358485.7589399342,24812.0
2015-01-19,209.06,6279.0,1.0739109344735764,2715,11,88919.0,428707.5579325305,27548.0
2015-01-20,215.72,5654.0,1.198784298947248,2512,-21,90373.0,556260.6732066303,26982.0
2015-01-21,211.52,6789.0,1.273708317631451,2856,-11,84384.0,567565.5402049458,24660.0
2015-01-22,220.0,6688.0,1.123860280263045,2724,-25,86672.0,528510.4624571875,25882.0
2015-01-23,232.36,6572.0,1.1738096260525137,3499,-28,80738.0,436933.77935934655,24058.0
2015-01-24,232.38,4057.0,1.0988856073683109,3906,-25,75861.0,351076.33857019624,32718.0
2015-01-25,246.29,4073.0,1.123860280263045,7409,33,79565.0,371306.30082005146,21312.0
2015-01-26,250.55,7157.0,1.5983790652629972,2185,-27,97524.0,723150.154042993,33929.0
2015-01-27,273.97,6899.0,1.3736070092103883,2384,34,88915.0,539813.789726682,26135.0
2015-01-28,261.86,6787.0,1.273708317631451,1132,-28,78065.0,324138.39805583877,27422.0
2015-01-29,240.7,5656.0,1.2237589718419823,2069,16,80914.0,385762.44453156064,25184.0
2015-01-30,232.02,4851.0,1.1488349531577795,2148,16,73352.0,324402.14283799875,22919.0
2015-01-31,228.99,4192.0,0.9240628971051703,1917,-2,77152.0,275781.7953181507,18146.0
2015-02-01,223.65,3722.0,1.0239615886841076,3520,50,70298.0,293359.29279295716,19445.0
2015-02-02,223.54,4526.0,1.048936261578842,663,-4,77553.0,382331.2627306663,24761.0
2015-02-03,230.6,5486.0,1.048936261578842,2558,40,84725.0,594191.9552882308,33419.0
2015-02-04,229.09,5926.0,1.0739109344735764,2662,40,82457.0,550522.9224361187,22995.0
2015-02-05,226.62,6682.0,1.1488349531577795,2092,3,78818.0,508577.72624611703,28935.0
2015-02-06,218.86,6049.0,1.1488349531577795,4983,-3,76525.0,370814.22896845854,23289.0
2015-02-07,222.08,6211.0,1.2237589718419823,1424,-21,77860.0,280710.8869744297,19540.0
2015-02-08,227.2,6281.0,1.198784298947248,5142,7,74233.0,281614.9503058124,20792.0
2015-02-09,223.57,7996.0,1.198784298947248,1867,-18,92338.0,391352.18840426154,24642.0
2015-02-10,220.59,8149.0,1.1738096260525137,2029,20,91547.0,373079.1811102217,24331.0
2015-02-11,219.78,8047.0,1.198784298947248,3304,-24,88047.0,398661.3368451217,39339.0
2015-02-12,220.27,6754.0,1.0988856073683109,6239,6,81829.0,350588.7890944477,25742.0
2015-02-13,221.35,5715.0,1.0739109344735764,11161,-8,106827.0,517275.4715038568,27697.0
2015-02-14,236.64,7508.0,0.9740122428946391,3203,-20,91105.0,360990.9416333875,19041.0
2015-02-15,251.7,6063.0,1.1488349531577795,8223,48,77427.0,318205.6594338409,21846.0
2015-02-16,239.64,5730.0,1.0988856073683109,2477,-2,96777.0,349542.3284883871,24782.0
2015-02-17,234.86,5850.0,1.048936261578842,6417,-8,95811.0,376144.7197530957,24354.0
2015-02-18,241.45,5819.0,1.1488349531577795,2763,39,96321.0,365531.8437335687,22628.0
2015-02-19,237.79,6930.0,1.2487336447367166,2323,-8,88647.0,332764.80811591534,24979.0
2015-02-20,239.72,9436.0,1.573404392368263,2722,-3,92099.0,426340.40124214214,29514.0
2015-02-21,243.0,4711.0,1.1488349531577795,3850,5,82104.0,282277.45833850635,20543.0
2015-02-22,244.41,4509.0,1.123860280263045,6083,-9,77835.0,212504.6222912297,20579.0
2015-02-23,237.8,6236.0,1.0239615886841076,2284,-3,94617.0,373271.9205047061,23428.0
2015-02-24,239.13,5798.0,1.048936261578842,1638,13,98544.0,379464.13832085463,24385.0
2015-02-25,238.4,5606.0,0.9240628971051703,3165,-21,98187.0,407438.130199316,24137.0
2015-02-26,237.49,5717.0,0.9490375699999047,3068,9,94904.0,586687.1994943159,26283.0
2015-02-27,236.25,5234.0,0.9740122428946391,2350,-20,96191.0,680453.8545511597,30545.0
2015-02-28,252.63,4153.0,0.9490375699999047,4919,14,80569.0,303512.5499087321,20811.0
2015-03-01,257.25,5846.0,1.048936261578842,5245,-10,82556.0,482704.4828398208,18895.0
2015-03-02,253.49,5657.0,1.1929079053249576,2975,-8,99555.0,797277.2163928223,23297.0
2015-03-03,267.96,5530.0,1.2751774160370237,946,-13,102445.0,519512.97342925594,25764.0
2015-03-04,279.85,6199.0,1.2340426606809907,2486,27,92468.0,443053.6195625353,25007.0
2015-03-05,275.94,5580.0,1.2546100383590073,3485,-29,93338.0,487157.213363857,24174.0
2015-03-06,273.65,6354.0,1.398581682105123,2528,-20,86617.0,390087.0614902312,22774.0
2015-03-07,273.22,150000.0,1.5219859481732219,3002,0,80418.0,352072.35678562697,19322.0
2015-03-08,275.99,150000.0,1.2340426606809907,5815,18,76962.0,1526520.2538822656,19396.0
2015-03-09,275.01,150000.0,1.2957447937150404,1712,-8,96078.0,525372.6596637025,23937.0
2015-03-10,286.53,47922.0,1.3163121713930566,1868,-35,96804.0,500445.463548595,28378.0
2015-03-11,292.42,115838.0,1.3163121713930566,2344,-70,95257.0,407331.2009424495,25733.0
2015-03-12,295.09,29582.0,1.2546100383590073,3042,-30,88793.0,398646.96728026966,24527.0
2015-03-13,294.94,6954.0,1.1723405276469412,2413,46,89487.0,392001.8339555054,25574.0
2015-03-14,287.83,7346.0,1.1517731499689245,3560,140,83480.0,350007.41335660033,21952.0
2015-03-15,282.82,6148.0,1.0695036392568584,5364,-37,79313.0,251596.9710270185,24161.0
2015-03-16,282.14,66889.0,1.2546100383590073,2575,6,98918.0,425723.31833220687,24071.0
2015-03-17,290.83,19431.0,1.1106383946128915,1959,8,91582.0,356375.0178092403,36584.0
2015-03-18,287.38,34533.0,1.1723405276469412,2107,-5,91843.0,661030.0497405976,24807.0
2015-03-19,265.06,27354.0,1.2751774160370237,2488,-8,99466.0,475948.6406392136,31393.0
2015-03-20,258.2,12680.0,1.1106383946128915,3395,2,96845.0,377656.05499110156,26773.0
2015-03-21,260.33,6479.0,1.1106383946128915,4061,-7,87718.0,283020.0627077747,23297.0
2015-03-22,259.99,4284.0,1.0078015062228092,4988,66,83514.0,223596.192924109,27846.0
2015-03-23,265.45,5522.0,1.1723405276469412,2986,-30,97398.0,437322.5953166219,34762.0
2015-03-24,265.95,7500.0,1.1106383946128915,2383,-50,86257.0,413263.3645482486,31576.0
2015-03-25,250.16,6228.0,1.2134752830029742,3979,30,89952.0,463825.6754566063,35297.0
2015-03-26,246.17,6887.0,1.1517731499689245,1823,-19,95878.0,483331.92532653955,37079.0
2015-03-27,249.6,5370.0,1.0283688839008256,2894,63,92251.0,479525.8147099715,36691.0
2015-03-28,247.5,3634.0,0.9255319955107428,2367,-26,83008.0,306473.9343269957,31697.0
2015-03-29,252.13,3781.0,0.9666667508667761,6846,-21,82944.0,253820.3385992489,31897.0
2015-03-30,243.86,7217.0,1.1723405276469412,2580,39,97262.0,414113.90410238673,38669.0
2015-03-31,247.6,7764.0,1.1106383946128915,3152,-9,107225.0,385939.3600703351,35388.0
2015-04-01,244.67,6764.0,1.1723405276469412,2131,-31,111933.0,493171.2703058357,34237.0
2015-04-02,245.31,6526.0,1.1517731499689245,3270,18,103806.0,391760.7386517433,29264.0
2015-04-03,251.39,5815.0,1.0695036392568584,2539,12,97496.0,352632.9524141326,30317.0
2015-04-04,253.7,5302.0,1.1106383946128915,3807,8,84111.0,217590.50697423524,27885.0
2015-04-05,253.04,3814.0,1.0283688839008256,5184,-11,84517.0,199723.13696688952,29227.0
2015-04-06,257.89,4870.0,1.0695036392568584,1941,-12,96777.0,339727.19769453554,29046.0
2015-04-07,255.91,5788.0,1.0078015062228092,3520,6,100641.0,390714.856293921,29994.0
2015-04-08,254.27,5558.0,1.1517731499689245,2458,-3,103803.0,446292.5422053591,37076.0
2015-04-09,246.78,5987.0,1.1929079053249576,3800,20,102369.0,416640.31632506725,37353.0
2015-04-10,240.83,4904.0,1.1723405276469412,3155,62,103790.0,445662.5704498358,28657.0
2015-04-11,236.57,3661.0,0.9872341285447925,5246,-18,93246.0,275492.72740775114,27225.0
2015-04-12,236.38,3599.0,0.9460993731887597,7129,-19,80462.0,210522.40986861318,25877.0
2015-04-13,236.41,5337.0,1.0283688839008256,1033,30,108203.0,454071.60128976346,29205.0
2015-04-14,227.79,5851.0,1.1723405276469412,3238,-25,102809.0,458120.6811113107,30124.0
2015-04-15,220.4,4953.0,0.9666667508667761,2916,-19,100495.0,398247.62587793596,28598.0
2015-04-16,222.02,5415.0,1.0078015062228092,2365,23,93694.0,483638.9510919352,34517.0
2015-04-17,228.26,6207.0,1.048936261578842,3116,-24,95249.0,497348.6621527686,28275.0
2015-04-18,223.66,5354.0,0.9049646178327264,3788,42,91665.0,314028.0994949237,25659.0
2015-04-19,223.03,5267.0,0.9872341285447925,5454,7,85300.0,339556.74591950595,26993.0
2015-04-20,225.62,7452.0,0.9666667508667761,2427,6,109871.0,461627.34781648393,28470.0
2015-04-21,224.39,7486.0,1.1312057722909081,2001,14,106279.0,509870.5292751787,32701.0
2015-04-22,229.94,8234.0,1.0078015062228092,2727,-32,103889.0,488219.260552248,30895.0
2015-04-23,235.37,9338.0,1.0283688839008256,2764,-14,105151.0,446057.6095151676,30202.0
2015-04-24,235.27,7734.0,0.9255319955107428,2524,1,101438.0,540756.1887008786,35266.0
2015-04-25,229.53,6142.0,0.9460993731887597,3017,-34,92302.0,400026.397889229,25715.0
2015-04-26,227.86,10234.0,1.0283688839008256,5188,21,88757.0,424569.3693864522,36471.0
2015-04-27,218.85,8073.0,0.9666667508667761,1602,18,107419.0,556604.9859741784,39066.0
2015-04-28,224.7,11112.0,0.9666667508667761,2160,-29,107693.0,574331.6334985207,31957.0
2015-04-29,225.68,5887.0,0.9460993731887597,2951,16,111681.0,611203.2599441382,30639.0
2015-04-30,228.85,7118.0,1.090071016934875,1690,-26,105241.0,545109.7545541148,29720.0
2015-05-01,235.08,6228.0,0.9872341285447925,2418,-12,93878.0,520428.168821209,27237.0
2015-05-02,234.19,4881.0,0.9255319955107428,3859,2,88736.0,331144.94232138904,25012.0
2015-05-03,235.37,4888.0,0.9255319955107428,6922,18,79391.0,335905.99585684354,27042.0
2015-05-04,240.72,5140.0,0.9872341285447925,2839,-4,98298.0,500872.1811585379,29448.0
2015-05-05,238.75,6053.0,0.9460993731887597,-318,29,108405.0,530604.3315366983,27820.0
2015-05-06,236.09,6110.0,0.9460993731887597,2582,-21,105478.0,561828.4076642615,29624.0
2015-05-07,233.32,6227.0,1.0283688839008256,3624,-11,105338.0,571671.3070180261,27526.0
2015-05-08,235.98,5977.0,0.9666667508667761,4385,2,102568.0,513444.7398926335,25655.0
2015-05-09,242.98,5069.0,0.8226951071206604,2276,31,90458.0,390051.2796318092,23791.0
2015-05-10,241.63,7158.0,0.9049646178327264,4895,-9,84246.0,360127.3643974253,31503.0
2015-05-11,240.85,7245.0,1.0078015062228092,2162,-29,104369.0,544907.0849947511,32317.0
2015-05-12,242.35,6967.0,0.9872341285447925,2472,-13,104208.0,540363.3596356822,30635.0
2015-05-13,241.84,6298.0,1.0283688839008256,4028,9,102874.0,549722.6193414094,30934.0
2015-05-14,240.56,8475.0,1.1106383946128915,3513,-3,95396.0,483663.8667673375,31708.0
2015-05-15,238.53,6345.0,1.1312057722909081,3318,-1,98189.0,437594.175728829,42997.0
2015-05-16,237.88,7085.0,0.9049646178327264,3123,6,85352.0,328866.3239328245,32407.0
2015-05-17,236.94,5114.0,1.0283688839008256,4317,-6,81926.0,265981.17266916076,32810.0
2015-05-18,237.05,6494.0,1.048936261578842,6447,-25,91391.0,422856.2186660631,34624.0
2015-05-19,235.09,9019.0,1.1929079053249576,-223,-1,101859.0,580500.1476898702,34750.0
2015-05-20,234.29,9044.0,1.1106383946128915,2370,-6,98588.0,489699.29228975024,30108.0
2015-05-21,234.42,7526.0,0.9872341285447925,2640,9,92662.0,465672.2606164807,27578.0
2015-05-22,235.84,6527.0,0.9872341285447925,3152,-7,98237.0,522363.7017870233,29926.0
2015-05-24,239.79,4959.0,0.9872341285447925,3963,20,88645.0,269207.99302474264,27968.0
2015-05-25,240.56,5748.0,0.9872341285447925,2280,-14,99845.0,376683.86082752096,30637.0
2015-05-26,237.99,6505.0,1.1312057722909081,3839,2,102688.0,440689.3411409557,34578.0
2015-05-27,237.61,7097.0,1.048936261578842,2625,64,101267.0,524577.9618954954,29218.0
2015-05-28,237.62,6625.0,0.9049646178327264,2297,20,101760.0,477552.59510762524,23591.0
2015-05-29,237.88,7126.0,1.048936261578842,2875,-42,114524.0,489219.3532825376,24045.0
2015-05-30,235.22,8361.0,1.2751774160370237,4072,6,117091.0,412532.0394503417,23844.0
2015-05-31,233.87,5410.0,1.1929079053249576,2422,-13,91190.0,399748.3949654314,24048.0
2015-06-01,231.75,6405.0,0.9460993731887597,963,-17,121415.0,597335.5473776658,27087.0
2015-06-02,224.65,7079.0,1.0283688839008256,1911,-4,119492.0,539177.0631864069,28566.0
2015-06-03,225.62,6053.0,0.9460993731887597,-334,-7,118646.0,568830.4162975274,34732.0
2015-06-04,226.09,6658.0,0.9460993731887597,-1917,-3,112102.0,529237.0560530239,76661.0
2015-06-05,225.45,5625.0,1.0078015062228092,2766,14,104600.0,617291.6326921878,28700.0
2015-06-06,225.47,4570.0,0.9460993731887597,5166,10,86678.0,429625.3474428308,27936.0
2015-06-07,226.07,3912.0,0.9460993731887597,4197,30,77390.0,333771.5917713309,26086.0
2015-06-08,224.38,5660.0,0.9255319955107428,9662,-24,101036.0,478476.32709968026,46002.0
2015-06-09,228.58,5939.0,0.9460993731887597,4270,-8,114824.0,573978.1441866694,43106.0
2015-06-10,230.18,5474.0,0.9666667508667761,2612,-9,124843.0,585049.2263761094,26645.0
2015-06-11,229.69,5730.0,0.9255319955107428,56,-31,115316.0,554797.7704710268,52355.0
2015-06-12,230.41,4543.0,0.9666667508667761,-2464,-13,118756.0,566010.0501095309,36988.0
2015-06-13,231.01,3214.0,0.9666667508667761,-452,24,98439.0,424147.5728547789,21875.0
2015-06-14,234.94,3222.0,0.9255319955107428,3485,-11,97081.0,445842.9837384837,46935.0
2015-06-15,234.14,4580.0,0.9049646178327264,3267,0,119280.0,667724.9255620979,28128.0
2015-06-16,236.98,4854.0,1.1312057722909081,1126,-10,114051.0,714497.2907544589,84152.0
2015-06-17,246.68,4712.0,1.1106383946128915,1793,-1,124365.0,744348.2781095869,35914.0
2015-06-18,250.58,9010.0,2.056737767801651,1898,-18,118888.0,590959.502373489,38557.0
2015-06-19,248.16,5298.0,1.1723405276469412,6399,8,116908.0,823347.4213481367,28107.0
2015-06-20,246.24,4123.0,1.1312057722909081,2209,-6,95697.0,455272.57380531344,25438.0
2015-06-21,244.8,3685.0,1.0078015062228092,5337,14,90387.0,380955.0278289696,23500.0
2015-06-22,244.19,4960.0,1.048936261578842,3352,2,105101.0,560896.4297447526,27394.0
2015-06-23,246.66,4899.0,1.0695036392568584,2640,19,119803.0,555712.3876979296,28352.0
2015-06-24,244.9,7226.0,0.9255319955107428,3047,-5,105386.0,527088.1859812743,36725.0
2015-06-25,242.2,5782.0,1.0283688839008256,3084,29,103194.0,432736.65740871,26008.0
2015-06-26,243.07,4377.0,0.88439724015471,5063,12,108834.0,659195.0595152082,23984.0
2015-06-27,242.98,3592.0,1.1106383946128915,3824,-24,98342.0,531287.3080441707,23636.0
2015-06-28,249.0,4077.0,0.9460993731887597,4874,12,93088.0,362214.8006497578,25663.0
2015-06-29,251.31,5551.0,1.1929079053249576,3257,22,116525.0,610101.1767811014,40197.0
2015-06-30,254.95,6390.0,1.5631207035292547,8531,34,148863.0,696136.5957994141,33375.0
2015-07-01,262.37,13645.0,1.3368795490710732,2180,36,132547.0,572673.6388266057,29052.0
2015-07-02,259.0,10097.0,1.1929079053249576,4436,36,134738.0,646588.3136583418,27119.0
2015-07-03,256.05,8900.0,1.2751774160370237,4585,-34,122965.0,623222.1328574276,25771.0
2015-07-04,258.58,7897.0,1.1106383946128915,5693,43,97358.0,408159.5187432804,23847.0
2015-07-05,259.03,8579.0,1.3163121713930566,6602,-22,107685.0,503690.5562793996,24976.0
2015-07-06,268.72,12143.0,1.3780143044271063,4981,-28,166883.0,725549.342702713,36903.0
2015-07-07,271.16,14539.0,1.2340426606809907,7243,22,185654.0,648699.7591608835,29915.0
2015-07-08,266.53,14427.0,1.3163121713930566,8045,32,193784.0,596239.562230808,36474.0
2015-07-09,274.68,12306.0,1.2546100383590073,5027,-26,185060.0,607459.0019375478,30281.0
2015-07-10,269.38,10127.0,1.3780143044271063,1119,31,184670.0,806729.446671789,29616.0
2015-07-11,285.13,7117.0,1.2546100383590073,8455,-8,180787.0,496372.99236487725,24645.0
2015-07-12,292.12,7410.0,1.4808511928171888,6036,18,206058.0,518833.1051538311,26775.0
2015-07-13,307.26,11428.0,1.3780143044271063,2025,-11,148479.0,582167.9916177476,42326.0
2015-07-14,289.22,9570.0,1.1723405276469412,-2304,-7,109033.0,614058.9527546893,50267.0
2015-07-15,289.16,9499.0,1.1106383946128915,2855,8,99205.0,571941.2730011846,38595.0
2015-07-16,288.1,9473.0,1.1723405276469412,4480,-5,101629.0,599127.4392456997,35125.0
2015-07-17,279.14,8641.0,1.090071016934875,3216,4,98758.0,514196.9347215908,29831.0
2015-07-18,278.05,6400.0,1.1106383946128915,3715,31,108585.0,417957.6680843327,25985.0
2015-07-19,275.93,11200.0,1.090071016934875,8396,3,90054.0,333827.4246581429,25071.0
2015-07-20,273.69,11084.0,1.1929079053249576,1444,-27,117070.0,498696.96570473094,36888.0
2015-07-21,277.54,10495.0,1.1312057722909081,3625,-16,128230.0,544677.6482112776,30095.0
2015-07-22,277.66,10451.0,1.1517731499689245,1526,4,124430.0,498101.7401881992,44651.0
2015-07-23,276.76,11412.0,1.048936261578842,1003,13,102890.0,523900.83862976,33408.0
2015-07-24,280.17,9069.0,1.1106383946128915,3241,13,100743.0,571605.4330530779,28664.0
2015-07-25,286.01,6845.0,1.048936261578842,2065,4,90499.0,353507.5017124104,21076.0
2015-07-26,288.34,8079.0,1.1929079053249576,5414,-1,87558.0,268953.8667292262,15592.0
2015-07-27,291.47,10170.0,1.1517731499689245,4058,-18,109163.0,459565.70928041823,30972.0
2015-07-28,292.7,10121.0,1.1312057722909081,3589,31,113834.0,565496.3868598011,33519.0
2015-07-29,291.9,10702.0,1.1106383946128915,2767,-17,136494.0,529915.0134625477,37726.0
2015-07-30,290.83,10162.0,0.9255319955107428,2231,-8,118839.0,495206.86931414384,33018.0
2015-07-31,287.88,8131.0,1.048936261578842,3761,32,140543.0,437209.74044292135,27789.0
2015-08-01,285.02,8749.0,1.7276597249533872,2076,10,142559.0,338832.67611586524,26960.0
2015-08-02,281.18,6041.0,1.4191490597831393,7194,11,89567.0,269192.83115946373,24294.0
2015-08-03,281.43,6153.0,1.1517731499689245,3413,-27,111928.0,466027.0059928536,35036.0
2015-08-04,282.55,5479.0,1.1929079053249576,4148,9,125972.0,494194.73498839256,34486.0
2015-08-05,284.78,5156.0,1.1517731499689245,6147,-26,126047.0,581560.650375073,31470.0
2015-08-06,282.66,4916.0,1.0695036392568584,2208,5,128785.0,518631.22184004344,35658.0
2015-08-07,279.43,4635.0,1.090071016934875,1255,-6,108427.0,474112.3489739092,47467.0
2015-08-08,275.92,3505.0,1.0078015062228092,2427,9,95133.0,518288.7715376038,29031.0
2015-08-09,267.89,3500.0,1.090071016934875,4937,62,85423.0,544784.9596045315,27132.0
2015-08-10,264.02,4426.0,1.1312057722909081,3453,-6,109660.0,551122.648228019,27744.0
2015-08-11,264.33,4800.0,1.0695036392568584,2445,34,110290.0,520472.9053343594,26653.0
2015-08-12,268.01,4987.0,1.048936261578842,4985,-16,111477.0,569820.9102810302,29241.0
2015-08-13,266.05,6524.0,1.0283688839008256,2482,-22,111305.0,616849.9133335028,31087.0
2015-08-14,264.91,4393.0,1.0283688839008256,3972,-3,105522.0,620318.5890114757,30737.0
2015-08-15,265.8,3338.0,1.0078015062228092,2959,-9,90604.0,348265.3259647712,28722.0
2015-08-16,263.84,3518.0,1.1312057722909081,5349,10,84377.0,389371.92317621346,24050.0
2015-08-17,258.76,4773.0,1.0283688839008256,898,-33,109830.0,653979.4500128288,37040.0
2015-08-18,252.11,6739.0,1.2957447937150404,4492,44,112474.0,638222.9130394285,28767.0
2015-08-19,241.71,6935.0,1.4808511928171888,3054,-21,114360.0,687047.8555441706,28539.0
2015-08-20,230.14,6181.0,1.3368795490710732,3573,3,111874.0,639672.5152692376,36462.0
2015-08-21,234.01,5400.0,1.3368795490710732,2792,24,105989.0,560589.4254632521,39012.0
2015-08-22,233.09,3801.0,1.1517731499689245,6429,-23,98596.0,442097.6121716008,34967.0
2015-08-23,227.41,4536.0,1.1929079053249576,7399,-13,87611.0,384085.4249723505,27692.0
2015-08-24,228.45,7339.0,1.3780143044271063,1767,-18,114594.0,784869.7655325654,34342.0
2015-08-25,215.25,5891.0,1.4602838151391722,4885,6,115798.0,803232.3308806105,37941.0
2015-08-26,219.01,5667.0,1.2340426606809907,1310,40,116768.0,648590.1679043808,33987.0
2015-08-27,226.32,4935.0,1.1106383946128915,7195,0,110860.0,578727.6060459922,34558.0
2015-08-28,226.6,4292.0,1.0283688839008256,6415,-20,113434.0,632565.3676753461,39945.0
2015-08-29,230.39,3771.0,1.1517731499689245,1460,18,102722.0,393930.91947251797,14768.0
2015-08-30,230.08,3976.0,1.090071016934875,4362,-16,88921.0,298285.03642064374,32134.0
2015-08-31,228.79,5041.0,1.0283688839008256,481,-1,119675.0,598386.2225156432,35949.0
2015-09-01,230.45,5792.0,1.0695036392568584,910,-22,121546.0,671795.2478988562,37021.0
2015-09-02,229.36,5351.0,1.1106383946128915,4607,4,142073.0,631687.8018321358,39013.0
2015-09-03,229.03,5071.0,1.0283688839008256,2250,43,118926.0,567044.6845161386,42474.0
2015-09-04,228.22,4257.0,1.0078015062228092,2681,-24,95535.0,485601.9523403423,36321.0
2015-09-05,230.52,3189.0,1.048936261578842,936,-10,114936.0,372946.1348447719,29023.0
2015-09-06,234.14,3376.0,1.0078015062228092,4488,-14,98249.0,375463.0910023769,35583.0
2015-09-07,240.17,4324.0,0.9872341285447925,2598,-15,115241.0,453776.26109090436,38792.0
2015-09-08,240.43,5249.0,1.090071016934875,3681,20,118155.0,680348.6857520997,46889.0
2015-09-09,243.59,5276.0,0.9872341285447925,1364,-1,118964.0,586403.4631184024,16909.0
2015-09-10,240.26,5148.0,0.9872341285447925,1162,7,117403.0,624592.0033133358,37882.0
2015-09-11,239.02,4869.0,0.9666667508667761,4210,11,158347.0,536037.0683549353,38518.0
2015-09-12,238.35,3520.0,0.9255319955107428,6039,7,115142.0,330488.61498337873,32205.0
2015-09-13,236.7,3705.0,0.9460993731887597,5485,-9,129805.0,343319.0444644748,40350.0
2015-09-14,231.66,5384.0,0.9872341285447925,1630,-20,149076.0,551953.2738322789,16262.0
2015-09-15,230.23,5273.0,1.048936261578842,5548,-7,149413.0,596786.3774428739,20470.0
2015-09-16,230.4,5422.0,1.048936261578842,3823,23,159879.0,635053.5011755456,45085.0
2015-09-17,229.78,5342.0,1.1106383946128915,8205,-12,250884.0,524689.4930282248,33180.0
2015-09-18,233.01,5995.0,1.1929079053249576,2507,6,142453.0,516918.9546700794,31747.0
2015-09-19,233.06,3810.0,1.048936261578842,-1063,13,108098.0,395974.6240302168,39778.0
2015-09-20,232.09,3857.0,1.0078015062228092,6056,-15,103346.0,338675.0625847766,65535.0
2015-09-21,231.68,5673.0,1.090071016934875,202,1,124479.0,671766.0105170091,59563.0
2015-09-22,229.18,6430.0,1.1312057722909081,3436,30,127746.0,665329.5038384625,82378.0
2015-09-23,230.49,37796.0,1.1106383946128915,2513,-22,125365.0,575981.90951315,42946.0
2015-09-24,230.88,5583.0,1.090071016934875,2605,20,116573.0,543140.4515963406,46527.0
2015-09-25,234.34,7094.0,1.048936261578842,2093,-3,121765.0,619109.0544977024,41322.0
2015-09-26,235.38,4079.0,1.0283688839008256,-236,30,109899.0,418895.35298507655,41039.0
2015-09-27,235.73,4132.0,1.090071016934875,4466,-41,101145.0,309524.2106176742,30532.0
2015-09-28,233.55,5366.0,1.0078015062228092,2900,4,131816.0,600915.3666915237,35355.0
2015-09-29,238.39,5567.0,1.048936261578842,3689,-18,133203.0,683391.3541865668,40135.0
2015-09-30,237.95,5753.0,1.0695036392568584,6138,-21,131726.0,581822.0583555333,43080.0
2015-10-01,237.2,5308.0,0.9872341285447925,3063,21,128616.0,690865.185926149,41189.0
2015-10-02,238.9,4819.0,0.9666667508667761,1268,15,132537.0,629808.3045853487,35561.0
2015-10-03,237.91,3799.0,1.0078015062228092,1854,4,113705.0,359216.8698583021,49494.0
2015-10-04,239.33,4251.0,1.0283688839008256,10407,-5,97698.0,384736.95489953615,33909.0
2015-10-05,239.55,5919.0,1.0078015062228092,4185,3,119254.0,632748.6474969152,32712.0
2015-10-06,240.01,8092.0,1.1106383946128915,-41,-16,139034.0,606898.7198439211,39541.0
2015-10-07,245.88,6835.0,1.0283688839008256,4081,22,126854.0,707909.3862901477,38773.0
2015-10-08,244.84,5671.0,1.0283688839008256,3686,31,132786.0,801846.6828318189,35461.0
2015-10-09,243.91,5565.0,0.9872341285447925,7155,-16,109875.0,539046.0270720327,30426.0
2015-10-10,244.77,4562.0,0.9872341285447925,3910,1,118159.0,493929.43641804147,29433.0
2015-10-11,245.82,4752.0,0.8638298624766936,8799,2,99211.0,384430.5443418467,27940.0
2015-10-12,249.43,5988.0,1.0283688839008256,-70,17,126926.0,664343.1597114475,34146.0
2015-10-13,246.25,5731.0,1.0283688839008256,4798,6,128780.0,835791.3591291745,31813.0
2015-10-14,249.49,7255.0,1.0283688839008256,927,-23,133423.0,773931.6832169752,28030.0
2015-10-15,253.14,5408.0,0.9255319955107428,5134,-2,146480.0,839454.7723912569,37296.0
2015-10-16,255.27,5084.0,1.0695036392568584,2066,-15,133472.0,760520.0824860911,36070.0
2015-10-17,264.73,3919.0,1.1517731499689245,3648,-12,129752.0,592017.7401267235,31701.0
2015-10-18,269.65,4111.0,1.0695036392568584,5422,25,109679.0,498482.21527573327,25220.0
2015-10-19,264.74,6278.0,1.048936261578842,2778,81,138798.0,772338.238912398,35703.0
2015-10-20,264.43,5995.0,1.2957447937150404,7172,-2,138068.0,716894.4685421414,42914.0
2015-10-21,270.15,5703.0,1.1723405276469412,4189,4,139873.0,624489.8182587748,38896.0
2015-10-22,272.37,6141.0,1.1517731499689245,5479,-8,140856.0,721370.2160938338,44027.0
2015-10-23,273.89,5772.0,1.1312057722909081,7040,11,132947.0,646680.6452164352,37326.0
2015-10-24,277.57,4204.0,1.2134752830029742,1793,-8,132876.0,574117.2250686013,36013.0
2015-10-25,281.75,4814.0,1.1517731499689245,1212,-21,124427.0,592988.5386541879,30139.0
2015-10-26,288.55,6647.0,1.1723405276469412,6608,18,107556.0,716099.0821740469,37096.0
2015-10-27,293.23,6508.0,1.2340426606809907,10926,-5,145302.0,770766.1067643089,50484.0
2015-10-28,294.32,6736.0,1.2751774160370237,5436,-27,152835.0,822844.4942198703,45782.0
2015-10-29,302.13,6750.0,1.5014185704952052,3951,12,153040.0,1087270.3125805107,45960.0
2015-10-30,311.67,6559.0,1.604255458885288,7726,-57,155697.0,1067759.025278423,32577.0
2015-10-31,326.27,4270.0,1.3163121713930566,5496,25,146194.0,750104.7270838785,35257.0
2015-11-01,334.23,5066.0,1.5219859481732219,-3902,-29,143920.0,692890.8387658609,31402.0
2015-11-02,320.98,6956.0,1.6910954979702464,4877,12,163771.0,1112855.6112510436,35962.0
2015-11-03,347.73,7919.0,2.4520884720568574,11532,-1,175751.0,1902884.2993164759,42652.0
2015-11-04,392.01,9399.0,3.2130814461434682,5751,-77,193303.0,2438239.7058489798,54768.0
2015-11-05,438.82,10587.0,2.748030184201651,8678,3,170973.0,1479104.4815587627,51405.0
2015-11-06,393.37,7167.0,2.0293145975642957,2352,25,159075.0,1151006.910130155,43351.0
2015-11-07,372.47,5051.0,1.7333728854195027,2892,-35,143102.0,869126.6490241194,36433.0
2015-11-08,384.45,6020.0,1.4797085607239655,27631,4,123342.0,729394.3626225122,39567.0
2015-11-09,379.37,8518.0,1.6910954979702464,6540,-27,149695.0,1166997.560178868,45103.0
2015-11-10,378.42,7874.0,1.5642633356224778,5604,27,151687.0,1180210.7767093692,43853.0
2015-11-11,346.11,5780.0,1.6488181105209905,5780,5,150054.0,1182973.772553586,34774.0
2015-11-12,314.08,6733.0,1.5219859481732219,5686,-8,148523.0,1027687.8897026724,38371.0
2015-11-13,330.86,6108.0,1.3951537858254532,5358,-9,144555.0,886099.5993020481,35364.0
2015-11-14,334.88,3789.0,1.2260442360284287,3978,14,141236.0,853838.9397222599,30226.0
2015-11-15,333.9,4459.0,1.1837668485791726,8459,-8,131907.0,702016.3250513528,32216.0
2015-11-16,325.14,5751.0,1.3951537858254532,4443,20,150634.0,995581.7416493474,35757.0
2015-11-17,327.75,6147.0,1.2683216234776848,4944,5,147195.0,924001.702885762,36957.0
2015-11-18,335.44,5981.0,1.4374311732747096,5472,-9,155799.0,781535.9753762046,40387.0
2015-11-19,334.99,5776.0,1.5219859481732219,3995,11,145112.0,788090.7490733673,32915.0
2015-11-20,329.2,5623.0,1.4374311732747096,5046,10,145521.0,746985.2520169788,33652.0
2015-11-21,321.77,4014.0,1.310599010926941,176,-21,142439.0,550168.5406651007,25295.0
2015-11-22,326.15,4538.0,1.352876398376197,13134,6,121177.0,468587.9419227992,17983.0
2015-11-23,323.97,5361.0,1.4797085607239655,4101,-19,135815.0,610451.1650115604,21268.0
2015-11-24,323.24,5277.0,1.3951537858254532,7565,-25,144865.0,644554.0306040671,20427.0
2015-11-25,321.26,4797.0,1.2683216234776848,5149,16,144491.0,735476.8829825197,27288.0
2015-11-26,335.8,5287.0,1.4374311732747096,3389,7,152491.0,877867.7794347531,24681.0
2015-11-27,347.14,4260.0,1.2683216234776848,4997,32,151098.0,990233.7180566469,25861.0
2015-11-28,357.35,3801.0,1.310599010926941,4302,31,155655.0,687208.6830286536,25749.0
2015-11-29,356.8,3961.0,1.2260442360284287,5647,-44,121263.0,520339.4067495622,24219.0
2015-11-30,366.64,6172.0,1.4374311732747096,7504,-5,172609.0,926602.7729597031,26261.0
2015-12-01,373.97,6417.0,1.3951537858254532,5286,-20,167944.0,1030181.8697570636,25143.0
2015-12-02,364.56,5821.0,1.352876398376197,5937,-4,171505.0,976049.7012660521,23887.0
2015-12-03,358.25,5971.0,1.310599010926941,2295,-3,157106.0,873268.5848577586,23460.0
2015-12-04,362.24,6544.0,1.2260442360284287,11001,-4,163244.0,930450.4441342229,22066.0
2015-12-05,362.1,4754.0,1.2683216234776848,4300,-8,176019.0,1554513.2358514292,22531.0
2015-12-06,388.16,4314.0,1.352876398376197,8362,20,164143.0,1353638.2340135172,22728.0
2015-12-07,392.95,6032.0,1.4374311732747096,5134,-12,181141.0,1006721.9183324749,25413.0
2015-12-08,394.58,9024.0,1.7333728854195027,7595,-4,180247.0,1027177.1121741271,24716.0
2015-12-09,404.63,34963.0,3.7204100955345423,5445,-16,206729.0,1525216.7274930638,33862.0
2015-12-10,416.85,15921.0,2.4520884720568574,6345,31,194108.0,1177420.0481596787,25232.0
2015-12-11,423.3,8654.0,1.9870372101150395,8211,-22,193804.0,1614337.0236169428,26210.0
2015-12-12,444.94,5274.0,1.7333728854195027,4944,36,188873.0,1464159.625031739,23062.0
2015-12-13,431.9,5145.0,1.5642633356224778,12860,-6,171912.0,1825584.799984966,21459.0
2015-12-14,436.16,6878.0,1.5642633356224778,1831,0,213272.0,1807611.084646631,32070.0
2015-12-15,442.7,7395.0,1.7333728854195027,8465,-14,208592.0,1781453.6641894085,28842.0
2015-12-16,461.23,6656.0,1.6910954979702464,7747,-11,203818.0,1722756.1330807868,27652.0
2015-12-17,455.18,5779.0,1.4797085607239655,6554,-6,199123.0,1621505.7788876337,23729.0
2015-12-18,454.77,5039.0,1.5219859481732219,6229,26,196266.0,1552063.6864118332,24189.0
2015-12-19,461.99,4066.0,1.3951537858254532,6796,10,195674.0,1438707.739771123,21372.0
2015-12-20,461.95,3944.0,1.310599010926941,10422,-9,177475.0,1403099.9615079951,19855.0
2015-12-21,447.36,5190.0,1.3951537858254532,5424,-33,210020.0,1773818.661603099,24803.0
2015-12-22,437.06,4947.0,1.352876398376197,12638,22,202630.0,1763624.1391486858,25707.0
2015-12-23,437.05,5070.0,1.4374311732747096,1763,31,200626.0,1861379.089882504,26011.0
2015-12-24,442.7,4191.0,1.4797085607239655,3944,-30,189211.0,1871398.7690839488,23679.0
2015-12-25,454.47,2954.0,1.3951537858254532,4588,23,158417.0,1520561.005932281,21240.0
2015-12-26,446.76,3676.0,1.352876398376197,3902,8,163107.0,903811.1578118434,21795.0
2015-12-27,422.72,9421.0,1.3951537858254532,9046,10,142506.0,556084.2964256195,32284.0
2015-12-28,420.68,5099.0,1.5219859481732219,6339,0,158972.0,739666.8100322431,31890.0
2015-12-29,422.21,5788.0,1.352876398376197,6193,19,170888.0,597441.8329472316,24417.0
2015-12-30,429.29,4921.0,1.352876398376197,8084,-30,162199.0,554988.9489732563,26654.0
2015-12-31,428.74,4094.0,1.310599010926941,4515,-10,145393.0,527471.9427768571,24012.0
2016-01-01,428.85,3369.0,1.310599010926941,5017,58,113560.0,363056.87480412563,20122.0
2016-01-02,433.36,4209.0,1.2683216234776848,4264,1,139031.0,340335.58544384944,19715.0
2016-01-03,433.36,5347.0,1.310599010926941,10103,-1,135929.0,381288.5183004913,19638.0
2016-01-04,428.82,6535.0,1.352876398376197,5455,-24,171284.0,489284.79858297954,23308.0
2016-01-05,435.9,6309.0,1.3951537858254532,6674,68,172892.0,635705.8507996032,27207.0
2016-01-06,432.62,5354.0,1.352876398376197,4360,-5,162460.0,612495.9242854671,24615.0
2016-01-07,430.49,6199.0,1.6065407230717341,8365,-9,178002.0,746349.5601392045,24700.0
2016-01-08,454.29,5337.0,1.5642633356224778,3502,-26,168370.0,591413.0764745495,26040.0
2016-01-09,453.71,4003.0,1.352876398376197,7244,23,167991.0,370736.24210398615,20585.0
2016-01-10,447.46,4255.0,1.352876398376197,3903,-11,150862.0,451270.0390537233,20755.0
2016-01-11,447.29,5604.0,1.352876398376197,4708,7,178886.0,750699.5718106079,23867.0
2016-01-12,448.09,5405.0,1.352876398376197,10874,14,181798.0,647842.3389338988,27110.0
2016-01-13,442.4,5462.0,1.5219859481732219,2862,15,176487.0,652692.6546797177,27094.0
2016-01-14,430.24,5450.0,1.352876398376197,4839,19,172665.0,607299.3065696821,25568.0
2016-01-15,416.78,6402.0,1.9870372101150395,4173,-25,173205.0,794282.1962944516,31035.0
2016-01-16,380.95,5043.0,2.0715919850135522,2439,49,181929.0,686338.5259427938,28097.0
2016-01-17,381.85,5098.0,1.7333728854195027,8514,23,194673.0,2128400.278001183,25408.0
2016-01-18,383.97,6754.0,1.6488181105209905,10339,10,203813.0,2251557.2482647747,29308.0
2016-01-19,384.97,6419.0,1.5642633356224778,-3123,41,175275.0,2557167.4792822264,24617.0
2016-01-20,384.51,5912.0,1.6910954979702464,9362,25,199793.0,1168417.7009790216,29720.0
2016-01-21,409.94,6119.0,1.5642633356224778,1691,-2,212267.0,1929897.2677665541,29595.0
2016-01-22,406.89,5649.0,1.5219859481732219,2331,-29,204769.0,2559764.1641613804,27533.0
2016-01-23,386.5,3563.0,1.352876398376197,5919,10,183524.0,7719372.763050795,23029.0
2016-01-24,391.01,4104.0,1.310599010926941,7706,13,194201.0,10614947.483953817,22635.0
2016-01-25,400.44,5822.0,1.352876398376197,6250,-19,213521.0,3749897.2899666876,25172.0
2016-01-26,393.52,5316.0,1.3951537858254532,7574,-2,220519.0,2787455.2442025337,26057.0
2016-01-27,393.96,6208.0,1.352876398376197,2056,-6,220437.0,2695006.064967423,28379.0
2016-01-28,392.71,7016.0,1.4374311732747096,7354,-16,216013.0,1350544.7342951826,26070.0
2016-01-29,381.27,6407.0,1.310599010926941,-934,25,213006.0,1520905.476402033,29331.0
2016-01-30,378.36,3855.0,1.1837668485791726,6905,-9,185119.0,1220863.6698648215,25049.0
2016-01-31,378.5,3433.0,1.310599010926941,10195,-12,166322.0,745924.5984912027,27728.0
2016-02-01,374.88,5163.0,1.310599010926941,7526,20,213460.0,1772871.5833685738,29309.0
2016-02-02,373.13,5442.0,1.2683216234776848,6847,-21,229165.0,1252113.616119836,26458.0
2016-02-03,374.48,5195.0,1.1837668485791726,2016,10,181401.0,762454.4655334286,27023.0
2016-02-04,373.58,5429.0,1.310599010926941,10124,-4,188676.0,955754.9797340028,26103.0
2016-02-05,386.49,4215.0,1.1414894611299164,4710,-10,208380.0,1348963.1970267757,26621.0
2016-02-06,384.98,3588.0,1.2683216234776848,8953,3,207321.0,1136133.149813046,23929.0
2016-02-07,377.2,3915.0,1.2260442360284287,14443,-6,197928.0,1475767.3431969436,24021.0
2016-02-08,376.51,4821.0,1.352876398376197,3446,1,212701.0,903962.0882730836,27363.0
2016-02-09,374.29,5237.0,1.2260442360284287,6712,-5,220134.0,755447.3932181358,25751.0
2016-02-10,375.99,5310.0,1.2260442360284287,7800,167,220941.0,900420.8008739824,28230.0
2016-02-11,380.99,5270.0,1.352876398376197,6161,1,203325.0,1163674.502800956,29630.0
2016-02-12,379.23,4998.0,1.352876398376197,8741,-8,187476.0,1265620.8679597722,28064.0
2016-02-13,385.62,3713.0,1.2260442360284287,5665,-27,172874.0,1024254.9297176343,25543.0
2016-02-14,394.46,4499.0,1.310599010926941,9611,4,171753.0,923226.1387235572,25283.0
2016-02-15,404.94,5885.0,1.4374311732747096,5527,7,205203.0,1200497.8600277873,27181.0
2016-02-16,403.65,6678.0,1.4374311732747096,7115,-26,198863.0,1428390.022460301,27923.0
2016-02-17,409.41,6761.0,1.5219859481732219,7148,-2,209285.0,1564415.9274483882,29153.0
2016-02-18,418.71,10747.0,1.6488181105209905,7032,-24,197990.0,1371194.205484518,24986.0
2016-02-19,421.63,8628.0,1.4374311732747096,7282,10,202348.0,1876378.1604266071,27889.0
2016-02-20,423.68,5674.0,1.5219859481732219,4829,-5,197720.0,1187144.7695268327,23050.0
2016-02-21,437.93,5578.0,1.4797085607239655,10711,-12,192867.0,1146089.9913082041,25424.0
2016-02-22,439.65,6735.0,1.4374311732747096,10898,-18,219458.0,1366160.981520255,25239.0
2016-02-23,436.45,6589.0,1.4797085607239655,8837,12,232024.0,1082379.9034157686,28499.0
2016-02-24,423.36,6558.0,1.352876398376197,6989,-17,211303.0,879959.9564322936,27169.0
2016-02-25,424.75,7309.0,1.352876398376197,7757,-5,203516.0,906299.8670956928,28753.0
2016-02-26,424.8,5019.0,1.2683216234776848,8866,-35,189130.0,903362.3310827399,30726.0
2016-02-27,429.78,4209.0,1.2260442360284287,2199,-4,170420.0,825223.9996698202,24902.0
2016-02-28,432.82,3835.0,1.2683216234776848,6366,-1,212870.0,2395366.7304290477,28161.0
2016-02-29,435.08,5861.0,1.2683216234776848,12291,-14,247936.0,2442632.2801442444,28270.0
2016-03-01,437.51,5912.0,1.4797085607239655,13291,-18,259943.0,1903224.0041342191,25668.0
2016-03-02,434.55,5538.0,1.310599010926941,4940,9,250588.0,1428577.6068914325,27957.0
2016-03-03,427.17,5671.0,1.2683216234776848,12410,-21,207426.0,1058755.1408284279,31442.0
2016-03-04,420.8,4920.0,1.352876398376197,4383,15,194183.0,1152450.6207028518,30294.0
2016-03-05,412.45,3749.0,1.310599010926941,6437,-9,221675.0,1651053.68552505,28045.0
2016-03-06,402.65,4456.0,1.2260442360284287,8792,9,148896.0,734150.3727549326,24747.0
2016-03-07,407.74,6525.0,1.3951537858254532,7523,-30,172239.0,1324102.8778554813,29486.0
2016-03-08,413.29,6062.0,1.3951537858254532,5635,-2,186514.0,1031841.4224270963,27850.0
2016-03-09,413.25,5417.0,1.2683216234776848,5964,-11,174989.0,935925.4915587676,28142.0
2016-03-10,413.98,5209.0,1.1837668485791726,11390,-13,178028.0,1189353.565876776,30719.0
2016-03-11,417.69,4874.0,1.2683216234776848,11255,16,180968.0,1137898.4317669987,29704.0
2016-03-12,419.3,3425.0,1.1837668485791726,10368,-14,158245.0,820792.6160691323,28068.0
2016-03-13,413.29,5576.0,1.2683216234776848,11096,-24,138215.0,743907.8179500537,28299.0
2016-03-14,414.15,6463.0,1.3951537858254532,11815,40,180368.0,1032129.744631808,28751.0
2016-03-15,415.69,6283.0,1.310599010926941,11183,-22,190466.0,997039.2096500788,30661.0
2016-03-16,416.77,5614.0,1.310599010926941,8738,-22,199773.0,1270964.2170592144,33113.0
2016-03-17,417.92,5044.0,1.2260442360284287,9772,-13,193689.0,1014827.680336196,30033.0
2016-03-18,418.18,4479.0,1.2260442360284287,8994,1,193997.0,1119068.3978669755,25976.0
2016-03-19,409.92,3036.0,1.2260442360284287,10002,-10,166881.0,954195.8033976465,27011.0
2016-03-20,409.34,3713.0,1.2260442360284287,11356,-2,165143.0,731667.8912900472,22064.0
2016-03-21,411.86,5469.0,1.310599010926941,9532,-21,186716.0,851986.954186657,25353.0
2016-03-22,412.92,5382.0,1.352876398376197,11590,0,190811.0,927526.9685757579,25184.0
2016-03-23,417.59,5134.0,1.1837668485791726,14495,-7,175065.0,897708.0754472817,23845.0
2016-03-24,417.98,5413.0,1.2260442360284287,7949,0,176276.0,1001670.2599101216,22710.0
2016-03-25,416.66,4016.0,1.2683216234776848,10357,2,159597.0,921004.4758679173,22593.0
2016-03-26,417.48,3064.0,1.2260442360284287,8416,7,147804.0,623777.9688785379,20187.0
2016-03-27,418.81,3692.0,1.0992120736806603,9056,-14,150970.0,864809.078694612,19044.0
2016-03-28,424.96,5426.0,1.2683216234776848,7570,-9,180772.0,881944.7834129983,23045.0
2016-03-29,422.26,5329.0,1.2260442360284287,14806,6,185839.0,924576.9123236887,31699.0
2016-03-30,416.09,5093.0,1.310599010926941,9304,6,186465.0,856478.0262319968,35672.0
2016-03-31,414.15,5142.0,1.310599010926941,8624,-23,194752.0,918675.8509435656,24191.0
2016-04-01,416.24,4466.0,1.1837668485791726,13329,53,196792.0,896308.8703697376,24472.0
2016-04-02,417.55,3611.0,1.1414894611299164,11474,10,171935.0,723613.7731778269,21507.0
2016-04-03,419.67,3646.0,1.2683216234776848,12675,1,168999.0,677289.6019919812,21378.0
2016-04-04,419.65,5120.0,1.2260442360284287,15480,6,197190.0,853021.9248784651,24516.0
2016-04-05,420.1,5695.0,1.1837668485791726,11173,-16,202676.0,902033.0423470044,26914.0
2016-04-06,422.4,5383.0,1.2260442360284287,13311,-13,204304.0,998656.6548658705,23270.0
2016-04-07,422.05,5067.0,1.1837668485791726,13682,-8,208443.0,1134219.0390304748,23407.0
2016-04-08,421.8,5589.0,1.2683216234776848,13315,-11,200466.0,955117.3879090779,24554.0
2016-04-09,419.27,3194.0,1.2683216234776848,11396,11,187303.0,799588.2734877834,19399.0
2016-04-10,418.68,3713.0,1.310599010926941,15055,12,177436.0,785557.4594618413,19193.0
2016-04-11,421.14,5526.0,1.3951537858254532,12458,-8,219148.0,857964.6616192084,23919.0
2016-04-12,423.21,5347.0,1.3951537858254532,14839,-11,228059.0,1129723.77409738,23252.0
2016-04-13,425.64,5575.0,1.1837668485791726,10255,1,212985.0,1156878.1395872652,23243.0
2016-04-14,424.27,5693.0,1.2683216234776848,10134,-23,216420.0,1060153.355169081,24938.0
2016-04-15,425.59,4945.0,1.1837668485791726,12235,7,200317.0,1127032.5043730154,27593.0
2016-04-16,430.05,3134.0,1.1837668485791726,9548,4,172387.0,1147349.9775210093,20857.0
2016-04-17,430.95,3417.0,1.0992120736806603,12536,6,183614.0,945352.1233867372,19395.0
2016-04-18,428.62,5095.0,1.2260442360284287,15177,-21,206282.0,1054628.9707469698,21989.0
2016-04-19,429.08,6229.0,1.1837668485791726,12904,-9,214542.0,1045244.7156961359,22642.0
2016-04-20,435.11,5375.0,1.310599010926941,9822,10,205245.0,1077782.4902243891,22973.0
2016-04-21,441.91,5594.0,1.352876398376197,13414,-3,202954.0,1263803.0154491027,23282.0
2016-04-22,448.44,7506.0,1.3951537858254532,10170,-19,198475.0,1087143.7912216852,24241.0
2016-04-23,447.37,4005.0,1.3951537858254532,11744,6,174458.0,875407.2375746913,25236.0
2016-04-24,451.34,4158.0,1.352876398376197,12724,5,172023.0,755701.6002670801,30727.0
2016-04-25,459.43,5799.0,1.4797085607239655,14601,-27,203220.0,1084564.2406614402,28861.0
2016-04-26,462.29,5977.0,1.5219859481732219,15089,4,232753.0,1115043.6220055523,26206.0
2016-04-27,465.64,5379.0,1.4374311732747096,8079,-13,227227.0,1011227.2730884543,28009.0
2016-04-28,449.52,5931.0,1.6488181105209905,9811,-4,233901.0,1143436.0792889523,26142.0
2016-04-29,448.45,4778.0,1.4374311732747096,12544,14,245517.0,1046359.634595208,26067.0
2016-04-30,454.02,3313.0,1.352876398376197,9771,-18,207883.0,790698.1410442122,22785.0
2016-05-01,449.95,3403.0,1.2683216234776848,11224,2,181332.0,681064.7406606738,22113.0
2016-05-02,450.76,43168.0,4.227738744925616,15686,53,210547.0,868424.1038782642,44092.0
2016-05-03,445.11,24458.0,2.4943658595061136,11884,-14,224501.0,919315.1015642645,34902.0
2016-05-04,449.21,11437.0,1.817927660318015,9702,-9,224542.0,1067932.5824244285,28567.0
2016-05-05,447.35,14534.0,1.9447598226657834,11831,-7,218126.0,914782.9457331088,27508.0
2016-05-06,449.21,9430.0,1.7333728854195027,12972,3,221434.0,951423.6534680332,24738.0
2016-05-07,457.04,5232.0,1.5219859481732219,8369,3,192924.0,832447.0770364171,21334.0
2016-05-08,459.48,5194.0,1.4797085607239655,11900,-15,180419.0,610597.6659860703,20478.0
2016-05-09,459.14,7784.0,1.4797085607239655,14728,-15,217117.0,818928.2241261237,23092.0
2016-05-10,460.46,7487.0,1.6065407230717341,14124,86,232590.0,954239.2652289823,23402.0
2016-05-11,453.25,12054.0,1.3951537858254532,11846,6,224958.0,1065216.2084891598,21597.0
2016-05-12,452.83,11547.0,1.3951537858254532,11606,4,220178.0,1045612.2485351604,22343.0
2016-05-13,454.16,5270.0,1.3951537858254532,11521,-20,220398.0,1060941.9386558807,23638.0
2016-05-14,456.0,7664.0,1.310599010926941,12268,-5,201491.0,720558.7882365583,19355.0
2016-05-15,456.43,8446.0,1.310599010926941,9834,-7,191747.0,696319.2373444075,19527.0
2016-05-16,458.46,8493.0,1.310599010926941,27365,-18,228007.0,1043825.8009487395,21419.0
2016-05-17,454.84,5504.0,1.310599010926941,15647,-7,229675.0,1078967.3521861813,21242.0
2016-05-18,454.47,6544.0,1.352876398376197,17018,10,225303.0,1025771.2001909296,21130.0
2016-05-19,454.04,8401.0,1.3951537858254532,13513,11,208083.0,1079962.1226836774,21055.0
2016-05-20,442.93,5039.0,1.3951537858254532,10439,-6,199528.0,914114.909499533,21015.0
2016-05-21,443.0,3523.0,1.2683216234776848,13562,16,179320.0,698313.0290677481,18208.0
2016-05-22,443.52,3936.0,1.2260442360284287,10960,-10,175568.0,639683.7488548574,20846.0
2016-05-23,440.85,5803.0,1.310599010926941,21155,30,211772.0,901295.2744299169,25025.0
2016-05-24,444.24,5952.0,1.352876398376197,16367,37,234541.0,1041753.4116500792,25558.0
2016-05-25,447.5,5042.0,1.4374311732747096,10784,-4,234191.0,1532907.346718317,25514.0
2016-05-26,450.46,5059.0,1.310599010926941,13132,5,205764.0,1531416.407499611,25096.0
2016-05-27,458.82,5222.0,1.4374311732747096,17396,-35,197604.0,1942739.7622394275,22418.0
2016-05-28,480.71,4205.0,1.7333728854195027,16095,276,179613.0,1743619.0937448468,20785.0
2016-05-29,519.5,3955.0,1.9024824352165273,14246,222,166827.0,1093178.492911292,21179.0
2016-05-30,533.44,6682.0,1.8602050477672711,20250,114,199058.0,961387.7633599277,23116.0
2016-05-31,536.13,8139.0,1.9024824352165273,18124,-25,204919.0,1145343.267135091,22168.0
2016-06-01,532.91,6356.0,1.7333728854195027,17673,-4,223204.0,1029177.1949627472,24322.0
2016-06-02,536.41,5496.0,1.5642633356224778,16377,7,220489.0,959889.6930046792,25664.0
2016-06-03,541.83,5611.0,1.817927660318015,17554,16,220503.0,844594.186735312,25989.0
2016-06-04,568.92,3727.0,1.7756502728687587,17359,3,184677.0,659726.7752418584,22507.0
2016-06-05,574.1,6075.0,1.6488181105209905,15098,-36,176214.0,753118.3932323308,24256.0
2016-06-06,577.44,5785.0,1.7333728854195027,20057,-7,209541.0,926083.0023402909,25168.0
2016-06-07,584.11,5682.0,1.7756502728687587,19717,-21,220255.0,1028244.7825442016,25479.0
2016-06-08,578.53,5467.0,1.6065407230717341,15108,-6,220090.0,923806.9597028906,25213.0
2016-06-09,580.91,5400.0,1.5642633356224778,17816,-9,224237.0,956389.4497817577,23455.0
2016-06-10,577.38,4683.0,1.4797085607239655,15631,-15,213214.0,1049884.1957437636,23436.0
2016-06-11,580.7,3387.0,1.6065407230717341,13576,-4,201504.0,907990.3079151227,20546.0
2016-06-12,609.23,3840.0,2.282978922259833,16325,-14,196994.0,1284209.361974861,25917.0
2016-06-13,666.1,6987.0,2.748030184201651,20515,130,235153.0,1304760.9114873891,27242.0
2016-06-14,695.99,6215.0,2.3252563097090886,14184,-12,233064.0,1076602.6542053092,23970.0
2016-06-15,685.76,5908.0,2.1561467599120645,18910,-15,244365.0,994857.2109854128,24561.0
2016-06-16,703.27,6558.0,2.748030184201651,20775,-30,252646.0,1287449.0584654007,26795.0
2016-06-17,756.96,5700.0,2.663475409303138,21296,46,237273.0,1186661.3895552198,26724.0
2016-06-18,749.43,4728.0,2.1984241473613206,17319,-32,222670.0,971703.4315880998,20862.0
2016-06-19,758.16,4979.0,2.113869372462808,16948,9,206289.0,865346.6975909856,20799.0
2016-06-20,760.72,6795.0,2.1561467599120645,24262,-33,236521.0,1164181.351450059,27198.0
2016-06-21,726.2,7290.0,2.367533697158345,26765,-24,236410.0,1303209.5409127993,27064.0
2016-06-22,664.82,6206.0,2.0293145975642957,21251,67,223448.0,1145520.1135644238,25119.0
2016-06-23,615.0,6226.0,2.2407015348105763,25210,69,225918.0,1334505.6523349858,24183.0
2016-06-24,623.81,13814.0,3.2130814461434682,24926,-14,225104.0,1173277.961603574,26403.0
2016-06-25,663.66,7895.0,2.282978922259833,21563,10,194277.0,850896.0148996366,20205.0
2016-06-26,659.88,3996.0,1.7333728854195027,18651,70,172177.0,696147.41289514,20500.0
2016-06-27,633.42,7592.0,1.9447598226657834,21713,80,207567.0,800437.3005523551,23913.0
2016-06-28,649.79,5939.0,1.9870372101150395,27986,87,203763.0,799974.4052181934,23816.0
2016-06-29,644.97,6640.0,1.8602050477672711,20187,99,214784.0,752487.5362457411,23872.0
2016-06-30,641.99,5826.0,1.9870372101150395,23410,-3,221143.0,915834.348544067,23132.0
2016-07-01,670.4,4739.0,1.817927660318015,22858,26,196590.0,850484.0240655419,23027.0
2016-07-02,678.97,4065.0,1.8713961209156038,23748,185,188734.0,688964.9976925908,23595.0
2016-07-03,693.16,4181.0,1.8713961209156038,24172,-1,167241.0,608129.4117360796,20287.0
2016-07-04,665.83,5067.0,1.7644591997204264,33721,162,202743.0,783185.2272957622,21181.0
2016-07-05,675.93,5436.0,1.817927660318015,31037,172,205208.0,855597.1422737151,22046.0
2016-07-06,670.73,5159.0,1.8713961209156038,32555,-6,207358.0,799444.5137546831,23770.0
2016-07-07,668.43,5614.0,2.0852699633059584,36796,7,205969.0,901643.2416116404,23909.0
2016-07-08,639.53,4961.0,1.978333042110781,43103,5,204426.0,901002.9958476836,23469.0
2016-07-09,656.05,4403.0,2.4060807268914903,46384,9,122411.0,514502.23146595905,25041.0
