,google,segment
2010-07-01,0.0,0
2010-07-02,0.0,0
2010-07-03,0.0,0
2010-07-04,0.0,0
2010-07-05,0.0,0
2010-07-06,0.0,0
2010-07-07,0.0,0
2010-07-08,0.0,0
2010-07-09,0.0,0
2010-07-10,0.004792522658788477,0
2010-07-11,0.015575698641062553,0
2010-07-12,0.03834018127030782,0
2010-07-13,0.02276448262924527,0
2010-07-14,0.015575698641062553,0
2010-07-15,0.02396261329394239,0
2010-07-16,0.020368221299851032,0
2010-07-17,0.004792522658788477,0
2010-07-18,0.004792522658788477,0
2010-07-19,0.003594391994091358,0
2010-07-20,0.01917009063515391,0
2010-07-21,0.003594391994091358,0
2010-07-22,0.007188783988182716,0
2010-07-23,0.011981306646971194,0
2010-07-24,0.004792522658788477,0
2010-07-25,0.009585045317576955,0
2010-07-26,0.003594391994091358,0
2010-07-27,0.007188783988182716,0
2010-07-28,0.0,0
2010-07-29,0.007188783988182716,0
2010-07-30,0.003594391994091358,0
2010-07-31,0.010783175982274074,0
2010-08-01,0.0,0
2010-08-02,0.003594391994091358,0
2010-08-03,0.003594391994091358,0
2010-08-04,0.0,0
2010-08-05,0.003594391994091358,0
2010-08-06,0.0,0
2010-08-07,0.010783175982274074,0
2010-08-08,0.004792522658788477,0
2010-08-09,0.003594391994091358,0
2010-08-10,0.0,0
2010-08-11,0.011981306646971194,0
2010-08-12,0.007188783988182716,0
2010-08-13,0.003594391994091358,0
2010-08-14,0.0,0
2010-08-15,0.0,0
2010-08-16,0.007188783988182716,0
2010-08-17,0.0,0
2010-08-18,0.0,0
2010-08-19,0.011981306646971194,0
2010-08-20,0.0,0
2010-08-21,0.0,0
2010-08-22,0.0,0
2010-08-23,0.0,0
2010-08-24,0.003594391994091358,0
2010-08-25,0.0,0
2010-08-26,0.003594391994091358,0
2010-08-27,0.003594391994091358,0
2010-08-28,0.004792522658788477,0
2010-08-29,0.0,0
2010-08-30,0.0,0
2010-08-31,0.007188783988182716,0
2010-09-01,0.003594391994091358,0
2010-09-02,0.007188783988182716,0
2010-09-03,0.0,0
2010-09-04,0.009585045317576955,0
2010-09-05,0.0,0
2010-09-06,0.003594391994091358,0
2010-09-07,0.0,0
2010-09-08,0.003594391994091358,0
2010-09-09,0.010783175982274074,0
2010-09-10,0.0,0
2010-09-11,0.004792522658788477,0
2010-09-12,0.004792522658788477,0
2010-09-13,0.003594391994091358,0
2010-09-14,0.003594391994091358,0
2010-09-15,0.003594391994091358,0
2010-09-16,0.003594391994091358,0
2010-09-17,0.0,0
2010-09-18,0.009585045317576955,0
2010-09-19,0.008386914652879836,0
2010-09-20,0.007188783988182716,0
2010-09-21,0.0,0
2010-09-22,0.0,0
2010-09-23,0.0,0
2010-09-24,0.003594391994091358,0
2010-09-25,0.0,0
2010-09-26,0.013179437311668313,0
2010-09-27,0.0,0
2010-09-28,0.003594391994091358,0
2010-09-29,0.003594391994091358,0
2010-09-30,0.0,0
2010-10-01,0.007188783988182716,0
2010-10-02,0.008386914652879836,0
2010-10-03,0.008386914652879836,0
2010-10-04,0.003594391994091358,0
2010-10-05,0.007188783988182716,0
2010-10-06,0.0,0
2010-10-07,0.003594391994091358,0
2010-10-08,0.003594391994091358,0
2010-10-09,0.008386914652879836,0
2010-10-10,0.0,0
2010-10-11,0.0,0
2010-10-12,0.0,0
2010-10-13,0.0,0
2010-10-14,0.0,0
2010-10-15,0.003594391994091358,0
2010-10-16,0.0,0
2010-10-17,0.008386914652879836,0
2010-10-18,0.003594391994091358,0
2010-10-19,0.003594391994091358,0
2010-10-20,0.007188783988182716,0
2010-10-21,0.003594391994091358,0
2010-10-22,0.003594391994091358,0
2010-10-23,0.008386914652879836,0
2010-10-24,0.008386914652879836,0
2010-10-25,0.003594391994091358,0
2010-10-26,0.009585045317576955,0
2010-10-27,0.0,0
2010-10-28,0.010783175982274074,0
2010-10-29,0.003594391994091358,0
2010-10-30,0.0,0
2010-10-31,0.008386914652879836,0
2010-11-01,0.010783175982274074,0
2010-11-02,0.007188783988182716,0
2010-11-03,0.0,0
2010-11-04,0.003594391994091358,0
2010-11-05,0.007188783988182716,0
2010-11-06,0.0,0
2010-11-07,0.011981306646971194,0
2010-11-08,0.003594391994091358,0
2010-11-09,0.003594391994091358,0
2010-11-10,0.0,0
2010-11-11,0.0,0
2010-11-12,0.003594391994091358,0
2010-11-13,0.003594391994091358,0
2010-11-14,0.008386914652879836,0
2010-11-15,0.026358874623336626,0
2010-11-16,0.009585045317576955,0
2010-11-17,0.007188783988182716,0
2010-11-18,0.007188783988182716,0
2010-11-19,0.003594391994091358,0
2010-11-20,0.008386914652879836,0
2010-11-21,0.003594391994091358,0
2010-11-22,0.003594391994091358,0
2010-11-23,0.01677382930575967,0
2010-11-24,0.005990653323485597,0
2010-11-25,0.010783175982274074,0
2010-11-26,0.010783175982274074,0
2010-11-27,0.0,0
2010-11-28,0.003594391994091358,0
2010-11-29,0.005990653323485597,0
2010-11-30,0.01917009063515391,0
2010-12-01,0.013179437311668313,0
2010-12-02,0.003594391994091358,0
2010-12-03,0.013179437311668313,0
2010-12-04,0.003594391994091358,0
2010-12-05,0.008386914652879836,0
2010-12-06,0.0,0
2010-12-07,0.003594391994091358,0
2010-12-08,0.01677382930575967,0
2010-12-09,0.007188783988182716,0
2010-12-10,0.003594391994091358,0
2010-12-11,0.01677382930575967,0
2010-12-12,0.028755135952730864,0
2010-12-13,0.025160743958639504,0
2010-12-14,0.003594391994091358,0
2010-12-15,0.013179437311668313,0
2010-12-16,0.01677382930575967,0
2010-12-17,0.0,0
2010-12-18,0.008386914652879836,0
2010-12-19,0.01677382930575967,0
2010-12-20,0.007188783988182716,0
2010-12-21,0.01677382930575967,0
2010-12-22,0.010783175982274074,0
2010-12-23,0.02276448262924527,0
2010-12-24,0.01797195997045679,0
2010-12-25,0.020368221299851032,0
2010-12-26,0.03234952794682223,0
2010-12-27,0.007188783988182716,0
2010-12-28,0.007188783988182716,0
2010-12-29,0.010783175982274074,0
2010-12-30,0.007188783988182716,0
2010-12-31,0.008386914652879836,0
2011-01-01,0.004792522658788477,0
2011-01-02,0.003594391994091358,0
2011-01-03,0.007188783988182716,0
2011-01-04,0.01677382930575967,0
2011-01-05,0.009585045317576955,0
2011-01-06,0.007188783988182716,0
2011-01-07,0.009585045317576955,0
2011-01-08,0.003594391994091358,0
2011-01-09,0.011981306646971194,0
2011-01-10,0.003594391994091358,0
2011-01-11,0.003594391994091358,0
2011-01-12,0.009585045317576955,0
2011-01-13,0.013179437311668313,0
2011-01-14,0.013179437311668313,0
2011-01-15,0.015575698641062553,0
2011-01-16,0.007188783988182716,0
2011-01-17,0.009585045317576955,0
2011-01-18,0.011981306646971194,0
2011-01-19,0.003594391994091358,0
2011-01-20,0.015575698641062553,0
2011-01-21,0.015575698641062553,0
2011-01-22,0.011981306646971194,0
2011-01-23,0.011981306646971194,0
2011-01-24,0.005990653323485597,0
2011-01-25,0.003594391994091358,0
2011-01-26,0.015575698641062553,0
2011-01-27,0.009585045317576955,0
2011-01-28,0.01677382930575967,0
2011-01-29,0.010783175982274074,0
2011-01-30,0.007188783988182716,0
2011-01-31,0.008386914652879836,0
2011-02-01,0.005990653323485597,0
2011-02-02,0.0,0
2011-02-03,0.0,0
2011-02-04,0.015575698641062553,0
2011-02-05,0.010783175982274074,0
2011-02-06,0.01797195997045679,0
2011-02-07,0.011981306646971194,0
2011-02-08,0.011981306646971194,0
2011-02-09,0.02755700528803375,0
2011-02-10,0.11981306646971193,0
2011-02-11,0.10663362915804361,0
2011-02-12,0.05751027190546173,0
2011-02-13,0.0371420506056107,0
2011-02-14,0.03354765861151934,0
2011-02-15,0.03474578927621646,0
2011-02-16,0.03834018127030782,0
2011-02-17,0.03953831193500494,0
2011-02-18,0.03834018127030782,0
2011-02-19,0.02276448262924527,0
2011-02-20,0.010783175982274074,0
2011-02-21,0.04792522658788478,0
2011-02-22,0.05032148791727901,0
2011-02-23,0.014377567976365432,0
2011-02-24,0.03953831193500494,0
2011-02-25,0.03834018127030782,0
2011-02-26,0.0371420506056107,0
2011-02-27,0.0551140105760675,0
2011-02-28,0.05271774924667325,0
2011-03-01,0.05631214124076461,0
2011-03-02,0.05631214124076461,1
2011-03-03,0.028156070620382306,1
2011-03-04,0.028156070620382306,1
2011-03-05,0.014078035310191153,1
2011-03-06,0.05631214124076461,1
2011-03-07,0.05631214124076461,1
2011-03-08,0.028156070620382306,1
2011-03-09,0.028156070620382306,1
2011-03-10,0.028156070620382306,1
2011-03-11,0.028156070620382306,1
2011-03-12,0.028156070620382306,1
2011-03-13,0.028156070620382306,1
2011-03-14,0.0,1
2011-03-15,0.014078035310191153,1
2011-03-16,0.028156070620382306,1
2011-03-17,0.028156070620382306,1
2011-03-18,0.028156070620382306,1
2011-03-19,0.014078035310191153,1
2011-03-20,0.014078035310191153,1
2011-03-21,0.07039017655095577,1
2011-03-22,0.05631214124076461,1
2011-03-23,0.12670231779172036,1
2011-03-24,0.07039017655095577,1
2011-03-25,0.07039017655095577,1
2011-03-26,0.08446821186114692,1
2011-03-27,0.04223410593057346,1
2011-03-28,0.07039017655095577,1
2011-03-29,0.05631214124076461,1
2011-03-30,0.05631214124076461,1
2011-03-31,0.04223410593057346,1
2011-04-01,0.014078035310191153,1
2011-04-02,0.014078035310191153,1
2011-04-03,0.028156070620382306,1
2011-04-04,0.04223410593057346,1
2011-04-05,0.05631214124076461,1
2011-04-06,0.04223410593057346,1
2011-04-07,0.04223410593057346,1
2011-04-08,0.04223410593057346,1
2011-04-09,0.07039017655095577,1
2011-04-10,0.05631214124076461,1
2011-04-11,0.05631214124076461,1
2011-04-12,0.04223410593057346,1
2011-04-13,0.05631214124076461,1
2011-04-14,0.04223410593057346,1
2011-04-15,0.028156070620382306,1
2011-04-16,0.09854624717133807,1
2011-04-17,0.09854624717133807,1
2011-04-18,0.08446821186114692,1
2011-04-19,0.07039017655095577,1
2011-04-20,0.07039017655095577,1
2011-04-21,0.08446821186114692,1
2011-04-22,0.04223410593057346,1
2011-04-23,0.07039017655095577,1
2011-04-24,0.07039017655095577,1
2011-04-25,0.07039017655095577,1
2011-04-26,0.07039017655095577,1
2011-04-27,0.08446821186114692,1
2011-04-28,0.11262428248152923,1
2011-04-29,0.09854624717133807,1
2011-04-30,0.11262428248152923,1
2011-05-01,0.11262428248152923,1
2011-05-02,0.12670231779172036,1
2011-05-03,0.11262428248152923,1
2011-05-04,0.07039017655095577,1
2011-05-05,0.05631214124076461,1
2011-05-06,0.08446821186114692,1
2011-05-07,0.08446821186114692,1
2011-05-08,0.12670231779172036,1
2011-05-09,0.16893642372229384,1
2011-05-10,0.14078035310191153,1
2011-05-11,0.14078035310191153,1
2011-05-12,0.11262428248152923,1
2011-05-13,0.16893642372229384,1
2011-05-14,0.16893642372229384,1
2011-05-15,0.12670231779172036,1
2011-05-16,0.6194335536484108,1
2011-05-17,0.46457516523630804,1
2011-05-18,0.32379481213439654,1
2011-05-19,0.7039017655095576,1
2011-05-20,0.5068092711668815,1
2011-05-21,0.4786532005464992,1
2011-05-22,0.40826302399554343,1
2011-05-23,0.42234105930573457,1
2011-05-24,0.4786532005464992,1
2011-05-25,0.6757456948891754,1
2011-05-26,0.4504971299261169,1
2011-05-27,0.3519508827547788,1
2011-05-28,0.32379481213439654,1
2011-05-29,0.40826302399554343,1
2011-05-30,0.3941849886853523,1
2011-05-31,0.9291503304726161,1
2011-06-01,0.7320578361299399,1
2011-06-02,0.8165260479910869,1
2011-06-03,0.9009942598522338,1
2011-06-04,0.7883699773707046,1
2011-06-05,0.9009942598522338,1
2011-06-06,0.8869162245420427,1
2011-06-07,0.7320578361299399,1
2011-06-08,1.0980867541949098,1
2011-06-09,1.1684769307458658,1
2011-06-10,1.0699306835745275,1
2011-06-11,1.3374133544681595,1
2011-06-12,1.3655694250885417,1
2011-06-13,1.1543988954356745,1
2011-06-14,1.112164789505101,1
2011-06-15,1.2670231779172039,1
2011-06-16,1.3374133544681595,1
2011-06-17,1.0980867541949098,1
2011-06-18,1.0699306835745275,1
2011-06-19,1.1262428248152923,1
2011-06-20,1.4078035310191153,1
2011-06-21,0.9854624717133806,1
2011-06-22,0.9854624717133806,1
2011-06-23,0.8728381892318514,1
2011-06-24,0.6335115889586019,1
2011-06-25,0.5771994477178373,1
2011-06-26,0.6194335536484108,1
2011-06-27,0.7320578361299399,1
2011-06-28,0.5490433770974549,1
2011-06-29,0.5771994477178373,1
2011-06-30,0.5208873064770726,1
2011-07-01,0.5771994477178373,1
2011-07-02,0.5068092711668815,1
2011-07-03,0.5631214124076461,1
2011-07-04,0.46457516523630804,1
2011-07-05,0.38010695337516115,1
2011-07-06,0.42234105930573457,1
2011-07-07,0.7320578361299399,1
2011-07-08,0.4927312358566903,1
2011-07-09,0.38010695337516115,1
2011-07-10,0.5349653417872637,1
2011-07-11,0.40826302399554343,1
2011-07-12,0.3941849886853523,1
2011-07-13,0.42234105930573457,1
2011-07-14,0.5771994477178373,1
2011-07-15,0.36602891806496995,1
2011-07-16,0.3378728474445877,1
2011-07-17,0.32379481213439654,1
2011-07-18,0.4364190946159257,1
2011-07-19,0.5068092711668815,1
2011-07-20,0.5208873064770726,1
2011-07-21,0.40826302399554343,1
2011-07-22,0.3378728474445877,1
2011-07-23,0.3097167768242054,1
2011-07-24,0.2956387415140142,1
2011-07-25,0.38010695337516115,1
2011-07-26,0.38010695337516115,1
2011-07-27,0.38010695337516115,1
2011-07-28,0.32379481213439654,1
2011-07-29,0.2956387415140142,1
2011-07-30,0.3519508827547788,1
2011-07-31,0.40826302399554343,1
2011-08-01,0.40826302399554343,1
2011-08-02,0.4364190946159257,1
2011-08-03,0.4364190946159257,1
2011-08-04,0.36602891806496995,1
2011-08-05,0.5068092711668815,1
2011-08-06,0.5208873064770726,1
2011-08-07,0.5490433770974549,1
2011-08-08,0.38010695337516115,1
2011-08-09,0.3941849886853523,1
2011-08-10,0.3097167768242054,1
2011-08-11,0.3378728474445877,1
2011-08-12,0.2956387415140142,1
2011-08-13,0.3097167768242054,1
2011-08-14,0.32379481213439654,1
2011-08-15,0.42234105930573457,1
2011-08-16,0.3378728474445877,1
2011-08-17,0.4364190946159257,1
2011-08-18,0.4364190946159257,1
2011-08-19,0.38010695337516115,1
2011-08-20,0.36602891806496995,1
2011-08-21,0.38010695337516115,1
2011-08-22,0.3519508827547788,1
2011-08-23,0.32379481213439654,1
2011-08-24,0.4364190946159257,1
2011-08-25,0.3378728474445877,1
2011-08-26,0.28156070620382306,1
2011-08-27,0.3941849886853523,1
2011-08-28,0.2393266002732496,1
2011-08-29,0.28156070620382306,1
2011-08-30,0.2393266002732496,1
2011-08-31,0.32379481213439654,1
2011-09-01,0.3097167768242054,1
2011-09-02,0.25340463558344073,1
2011-09-03,0.2956387415140142,1
2011-09-04,0.3378728474445877,1
2011-09-05,0.26748267089363187,1
2011-09-06,0.3519508827547788,1
2011-09-07,0.26748267089363187,1
2011-09-08,0.28156070620382306,1
2011-09-09,0.3378728474445877,1
2011-09-10,0.40826302399554343,1
2011-09-11,0.26748267089363187,1
2011-09-12,0.25340463558344073,1
2011-09-13,0.2956387415140142,1
2011-09-14,0.25340463558344073,1
2011-09-15,0.25340463558344073,1
2011-09-16,0.22524856496305845,1
2011-09-17,0.2393266002732496,1
2011-09-18,0.25340463558344073,1
2011-09-19,0.22524856496305845,1
2011-09-20,0.2393266002732496,1
2011-09-21,0.21117052965286728,1
2011-09-22,0.2393266002732496,1
2011-09-23,0.19709249434267614,1
2011-09-24,0.14078035310191153,1
2011-09-25,0.28156070620382306,1
2011-09-26,0.21117052965286728,1
2011-09-27,0.19709249434267614,1
2011-09-28,0.22524856496305845,1
2011-09-29,0.22524856496305845,1
2011-09-30,0.19709249434267614,1
2011-10-01,0.21117052965286728,1
2011-10-02,0.18301445903248498,1
2011-10-03,0.14078035310191153,1
2011-10-04,0.22524856496305845,1
2011-10-05,0.19709249434267614,1
2011-10-06,0.19709249434267614,1
2011-10-07,0.1548583884121027,1
2011-10-08,0.25340463558344073,1
2011-10-09,0.2393266002732496,1
2011-10-10,0.22524856496305845,1
2011-10-11,0.19709249434267614,1
2011-10-12,0.18301445903248498,1
2011-10-13,0.18301445903248498,1
2011-10-14,0.18301445903248498,1
2011-10-15,0.12670231779172036,1
2011-10-16,0.14078035310191153,1
2011-10-17,0.18301445903248498,1
2011-10-18,0.2956387415140142,1
2011-10-19,0.25340463558344073,1
2011-10-20,0.18301445903248498,1
2011-10-21,0.18301445903248498,1
2011-10-22,0.21117052965286728,1
2011-10-23,0.14078035310191153,1
2011-10-24,0.19709249434267614,1
2011-10-25,0.16893642372229384,1
2011-10-26,0.1548583884121027,1
2011-10-27,0.08446821186114692,1
2011-10-28,0.12670231779172036,1
2011-10-29,0.14078035310191153,1
2011-10-30,0.12670231779172036,1
2011-10-31,0.12670231779172036,1
2011-11-01,0.3097167768242054,1
2011-11-02,0.2643923704596875,2
2011-11-03,0.19640576091291073,2
2011-11-04,0.22662203182258928,2
2011-11-05,0.1737435577306518,2
2011-11-06,0.1510813545483929,2
2011-11-07,0.1586354222758125,2
2011-11-08,0.1510813545483929,2
2011-11-09,0.1586354222758125,2
2011-11-10,0.16618949000323216,2
2011-11-11,0.09064881272903573,2
2011-11-12,0.1359732190935536,2
2011-11-13,0.12841915136613394,2
2011-11-14,0.1737435577306518,2
2011-11-15,0.1737435577306518,2
2011-11-16,0.16618949000323216,2
2011-11-17,0.1737435577306518,2
2011-11-18,0.1435272868209732,2
2011-11-19,0.1586354222758125,2
2011-11-20,0.16618949000323216,2
2011-11-21,0.1208650836387143,2
2011-11-22,0.12841915136613394,2
2011-11-23,0.1586354222758125,2
2011-11-24,0.1435272868209732,2
2011-11-25,0.1435272868209732,2
2011-11-26,0.2039598286403304,2
2011-11-27,0.21906796409516963,2
2011-11-28,0.1510813545483929,2
2011-11-29,0.1586354222758125,2
2011-11-30,0.1586354222758125,2
2011-12-01,0.1510813545483929,2
2011-12-02,0.1737435577306518,2
2011-12-03,0.1737435577306518,2
2011-12-04,0.2039598286403304,2
2011-12-05,0.18129762545807146,2
2011-12-06,0.1208650836387143,2
2011-12-07,0.1435272868209732,2
2011-12-08,0.1510813545483929,2
2011-12-09,0.105756948183875,2
2011-12-10,0.09820288045645537,2
2011-12-11,0.16618949000323216,2
2011-12-12,0.1737435577306518,2
2011-12-13,0.1359732190935536,2
2011-12-14,0.1208650836387143,2
2011-12-15,0.105756948183875,2
2011-12-16,0.1208650836387143,2
2011-12-17,0.12841915136613394,2
2011-12-18,0.1208650836387143,2
2011-12-19,0.105756948183875,2
2011-12-20,0.1359732190935536,2
2011-12-21,0.1510813545483929,2
2011-12-22,0.12841915136613394,2
2011-12-23,0.18885169318549108,2
2011-12-24,0.1208650836387143,2
2011-12-25,0.2039598286403304,2
2011-12-26,0.12841915136613394,2
2011-12-27,0.19640576091291073,2
2011-12-28,0.1435272868209732,2
2011-12-29,0.1435272868209732,2
2011-12-30,0.1435272868209732,2
2011-12-31,0.18885169318549108,2
2012-01-01,0.105756948183875,2
2012-01-02,0.18885169318549108,2
2012-01-03,0.22662203182258928,2
2012-01-04,0.1359732190935536,2
2012-01-05,0.2039598286403304,2
2012-01-06,0.2643923704596875,2
2012-01-07,0.19640576091291073,2
2012-01-08,0.2039598286403304,2
2012-01-09,0.21906796409516963,2
2012-01-10,0.2417301672774286,2
2012-01-11,0.2719464381871072,2
2012-01-12,0.21906796409516963,2
2012-01-13,0.1586354222758125,2
2012-01-14,0.1586354222758125,2
2012-01-15,0.1586354222758125,2
2012-01-16,0.7554067727419643,2
2012-01-17,0.44568999591775893,2
2012-01-18,0.2417301672774286,2
2012-01-19,0.2719464381871072,2
2012-01-20,0.21906796409516963,2
2012-01-21,0.23417609955000895,2
2012-01-22,0.22662203182258928,2
2012-01-23,0.2039598286403304,2
2012-01-24,0.19640576091291073,2
2012-01-25,0.19640576091291073,2
2012-01-26,0.18885169318549108,2
2012-01-27,0.21906796409516963,2
2012-01-28,0.24928423500484828,2
2012-01-29,0.1737435577306518,2
2012-01-30,0.19640576091291073,2
2012-01-31,0.1737435577306518,2
2012-02-01,0.2039598286403304,2
2012-02-02,0.16618949000323216,2
2012-02-03,0.24928423500484828,2
2012-02-04,0.19640576091291073,2
2012-02-05,0.16618949000323216,2
2012-02-06,0.18885169318549108,2
2012-02-07,0.16618949000323216,2
2012-02-08,0.1586354222758125,2
2012-02-09,0.18129762545807146,2
2012-02-10,0.19640576091291073,2
2012-02-11,0.18129762545807146,2
2012-02-12,0.1737435577306518,2
2012-02-13,0.1435272868209732,2
2012-02-14,0.2039598286403304,2
2012-02-15,0.2719464381871072,2
2012-02-16,0.2417301672774286,2
2012-02-17,0.21151389636775,2
2012-02-18,0.18885169318549108,2
2012-02-19,0.16618949000323216,2
2012-02-20,0.2039598286403304,2
2012-02-21,0.1359732190935536,2
2012-02-22,0.19640576091291073,2
2012-02-23,0.16618949000323216,2
2012-02-24,0.18129762545807146,2
2012-02-25,0.16618949000323216,2
2012-02-26,0.1359732190935536,2
2012-02-27,0.1359732190935536,2
2012-02-28,0.1510813545483929,2
2012-02-29,0.18885169318549108,2
2012-03-01,0.12841915136613394,2
2012-03-02,0.21906796409516963,2
2012-03-03,0.19640576091291073,2
2012-03-04,0.19640576091291073,2
2012-03-05,0.1586354222758125,2
2012-03-06,0.1737435577306518,2
2012-03-07,0.1586354222758125,2
2012-03-08,0.16618949000323216,2
2012-03-09,0.11331101591129464,2
2012-03-10,0.1586354222758125,2
2012-03-11,0.11331101591129464,2
2012-03-12,0.1208650836387143,2
2012-03-13,0.1435272868209732,2
2012-03-14,0.18129762545807146,2
2012-03-15,0.1586354222758125,2
2012-03-16,0.1586354222758125,2
2012-03-17,0.12841915136613394,2
2012-03-18,0.16618949000323216,2
2012-03-19,0.1586354222758125,2
2012-03-20,0.16618949000323216,2
2012-03-21,0.1359732190935536,2
2012-03-22,0.18129762545807146,2
2012-03-23,0.12841915136613394,2
2012-03-24,0.18129762545807146,2
2012-03-25,0.1510813545483929,2
2012-03-26,0.1435272868209732,2
2012-03-27,0.1737435577306518,2
2012-03-28,0.16618949000323216,2
2012-03-29,0.1586354222758125,2
2012-03-30,0.1359732190935536,2
2012-03-31,0.18129762545807146,2
2012-04-01,0.16618949000323216,2
2012-04-02,0.23417609955000895,2
2012-04-03,0.24928423500484828,2
2012-04-04,0.19640576091291073,2
2012-04-05,0.18129762545807146,2
2012-04-06,0.19640576091291073,2
2012-04-07,0.1737435577306518,2
2012-04-08,0.16618949000323216,2
2012-04-09,0.09820288045645537,2
2012-04-10,0.1359732190935536,2
2012-04-11,0.18129762545807146,2
2012-04-12,0.21906796409516963,2
2012-04-13,0.16618949000323216,2
2012-04-14,0.18129762545807146,2
2012-04-15,0.1359732190935536,2
2012-04-16,0.12841915136613394,2
2012-04-17,0.1208650836387143,2
2012-04-18,0.2568383027322679,2
2012-04-19,0.16618949000323216,2
2012-04-20,0.1586354222758125,2
2012-04-21,0.16618949000323216,2
2012-04-22,0.16618949000323216,2
2012-04-23,0.18129762545807146,2
2012-04-24,0.1737435577306518,2
2012-04-25,0.1586354222758125,2
2012-04-26,0.23417609955000895,2
2012-04-27,0.2795005059145268,2
2012-04-28,0.18885169318549108,2
2012-04-29,0.1586354222758125,2
2012-04-30,0.1510813545483929,2
2012-05-01,0.2039598286403304,2
2012-05-02,0.1359732190935536,2
2012-05-03,0.1435272868209732,2
2012-05-04,0.16618949000323216,2
2012-05-05,0.16618949000323216,2
2012-05-06,0.2719464381871072,2
2012-05-07,0.22662203182258928,2
2012-05-08,0.1435272868209732,2
2012-05-09,0.18129762545807146,2
2012-05-10,0.23417609955000895,2
2012-05-11,0.18129762545807146,2
2012-05-12,0.18129762545807146,2
2012-05-13,0.18129762545807146,2
2012-05-14,0.23417609955000895,2
2012-05-15,0.19640576091291073,2
2012-05-16,0.1359732190935536,2
2012-05-17,0.16618949000323216,2
2012-05-18,0.1435272868209732,2
2012-05-19,0.1737435577306518,2
2012-05-20,0.16618949000323216,2
2012-05-21,0.16618949000323216,2
2012-05-22,0.18885169318549108,2
2012-05-23,0.18885169318549108,2
2012-05-24,0.1737435577306518,2
2012-05-25,0.1359732190935536,2
2012-05-26,0.1208650836387143,2
2012-05-27,0.1737435577306518,2
2012-05-28,0.1359732190935536,2
2012-05-29,0.1435272868209732,2
2012-05-30,0.1435272868209732,2
2012-05-31,0.12841915136613394,2
2012-06-01,0.1359732190935536,2
2012-06-02,0.1208650836387143,2
2012-06-03,0.1208650836387143,2
2012-06-04,0.09064881272903573,2
2012-06-05,0.16618949000323216,2
2012-06-06,0.1359732190935536,2
2012-06-07,0.1435272868209732,2
2012-06-08,0.18885169318549108,2
2012-06-09,0.24928423500484828,2
2012-06-10,0.2039598286403304,2
2012-06-11,0.1737435577306518,2
2012-06-12,0.1510813545483929,2
2012-06-13,0.23417609955000895,2
2012-06-14,0.19640576091291073,2
2012-06-15,0.18885169318549108,2
2012-06-16,0.21906796409516963,2
2012-06-17,0.21906796409516963,2
2012-06-18,0.19640576091291073,2
2012-06-19,0.21906796409516963,2
2012-06-20,0.21151389636775,2
2012-06-21,0.16618949000323216,2
2012-06-22,0.16618949000323216,2
2012-06-23,0.18129762545807146,2
2012-06-24,0.19640576091291073,2
2012-06-25,0.18885169318549108,2
2012-06-26,0.11331101591129464,2
2012-06-27,0.18129762545807146,2
2012-06-28,0.1586354222758125,2
2012-06-29,0.1737435577306518,2
2012-06-30,0.18885169318549108,2
2012-07-01,0.16618949000323216,2
2012-07-02,0.1435272868209732,3
2012-07-03,0.18129762545807146,3
2012-07-04,0.21906796409516963,3
2012-07-05,0.1586354222758125,3
2012-07-06,0.12841915136613394,3
2012-07-07,0.16618949000323216,3
2012-07-08,0.18885169318549108,3
2012-07-09,0.2643923704596875,3
2012-07-10,0.18885169318549108,3
2012-07-11,0.23417609955000895,3
2012-07-12,0.18885169318549108,3
2012-07-13,0.2039598286403304,3
2012-07-14,0.1737435577306518,3
2012-07-15,0.21151389636775,3
2012-07-16,0.19640576091291073,3
2012-07-17,0.19640576091291073,3
2012-07-18,0.24928423500484828,3
2012-07-19,0.32482491227904464,3
2012-07-20,0.2719464381871072,3
2012-07-21,0.2946086413693661,3
2012-07-22,0.19640576091291073,3
2012-07-23,0.21151389636775,3
2012-07-24,0.18885169318549108,3
2012-07-25,0.18129762545807146,3
2012-07-26,0.2039598286403304,3
2012-07-27,0.2039598286403304,3
2012-07-28,0.1359732190935536,3
2012-07-29,0.18129762545807146,3
2012-07-30,0.21906796409516963,3
2012-07-31,0.21151389636775,3
2012-08-01,0.1510813545483929,3
2012-08-02,0.23417609955000895,3
2012-08-03,0.23417609955000895,3
2012-08-04,0.22662203182258928,3
2012-08-05,0.2417301672774286,3
2012-08-06,0.21906796409516963,3
2012-08-07,0.2039598286403304,3
2012-08-08,0.2417301672774286,3
2012-08-09,0.21151389636775,3
2012-08-10,0.22662203182258928,3
2012-08-11,0.19640576091291073,3
2012-08-12,0.32482491227904464,3
2012-08-13,0.23417609955000895,3
2012-08-14,0.2946086413693661,3
2012-08-15,0.32482491227904464,3
2012-08-16,0.35504118318872324,3
2012-08-17,0.3474871154613036,3
2012-08-18,0.3625952509161429,3
2012-08-19,0.3323789800064643,3
2012-08-20,0.2870545736419464,3
2012-08-21,0.46079813137259823,3
2012-08-22,0.4079196572806608,3
2012-08-23,0.3625952509161429,3
2012-08-24,0.2417301672774286,3
2012-08-25,0.2870545736419464,3
2012-08-26,0.2568383027322679,3
2012-08-27,0.19640576091291073,3
2012-08-28,0.22662203182258928,3
2012-08-29,0.3021627090967858,3
2012-08-30,0.2417301672774286,3
2012-08-31,0.2039598286403304,3
2012-09-01,0.22662203182258928,3
2012-09-02,0.18885169318549108,3
2012-09-03,0.16618949000323216,3
2012-09-04,0.19640576091291073,3
2012-09-05,0.7554067727419643,3
2012-09-06,0.657203892285509,3
2012-09-07,0.43813592819033925,3
2012-09-08,0.2946086413693661,3
2012-09-09,0.317270844551625,3
2012-09-10,0.2417301672774286,3
2012-09-11,0.2795005059145268,3
2012-09-12,0.22662203182258928,3
2012-09-13,0.21906796409516963,3
2012-09-14,0.21151389636775,3
2012-09-15,0.24928423500484828,3
2012-09-16,0.23417609955000895,3
2012-09-17,0.2946086413693661,3
2012-09-18,0.2417301672774286,3
2012-09-19,0.3097167768242054,3
2012-09-20,0.2417301672774286,3
2012-09-21,0.22662203182258928,3
2012-09-22,0.21906796409516963,3
2012-09-23,0.2417301672774286,3
2012-09-24,0.2568383027322679,3
2012-09-25,0.2719464381871072,3
2012-09-26,0.2719464381871072,3
2012-09-27,0.2870545736419464,3
2012-09-28,0.24928423500484828,3
2012-09-29,0.32482491227904464,3
2012-09-30,0.23417609955000895,3
2012-10-01,0.3097167768242054,3
2012-10-02,0.2946086413693661,3
2012-10-03,0.2870545736419464,3
2012-10-04,0.21151389636775,3
2012-10-05,0.21906796409516963,3
2012-10-06,0.23417609955000895,3
2012-10-07,0.2643923704596875,3
2012-10-08,0.2719464381871072,3
2012-10-09,0.23417609955000895,3
2012-10-10,0.18885169318549108,3
2012-10-11,0.2568383027322679,3
2012-10-12,0.22662203182258928,3
2012-10-13,0.21151389636775,3
2012-10-14,0.24928423500484828,3
2012-10-15,0.1586354222758125,3
2012-10-16,0.2039598286403304,3
2012-10-17,0.22662203182258928,3
2012-10-18,0.2417301672774286,3
2012-10-19,0.23417609955000895,3
2012-10-20,0.21151389636775,3
2012-10-21,0.16618949000323216,3
2012-10-22,0.18885169318549108,3
2012-10-23,0.19640576091291073,3
2012-10-24,0.18885169318549108,3
2012-10-25,0.21906796409516963,3
2012-10-26,0.1737435577306518,3
2012-10-27,0.16618949000323216,3
2012-10-28,0.2039598286403304,3
2012-10-29,0.1737435577306518,3
2012-10-30,0.21906796409516963,3
2012-10-31,0.1510813545483929,3
2012-11-01,0.18885169318549108,3
2012-11-02,0.16618949000323216,3
2012-11-03,0.21906796409516963,3
2012-11-04,0.24928423500484828,3
2012-11-05,0.24928423500484828,3
2012-11-06,0.18129762545807146,3
2012-11-07,0.19640576091291073,3
2012-11-08,0.23417609955000895,3
2012-11-09,0.19640576091291073,3
2012-11-10,0.23417609955000895,3
2012-11-11,0.16618949000323216,3
2012-11-12,0.22662203182258928,3
2012-11-13,0.21151389636775,3
2012-11-14,0.21151389636775,3
2012-11-15,0.1737435577306518,3
2012-11-16,0.3474871154613036,3
2012-11-17,0.3323789800064643,3
2012-11-18,0.24928423500484828,3
2012-11-19,0.2643923704596875,3
2012-11-20,0.2946086413693661,3
2012-11-21,0.2417301672774286,3
2012-11-22,0.24928423500484828,3
2012-11-23,0.24928423500484828,3
2012-11-24,0.22662203182258928,3
2012-11-25,0.24928423500484828,3
2012-11-26,0.339933047733884,3
2012-11-27,0.2719464381871072,3
2012-11-28,0.5438928763742144,3
2012-11-29,0.2795005059145268,3
2012-11-30,0.2417301672774286,3
2012-12-01,0.24928423500484828,3
2012-12-02,0.2870545736419464,3
2012-12-03,0.24928423500484828,3
2012-12-04,0.2039598286403304,3
2012-12-05,0.2417301672774286,3
2012-12-06,0.2795005059145268,3
2012-12-07,0.2946086413693661,3
2012-12-08,0.37770338637098216,3
2012-12-09,0.4910144022822769,3
2012-12-10,0.3852574540984018,3
2012-12-11,0.3852574540984018,3
2012-12-12,0.317270844551625,3
2012-12-13,0.2568383027322679,3
2012-12-14,0.3625952509161429,3
2012-12-15,0.2568383027322679,3
2012-12-16,0.2795005059145268,3
2012-12-17,0.2795005059145268,3
2012-12-18,0.2643923704596875,3
2012-12-19,0.2039598286403304,3
2012-12-20,0.22662203182258928,3
2012-12-21,0.19640576091291073,3
2012-12-22,0.21906796409516963,3
2012-12-23,0.19640576091291073,3
2012-12-24,0.2568383027322679,3
2012-12-25,0.2719464381871072,3
2012-12-26,0.19640576091291073,3
2012-12-27,0.24928423500484828,3
2012-12-28,0.24928423500484828,3
2012-12-29,0.2719464381871072,3
2012-12-30,0.2946086413693661,3
2012-12-31,0.23417609955000895,3
2013-01-01,0.18129762545807146,3
2013-01-02,0.2719464381871072,3
2013-01-03,0.3021627090967858,3
2013-01-04,0.2870545736419464,3
2013-01-05,0.2870545736419464,3
2013-01-06,0.3852574540984018,3
2013-01-07,0.3097167768242054,3
2013-01-08,0.3021627090967858,3
2013-01-09,0.3323789800064643,3
2013-01-10,0.3323789800064643,3
2013-01-11,0.2946086413693661,3
2013-01-12,0.2417301672774286,3
2013-01-13,0.35504118318872324,3
2013-01-14,0.3021627090967858,3
2013-01-15,0.22662203182258928,3
2013-01-16,0.2719464381871072,3
2013-01-17,0.3852574540984018,3
2013-01-18,0.3021627090967858,3
2013-01-19,0.2643923704596875,3
2013-01-20,0.2719464381871072,3
2013-01-21,0.2643923704596875,3
2013-01-22,0.2946086413693661,3
2013-01-23,0.3474871154613036,3
2013-01-24,0.39281152182582146,3
2013-01-25,0.35504118318872324,3
2013-01-26,0.24928423500484828,3
2013-01-27,0.24928423500484828,3
2013-01-28,0.3474871154613036,3
2013-01-29,0.3701493186435625,3
2013-01-30,0.37770338637098216,3
2013-01-31,0.49856847000969656,3
2013-02-01,0.41547372500808044,3
2013-02-02,0.4759062668274376,3
2013-02-03,0.4305818604629197,3
2013-02-04,0.40036558955324114,3
2013-02-05,0.3701493186435625,3
2013-02-06,0.4305818604629197,3
2013-02-07,0.3852574540984018,3
2013-02-08,0.339933047733884,3
2013-02-09,0.3625952509161429,3
2013-02-10,0.4079196572806608,3
2013-02-11,0.41547372500808044,3
2013-02-12,0.49856847000969656,3
2013-02-13,0.45324406364517855,3
2013-02-14,0.5363388086467946,3
2013-02-15,0.46079813137259823,3
2013-02-16,0.5061225377371161,3
2013-02-17,0.4910144022822769,3
2013-02-18,0.6118794859209911,3
2013-02-19,0.528784740919375,3
2013-02-20,0.5438928763742144,3
2013-02-21,0.5212306731919554,3
2013-02-22,0.528784740919375,3
2013-02-23,0.5061225377371161,3
2013-02-24,0.5061225377371161,3
2013-02-25,0.43813592819033925,3
2013-02-26,0.4910144022822769,3
2013-02-27,0.49856847000969656,3
2013-02-28,0.657203892285509,3
2013-03-01,0.6118794859209911,3
2013-03-02,0.5244681307894209,4
2013-03-03,0.6118794859209911,4
2013-03-04,0.5244681307894209,4
2013-03-05,0.6992908410525612,4
2013-03-06,0.8741135513157016,4
2013-03-07,0.6992908410525612,4
2013-03-08,0.7867021961841315,4
2013-03-09,0.6992908410525612,4
2013-03-10,0.7867021961841315,4
2013-03-11,0.6992908410525612,4
2013-03-12,0.9615249064472718,4
2013-03-13,0.7867021961841315,4
2013-03-14,0.6118794859209911,4
2013-03-15,0.5244681307894209,4
2013-03-16,0.5244681307894209,4
2013-03-17,0.6118794859209911,4
2013-03-18,0.7867021961841315,4
2013-03-19,0.9615249064472718,4
2013-03-20,1.136347616710412,4
2013-03-21,1.4859930372366927,4
2013-03-22,1.573404392368263,4
2013-03-23,1.573404392368263,4
2013-03-24,1.2237589718419821,4
2013-03-25,1.3985816821051225,4
2013-03-26,1.4859930372366927,4
2013-03-27,1.660815747499833,4
2013-03-28,2.1852838782892543,4
2013-03-29,2.4475179436839642,4
2013-03-30,2.272695233420824,4
2013-03-31,2.0104611680261137,4
2013-04-01,2.4475179436839642,4
2013-04-02,2.797163364210245,4
2013-04-03,4.0209223360522275,4
2013-04-04,3.8460996257890874,4
2013-04-05,3.234220139868096,4
2013-04-06,2.4475179436839642,4
2013-04-07,2.7097520090786746,4
2013-04-08,3.9335109809206568,4
2013-04-09,4.807624532236359,4
2013-04-10,7.517376541315033,4
2013-04-11,8.741135513157017,4
2013-04-12,7.604787896446603,4
2013-04-13,4.8950358873679285,4
2013-04-14,4.108333691183797,4
2013-04-15,3.9335109809206568,4
2013-04-16,3.5838655603943765,4
2013-04-17,2.884574719341815,4
2013-04-18,2.884574719341815,4
2013-04-19,2.3601065885523944,4
2013-04-20,1.9230498128945437,4
2013-04-21,1.7482271026314031,4
2013-04-22,1.8356384577629736,4
2013-04-23,2.1852838782892543,4
2013-04-24,1.9230498128945437,4
2013-04-25,1.7482271026314031,4
2013-04-26,1.660815747499833,4
2013-04-27,1.4859930372366927,4
2013-04-28,1.660815747499833,4
2013-04-29,1.4859930372366927,4
2013-04-30,1.3985816821051225,4
2013-05-01,1.7482271026314031,4
2013-05-02,1.8356384577629736,4
2013-05-03,1.8356384577629736,4
2013-05-04,1.573404392368263,4
2013-05-05,1.3985816821051225,4
2013-05-06,1.4859930372366927,4
2013-05-07,1.3111703269735524,4
2013-05-08,1.2237589718419821,4
2013-05-09,1.3111703269735524,4
2013-05-10,1.2237589718419821,4
2013-05-11,1.2237589718419821,4
2013-05-12,1.136347616710412,4
2013-05-13,1.2237589718419821,4
2013-05-14,1.3111703269735524,4
2013-05-15,1.4859930372366927,4
2013-05-16,1.2237589718419821,4
2013-05-17,1.3111703269735524,4
2013-05-18,1.2237589718419821,4
2013-05-19,1.573404392368263,4
2013-05-20,1.3985816821051225,4
2013-05-21,1.136347616710412,4
2013-05-22,1.0489362615788418,4
2013-05-23,0.9615249064472718,4
2013-05-24,1.0489362615788418,4
2013-05-25,0.9615249064472718,4
2013-05-26,0.9615249064472718,4
2013-05-27,0.9615249064472718,4
2013-05-28,1.2237589718419821,4
2013-05-29,1.3111703269735524,4
2013-05-30,1.136347616710412,4
2013-05-31,1.136347616710412,4
2013-06-01,0.9615249064472718,4
2013-06-02,1.0489362615788418,4
2013-06-03,1.0489362615788418,4
2013-06-04,0.7867021961841315,4
2013-06-05,0.8741135513157016,4
2013-06-06,0.7867021961841315,4
2013-06-07,0.9615249064472718,4
2013-06-08,0.8741135513157016,4
2013-06-09,1.0489362615788418,4
2013-06-10,0.9615249064472718,4
2013-06-11,1.0489362615788418,4
2013-06-12,0.9615249064472718,4
2013-06-13,0.7867021961841315,4
2013-06-14,0.8741135513157016,4
2013-06-15,0.7867021961841315,4
2013-06-16,0.7867021961841315,4
2013-06-17,0.7867021961841315,4
2013-06-18,0.8741135513157016,4
2013-06-19,0.7867021961841315,4
2013-06-20,0.7867021961841315,4
2013-06-21,0.7867021961841315,4
2013-06-22,0.6992908410525612,4
2013-06-23,0.7867021961841315,4
2013-06-24,0.8741135513157016,4
2013-06-25,0.9615249064472718,4
2013-06-26,0.8741135513157016,4
2013-06-27,0.7867021961841315,4
2013-06-28,0.7867021961841315,4
2013-06-29,0.7867021961841315,4
2013-06-30,1.0489362615788418,4
2013-07-01,0.9615249064472718,4
2013-07-02,1.573404392368263,4
2013-07-03,1.0489362615788418,4
2013-07-04,0.9615249064472718,4
2013-07-05,0.8741135513157016,4
2013-07-06,0.9615249064472718,4
2013-07-07,0.7867021961841315,4
2013-07-08,0.7867021961841315,4
2013-07-09,0.7867021961841315,4
2013-07-10,0.7867021961841315,4
2013-07-11,0.7867021961841315,4
2013-07-12,0.8741135513157016,4
2013-07-13,0.7867021961841315,4
2013-07-14,0.7867021961841315,4
2013-07-15,0.6992908410525612,4
2013-07-16,0.7867021961841315,4
2013-07-17,0.6118794859209911,4
2013-07-18,0.6992908410525612,4
2013-07-19,0.6992908410525612,4
2013-07-20,0.6118794859209911,4
2013-07-21,0.6118794859209911,4
2013-07-22,0.7867021961841315,4
2013-07-23,0.7867021961841315,4
2013-07-24,0.7867021961841315,4
2013-07-25,0.7867021961841315,4
2013-07-26,0.6992908410525612,4
2013-07-27,0.6118794859209911,4
2013-07-28,0.6992908410525612,4
2013-07-29,0.7867021961841315,4
2013-07-30,0.7867021961841315,4
2013-07-31,0.7867021961841315,4
2013-08-01,0.7867021961841315,4
2013-08-02,0.6992908410525612,4
2013-08-03,0.6992908410525612,4
2013-08-04,0.7867021961841315,4
2013-08-05,0.8741135513157016,4
2013-08-06,0.7867021961841315,4
2013-08-07,0.6992908410525612,4
2013-08-08,0.8741135513157016,4
2013-08-09,0.6992908410525612,4
2013-08-10,0.6118794859209911,4
2013-08-11,0.7867021961841315,4
2013-08-12,0.9615249064472718,4
2013-08-13,0.8741135513157016,4
2013-08-14,1.136347616710412,4
2013-08-15,1.0489362615788418,4
2013-08-16,0.9615249064472718,4
2013-08-17,0.8741135513157016,4
2013-08-18,0.8741135513157016,4
2013-08-19,0.9615249064472718,4
2013-08-20,1.0489362615788418,4
2013-08-21,0.9615249064472718,4
2013-08-22,0.9615249064472718,4
2013-08-23,0.8741135513157016,4
2013-08-24,0.8741135513157016,4
2013-08-25,0.7867021961841315,4
2013-08-26,0.7867021961841315,4
2013-08-27,0.8741135513157016,4
2013-08-28,0.9615249064472718,4
2013-08-29,0.6992908410525612,4
2013-08-30,0.7867021961841315,4
2013-08-31,0.7867021961841315,4
2013-09-01,0.7867021961841315,4
2013-09-02,0.7867021961841315,4
2013-09-03,0.7867021961841315,4
2013-09-04,0.6992908410525612,4
2013-09-05,0.7867021961841315,4
2013-09-06,0.7867021961841315,4
2013-09-07,0.6118794859209911,4
2013-09-08,0.7867021961841315,4
2013-09-09,0.7867021961841315,4
2013-09-10,0.6118794859209911,4
2013-09-11,0.6118794859209911,4
2013-09-12,0.6992908410525612,4
2013-09-13,0.6118794859209911,4
2013-09-14,0.6118794859209911,4
2013-09-15,0.6118794859209911,4
2013-09-16,0.6118794859209911,4
2013-09-17,0.6992908410525612,4
2013-09-18,0.6118794859209911,4
2013-09-19,0.6118794859209911,4
2013-09-20,0.8741135513157016,4
2013-09-21,0.6118794859209911,4
2013-09-22,0.6118794859209911,4
2013-09-23,0.6992908410525612,4
2013-09-24,0.6992908410525612,4
2013-09-25,0.6992908410525612,4
2013-09-26,0.6992908410525612,4
2013-09-27,0.6118794859209911,4
2013-09-28,0.6118794859209911,4
2013-09-29,0.6118794859209911,4
2013-09-30,0.6992908410525612,4
2013-10-01,0.6992908410525612,4
2013-10-02,1.4859930372366927,4
2013-10-03,2.3601065885523944,4
2013-10-04,1.573404392368263,4
2013-10-05,1.136347616710412,4
2013-10-06,1.0489362615788418,4
2013-10-07,1.0489362615788418,4
2013-10-08,0.9615249064472718,4
2013-10-09,0.9615249064472718,4
2013-10-10,0.8741135513157016,4
2013-10-11,0.6992908410525612,4
2013-10-12,0.6992908410525612,4
2013-10-13,0.7867021961841315,4
2013-10-14,0.8741135513157016,4
2013-10-15,0.8741135513157016,4
2013-10-16,0.9615249064472718,4
2013-10-17,0.8741135513157016,4
2013-10-18,0.8741135513157016,4
2013-10-19,0.9615249064472718,4
2013-10-20,0.8741135513157016,4
2013-10-21,0.8741135513157016,4
2013-10-22,1.136347616710412,4
2013-10-23,1.2237589718419821,4
2013-10-24,1.0489362615788418,4
2013-10-25,1.136347616710412,4
2013-10-26,1.3985816821051225,4
2013-10-27,1.136347616710412,4
2013-10-28,1.3111703269735524,4
2013-10-29,2.884574719341815,4
2013-10-30,4.807624532236359,4
2013-10-31,3.4964542052628063,4
2013-11-01,2.272695233420824,4
2013-11-02,1.7315773207015803,5
2013-11-03,1.5151301556138828,5
2013-11-04,1.948024485789278,5
2013-11-05,1.948024485789278,5
2013-11-06,2.380918815964673,5
2013-11-07,2.7055895635962193,5
2013-11-08,2.813813146140068,5
2013-11-09,2.813813146140068,5
2013-11-10,2.272695233420824,5
2013-11-11,2.1644716508769752,5
2013-11-12,2.272695233420824,5
2013-11-13,2.7055895635962193,5
2013-11-14,2.813813146140068,5
2013-11-15,2.813813146140068,5
2013-11-16,2.489142398508522,5
2013-11-17,2.813813146140068,5
2013-11-18,6.385191370087079,5
2013-11-19,9.090780933683297,5
2013-11-20,6.060520622455531,5
2013-11-21,4.8700612144731945,5
2013-11-22,4.978284797017044,5
2013-11-23,4.545390466841648,5
2013-11-24,4.112496136666254,5
2013-11-25,4.220719719210102,5
2013-11-26,4.545390466841648,5
2013-11-27,7.467427195525565,5
2013-11-28,10.822358254384877,5
2013-11-29,9.740122428946389,5
2013-11-30,7.034532865350171,5
2013-12-01,6.276967787543229,5
2013-12-02,6.385191370087079,5
2013-12-03,5.844073457367833,5
2013-12-04,5.4111791271924385,5
2013-12-05,7.900321525700961,5
2013-12-06,7.142756447894019,5
2013-12-07,7.683874360613263,5
2013-12-08,5.735849874823986,5
2013-12-09,5.30295554464859,5
2013-12-10,4.8700612144731945,5
2013-12-11,4.978284797017044,5
2013-12-12,4.653614049385498,5
2013-12-13,4.653614049385498,5
2013-12-14,3.896048971578556,5
2013-12-15,4.112496136666254,5
2013-12-16,4.653614049385498,5
2013-12-17,4.653614049385498,5
2013-12-18,8.224992273332507,5
2013-12-19,5.844073457367833,5
2013-12-20,4.004272554122404,5
2013-12-21,3.896048971578556,5
2013-12-22,3.6796018064908584,5
2013-12-23,3.6796018064908584,5
2013-12-24,3.1384838937716144,5
2013-12-25,3.0302603112277655,5
2013-12-26,3.0302603112277655,5
2013-12-27,3.2467074763154633,5
2013-12-28,3.0302603112277655,5
2013-12-29,2.7055895635962193,5
2013-12-30,2.813813146140068,5
2013-12-31,2.9220367286839166,5
2014-01-01,2.597365981052371,5
2014-01-02,2.7055895635962193,5
2014-01-03,2.9220367286839166,5
2014-01-04,2.489142398508522,5
2014-01-05,3.1384838937716144,5
2014-01-06,3.6796018064908584,5
2014-01-07,3.3549310588593118,5
2014-01-08,3.5713782239470095,5
2014-01-09,3.3549310588593118,5
2014-01-10,3.4631546414031606,5
2014-01-11,2.813813146140068,5
2014-01-12,2.7055895635962193,5
2014-01-13,2.7055895635962193,5
2014-01-14,3.0302603112277655,5
2014-01-15,2.9220367286839166,5
2014-01-16,3.5713782239470095,5
2014-01-17,3.5713782239470095,5
2014-01-18,2.813813146140068,5
2014-01-19,2.813813146140068,5
2014-01-20,3.2467074763154633,5
2014-01-21,3.3549310588593118,5
2014-01-22,3.6796018064908584,5
2014-01-23,3.2467074763154633,5
2014-01-24,3.1384838937716144,5
2014-01-25,2.7055895635962193,5
2014-01-26,2.597365981052371,5
2014-01-27,3.896048971578556,5
2014-01-28,4.3289433017539505,5
2014-01-29,3.1384838937716144,5
2014-01-30,2.813813146140068,5
2014-01-31,2.489142398508522,5
2014-02-01,2.380918815964673,5
2014-02-02,2.489142398508522,5
2014-02-03,2.272695233420824,5
2014-02-04,2.380918815964673,5
2014-02-05,2.489142398508522,5
2014-02-06,2.597365981052371,5
2014-02-07,3.5713782239470095,5
2014-02-08,2.7055895635962193,5
2014-02-09,2.7055895635962193,5
2014-02-10,4.112496136666254,5
2014-02-11,3.896048971578556,5
2014-02-12,3.3549310588593118,5
2014-02-13,2.9220367286839166,5
2014-02-14,4.004272554122404,5
2014-02-15,2.7055895635962193,5
2014-02-16,2.9220367286839166,5
2014-02-17,2.597365981052371,5
2014-02-18,3.0302603112277655,5
2014-02-19,2.813813146140068,5
2014-02-20,3.3549310588593118,5
2014-02-21,2.813813146140068,5
2014-02-22,2.597365981052371,5
2014-02-23,2.380918815964673,5
2014-02-24,3.787825389034707,5
2014-02-25,8.549663020964053,5
2014-02-26,6.493414952630927,5
2014-02-27,4.004272554122404,5
2014-02-28,5.844073457367833,5
2014-03-01,4.4371668842978,5
2014-03-02,3.2467074763154633,5
2014-03-03,3.2467074763154633,5
2014-03-04,3.2467074763154633,5
2014-03-05,3.5713782239470095,5
2014-03-06,5.735849874823986,5
2014-03-07,6.7098621177186235,5
2014-03-08,3.3549310588593118,5
2014-03-09,2.7055895635962193,5
2014-03-10,2.597365981052371,5
2014-03-11,2.597365981052371,5
2014-03-12,2.272695233420824,5
2014-03-13,2.1644716508769752,5
2014-03-14,2.056248068333127,5
2014-03-15,1.7315773207015803,5
2014-03-16,1.6233537381577317,5
2014-03-17,1.7315773207015803,5
2014-03-18,1.8398009032454292,5
2014-03-19,1.8398009032454292,5
2014-03-20,2.056248068333127,5
2014-03-21,2.380918815964673,5
2014-03-22,1.948024485789278,5
2014-03-23,1.6233537381577317,5
2014-03-24,1.8398009032454292,5
2014-03-25,2.272695233420824,5
2014-03-26,2.272695233420824,5
2014-03-27,2.1644716508769752,5
2014-03-28,2.056248068333127,5
2014-03-29,1.7315773207015803,5
2014-03-30,1.8398009032454292,5
2014-03-31,1.948024485789278,5
2014-04-01,1.7315773207015803,5
2014-04-02,1.8398009032454292,5
2014-04-03,1.8398009032454292,5
2014-04-04,1.6233537381577317,5
2014-04-05,1.2986829905261854,5
2014-04-06,1.406906573070034,5
2014-04-07,1.5151301556138828,5
2014-04-08,1.5151301556138828,5
2014-04-09,1.7315773207015803,5
2014-04-10,2.056248068333127,5
2014-04-11,1.8398009032454292,5
2014-04-12,1.406906573070034,5
2014-04-13,1.406906573070034,5
2014-04-14,1.5151301556138828,5
2014-04-15,1.5151301556138828,5
2014-04-16,1.7315773207015803,5
2014-04-17,1.6233537381577317,5
2014-04-18,1.406906573070034,5
2014-04-19,1.406906573070034,5
2014-04-20,1.2986829905261854,5
2014-04-21,1.2986829905261854,5
2014-04-22,1.2986829905261854,5
2014-04-23,1.406906573070034,5
2014-04-24,1.406906573070034,5
2014-04-25,1.406906573070034,5
2014-04-26,1.1904594079823365,5
2014-04-27,1.0822358254384876,5
2014-04-28,1.2986829905261854,5
2014-04-29,1.2986829905261854,5
2014-04-30,1.406906573070034,5
2014-05-01,1.2986829905261854,5
2014-05-02,1.1904594079823365,5
2014-05-03,0.974012242894639,5
2014-05-04,1.0822358254384876,5
2014-05-05,1.5151301556138828,5
2014-05-06,1.1904594079823365,5
2014-05-07,1.1904594079823365,5
2014-05-08,1.1904594079823365,5
2014-05-09,1.2986829905261854,5
2014-05-10,0.974012242894639,5
2014-05-11,1.0822358254384876,5
2014-05-12,1.0822358254384876,5
2014-05-13,1.2986829905261854,5
2014-05-14,1.1904594079823365,5
2014-05-15,1.1904594079823365,5
2014-05-16,1.2986829905261854,5
2014-05-17,0.974012242894639,5
2014-05-18,0.974012242894639,5
2014-05-19,1.0822358254384876,5
2014-05-20,1.2986829905261854,5
2014-05-21,1.2986829905261854,5
2014-05-22,1.406906573070034,5
2014-05-23,1.1904594079823365,5
2014-05-24,1.0822358254384876,5
2014-05-25,1.2986829905261854,5
2014-05-26,1.406906573070034,5
2014-05-27,1.406906573070034,5
2014-05-28,1.406906573070034,5
2014-05-29,1.406906573070034,5
2014-05-30,1.5151301556138828,5
2014-05-31,1.2986829905261854,5
2014-06-01,1.406906573070034,5
2014-06-02,1.1904594079823365,5
2014-06-03,1.5151301556138828,5
2014-06-04,1.406906573070034,5
2014-06-05,1.1904594079823365,5
2014-06-06,1.1904594079823365,5
2014-06-07,1.0822358254384876,5
2014-06-08,1.0822358254384876,5
2014-06-09,1.0822358254384876,5
2014-06-10,1.1904594079823365,5
2014-06-11,1.2986829905261854,5
2014-06-12,1.5151301556138828,5
2014-06-13,1.5151301556138828,5
2014-06-14,1.2986829905261854,5
2014-06-15,1.2986829905261854,5
2014-06-16,1.406906573070034,5
2014-06-17,1.2986829905261854,5
2014-06-18,1.2986829905261854,5
2014-06-19,1.2986829905261854,5
2014-06-20,1.2986829905261854,5
2014-06-21,0.974012242894639,5
2014-06-22,1.0822358254384876,5
2014-06-23,0.974012242894639,5
2014-06-24,0.974012242894639,5
2014-06-25,1.0822358254384876,5
2014-06-26,0.8657886603507902,5
2014-06-27,1.1904594079823365,5
2014-06-28,0.974012242894639,5
2014-06-29,1.0822358254384876,5
2014-06-30,1.2986829905261854,5
2014-07-01,1.2986829905261854,5
2014-07-02,1.4235563549998569,6
2014-07-03,1.273708317631451,6
2014-07-04,1.1488349531577795,6
2014-07-05,0.9490375699999047,6
2014-07-06,1.1738096260525137,6
2014-07-07,1.2487336447367166,6
2014-07-08,1.1488349531577795,6
2014-07-09,1.048936261578842,6
2014-07-10,1.1738096260525137,6
2014-07-11,1.198784298947248,6
2014-07-12,1.0739109344735764,6
2014-07-13,1.0239615886841076,6
2014-07-14,1.0239615886841076,6
2014-07-15,1.123860280263045,6
2014-07-16,1.3236576634209196,6
2014-07-17,1.2487336447367166,6
2014-07-18,1.2986829905261854,6
2014-07-19,1.273708317631451,6
2014-07-20,1.123860280263045,6
2014-07-21,1.0988856073683109,6
2014-07-22,1.2986829905261854,6
2014-07-23,1.1738096260525137,6
2014-07-24,1.273708317631451,6
2014-07-25,1.1488349531577795,6
2014-07-26,0.9989869157893735,6
2014-07-27,1.048936261578842,6
2014-07-28,1.0988856073683109,6
2014-07-29,1.123860280263045,6
2014-07-30,1.198784298947248,6
2014-07-31,1.198784298947248,6
2014-08-01,0.9989869157893735,6
2014-08-02,0.9490375699999047,6
2014-08-03,1.0988856073683109,6
2014-08-04,1.0239615886841076,6
2014-08-05,1.0988856073683109,6
2014-08-06,1.2237589718419823,6
2014-08-07,1.3486323363156538,6
2014-08-08,1.1738096260525137,6
2014-08-09,1.0739109344735764,6
2014-08-10,1.0739109344735764,6
2014-08-11,1.198784298947248,6
2014-08-12,1.1488349531577795,6
2014-08-13,1.6982777568419347,6
2014-08-14,1.49848037368406,6
2014-08-15,1.3736070092103883,6
2014-08-16,1.3236576634209196,6
2014-08-17,1.198784298947248,6
2014-08-18,1.4735057007893257,6
2014-08-19,1.2986829905261854,6
2014-08-20,1.273708317631451,6
2014-08-21,1.198784298947248,6
2014-08-22,1.2487336447367166,6
2014-08-23,1.123860280263045,6
2014-08-24,1.1738096260525137,6
2014-08-25,1.0739109344735764,6
2014-08-26,1.1488349531577795,6
2014-08-27,1.0739109344735764,6
2014-08-28,1.048936261578842,6
2014-08-29,1.0739109344735764,6
2014-08-30,1.0239615886841076,6
2014-08-31,1.048936261578842,6
2014-09-01,1.2986829905261854,6
2014-09-02,1.1488349531577795,6
2014-09-03,1.2237589718419823,6
2014-09-04,1.198784298947248,6
2014-09-05,1.198784298947248,6
2014-09-06,1.0988856073683109,6
2014-09-07,1.0739109344735764,6
2014-09-08,1.1738096260525137,6
2014-09-09,1.3486323363156538,6
2014-09-10,1.5484297194735286,6
2014-09-11,1.6982777568419347,6
2014-09-12,1.2986829905261854,6
2014-09-13,1.048936261578842,6
2014-09-14,1.198784298947248,6
2014-09-15,1.1738096260525137,6
2014-09-16,1.0739109344735764,6
2014-09-17,1.1488349531577795,6
2014-09-18,1.1738096260525137,6
2014-09-19,1.3985816821051225,6
2014-09-20,1.0739109344735764,6
2014-09-21,1.0739109344735764,6
2014-09-22,1.123860280263045,6
2014-09-23,1.3236576634209196,6
2014-09-24,1.5484297194735286,6
2014-09-25,1.198784298947248,6
2014-09-26,1.123860280263045,6
2014-09-27,1.0239615886841076,6
2014-09-28,1.0988856073683109,6
2014-09-29,1.273708317631451,6
2014-09-30,1.198784298947248,6
2014-10-01,1.0739109344735764,6
2014-10-02,1.1488349531577795,6
2014-10-03,1.1738096260525137,6
2014-10-04,1.198784298947248,6
2014-10-05,1.573404392368263,6
2014-10-06,1.7482271026314031,6
2014-10-07,1.4735057007893257,6
2014-10-08,1.2986829905261854,6
2014-10-09,1.273708317631451,6
2014-10-10,1.1738096260525137,6
2014-10-11,1.123860280263045,6
2014-10-12,1.0988856073683109,6
2014-10-13,1.0988856073683109,6
2014-10-14,1.3236576634209196,6
2014-10-15,1.3236576634209196,6
2014-10-16,1.1738096260525137,6
2014-10-17,1.1488349531577795,6
2014-10-18,1.0739109344735764,6
2014-10-19,0.9989869157893735,6
2014-10-20,0.9989869157893735,6
2014-10-21,1.0239615886841076,6
2014-10-22,1.0239615886841076,6
2014-10-23,1.0739109344735764,6
2014-10-24,0.9490375699999047,6
2014-10-25,0.9740122428946391,6
2014-10-26,0.9490375699999047,6
2014-10-27,1.0239615886841076,6
2014-10-28,1.0988856073683109,6
2014-10-29,1.0988856073683109,6
2014-10-30,1.0239615886841076,6
2014-10-31,0.899088224210436,6
2014-11-01,0.9740122428946391,6
2014-11-02,0.9490375699999047,6
2014-11-03,1.0739109344735764,6
2014-11-04,1.123860280263045,6
2014-11-05,0.9989869157893735,6
2014-11-06,1.2487336447367166,6
2014-11-07,1.198784298947248,6
2014-11-08,1.0988856073683109,6
2014-11-09,1.3236576634209196,6
2014-11-10,1.123860280263045,6
2014-11-11,1.1738096260525137,6
2014-11-12,1.3236576634209196,6
2014-11-13,1.4485310278945913,6
2014-11-14,1.2487336447367166,6
2014-11-15,1.0988856073683109,6
2014-11-16,1.198784298947248,6
2014-11-17,1.123860280263045,6
2014-11-18,1.1738096260525137,6
2014-11-19,1.1738096260525137,6
2014-11-20,1.0739109344735764,6
2014-11-21,1.123860280263045,6
2014-11-22,0.9989869157893735,6
2014-11-23,0.899088224210436,6
2014-11-24,1.0739109344735764,6
2014-11-25,1.0739109344735764,6
2014-11-26,1.0239615886841076,6
2014-11-27,0.9490375699999047,6
2014-11-28,1.048936261578842,6
2014-11-29,1.0239615886841076,6
2014-11-30,0.9989869157893735,6
2014-12-01,1.0988856073683109,6
2014-12-02,1.2237589718419823,6
2014-12-03,1.1738096260525137,6
2014-12-04,1.0988856073683109,6
2014-12-05,1.0239615886841076,6
2014-12-06,0.8741135513157016,6
2014-12-07,1.1488349531577795,6
2014-12-08,1.0988856073683109,6
2014-12-09,1.0988856073683109,6
2014-12-10,1.048936261578842,6
2014-12-11,1.5234550465787942,6
2014-12-12,1.3486323363156538,6
2014-12-13,1.123860280263045,6
2014-12-14,1.0988856073683109,6
2014-12-15,1.0988856073683109,6
2014-12-16,1.2986829905261854,6
2014-12-17,1.2487336447367166,6
2014-12-18,1.2237589718419823,6
2014-12-19,1.0988856073683109,6
2014-12-20,0.9989869157893735,6
2014-12-21,1.0988856073683109,6
2014-12-22,1.1488349531577795,6
2014-12-23,1.198784298947248,6
2014-12-24,0.9490375699999047,6
2014-12-25,1.0239615886841076,6
2014-12-26,1.2986829905261854,6
2014-12-27,2.497467289473433,6
2014-12-28,1.0739109344735764,6
2014-12-29,1.0239615886841076,6
2014-12-30,1.0239615886841076,6
2014-12-31,1.0739109344735764,6
2015-01-01,0.9740122428946391,6
2015-01-02,1.0739109344735764,6
2015-01-03,1.1738096260525137,6
2015-01-04,1.3985816821051225,6
2015-01-05,1.4485310278945913,6
2015-01-06,1.49848037368406,6
2015-01-07,1.2237589718419823,6
2015-01-08,1.1488349531577795,6
2015-01-09,1.1738096260525137,6
2015-01-10,1.198784298947248,6
2015-01-11,1.0239615886841076,6
2015-01-12,1.048936261578842,6
2015-01-13,1.3736070092103883,6
2015-01-14,2.122847196052419,6
2015-01-15,1.7732017755261378,6
2015-01-16,1.573404392368263,6
2015-01-17,1.2237589718419823,6
2015-01-18,1.123860280263045,6
2015-01-19,1.0739109344735764,6
2015-01-20,1.198784298947248,6
2015-01-21,1.273708317631451,6
2015-01-22,1.123860280263045,6
2015-01-23,1.1738096260525137,6
2015-01-24,1.0988856073683109,6
2015-01-25,1.123860280263045,6
2015-01-26,1.5983790652629972,6
2015-01-27,1.3736070092103883,6
2015-01-28,1.273708317631451,6
2015-01-29,1.2237589718419823,6
2015-01-30,1.1488349531577795,6
2015-01-31,0.9240628971051703,6
2015-02-01,1.0239615886841076,6
2015-02-02,1.048936261578842,6
2015-02-03,1.048936261578842,6
2015-02-04,1.0739109344735764,6
2015-02-05,1.1488349531577795,6
2015-02-06,1.1488349531577795,6
2015-02-07,1.2237589718419823,6
2015-02-08,1.198784298947248,6
2015-02-09,1.198784298947248,6
2015-02-10,1.1738096260525137,6
2015-02-11,1.198784298947248,6
2015-02-12,1.0988856073683109,6
2015-02-13,1.0739109344735764,6
2015-02-14,0.9740122428946391,6
2015-02-15,1.1488349531577795,6
2015-02-16,1.0988856073683109,6
2015-02-17,1.048936261578842,6
2015-02-18,1.1488349531577795,6
2015-02-19,1.2487336447367166,6
2015-02-20,1.573404392368263,6
2015-02-21,1.1488349531577795,6
2015-02-22,1.123860280263045,6
2015-02-23,1.0239615886841076,6
2015-02-24,1.048936261578842,6
2015-02-25,0.9240628971051703,6
2015-02-26,0.9490375699999047,6
2015-02-27,0.9740122428946391,6
2015-02-28,0.9490375699999047,6
2015-03-01,1.048936261578842,6
2015-03-02,1.1929079053249576,7
2015-03-03,1.2751774160370237,7
2015-03-04,1.2340426606809907,7
2015-03-05,1.2546100383590073,7
2015-03-06,1.398581682105123,7
2015-03-07,1.5219859481732219,7
2015-03-08,1.2340426606809907,7
2015-03-09,1.2957447937150404,7
2015-03-10,1.3163121713930566,7
2015-03-11,1.3163121713930566,7
2015-03-12,1.2546100383590073,7
2015-03-13,1.1723405276469412,7
2015-03-14,1.1517731499689245,7
2015-03-15,1.0695036392568584,7
2015-03-16,1.2546100383590073,7
2015-03-17,1.1106383946128915,7
2015-03-18,1.1723405276469412,7
2015-03-19,1.2751774160370237,7
2015-03-20,1.1106383946128915,7
2015-03-21,1.1106383946128915,7
2015-03-22,1.0078015062228092,7
2015-03-23,1.1723405276469412,7
2015-03-24,1.1106383946128915,7
2015-03-25,1.2134752830029742,7
2015-03-26,1.1517731499689245,7
2015-03-27,1.0283688839008256,7
2015-03-28,0.9255319955107428,7
2015-03-29,0.9666667508667761,7
2015-03-30,1.1723405276469412,7
2015-03-31,1.1106383946128915,7
2015-04-01,1.1723405276469412,7
2015-04-02,1.1517731499689245,7
2015-04-03,1.0695036392568584,7
2015-04-04,1.1106383946128915,7
2015-04-05,1.0283688839008256,7
2015-04-06,1.0695036392568584,7
2015-04-07,1.0078015062228092,7
2015-04-08,1.1517731499689245,7
2015-04-09,1.1929079053249576,7
2015-04-10,1.1723405276469412,7
2015-04-11,0.9872341285447925,7
2015-04-12,0.9460993731887597,7
2015-04-13,1.0283688839008256,7
2015-04-14,1.1723405276469412,7
2015-04-15,0.9666667508667761,7
2015-04-16,1.0078015062228092,7
2015-04-17,1.048936261578842,7
2015-04-18,0.9049646178327264,7
2015-04-19,0.9872341285447925,7
2015-04-20,0.9666667508667761,7
2015-04-21,1.1312057722909081,7
2015-04-22,1.0078015062228092,7
2015-04-23,1.0283688839008256,7
2015-04-24,0.9255319955107428,7
2015-04-25,0.9460993731887597,7
2015-04-26,1.0283688839008256,7
2015-04-27,0.9666667508667761,7
2015-04-28,0.9666667508667761,7
2015-04-29,0.9460993731887597,7
2015-04-30,1.090071016934875,7
2015-05-01,0.9872341285447925,7
2015-05-02,0.9255319955107428,7
2015-05-03,0.9255319955107428,7
2015-05-04,0.9872341285447925,7
2015-05-05,0.9460993731887597,7
2015-05-06,0.9460993731887597,7
2015-05-07,1.0283688839008256,7
2015-05-08,0.9666667508667761,7
2015-05-09,0.8226951071206604,7
2015-05-10,0.9049646178327264,7
2015-05-11,1.0078015062228092,7
2015-05-12,0.9872341285447925,7
2015-05-13,1.0283688839008256,7
2015-05-14,1.1106383946128915,7
2015-05-15,1.1312057722909081,7
2015-05-16,0.9049646178327264,7
2015-05-17,1.0283688839008256,7
2015-05-18,1.048936261578842,7
2015-05-19,1.1929079053249576,7
2015-05-20,1.1106383946128915,7
2015-05-21,0.9872341285447925,7
2015-05-22,0.9872341285447925,7
2015-05-23,0.9666667508667761,7
2015-05-24,0.9872341285447925,7
2015-05-25,0.9872341285447925,7
2015-05-26,1.1312057722909081,7
2015-05-27,1.048936261578842,7
2015-05-28,0.9049646178327264,7
2015-05-29,1.048936261578842,7
2015-05-30,1.2751774160370237,7
2015-05-31,1.1929079053249576,7
2015-06-01,0.9460993731887597,7
2015-06-02,1.0283688839008256,7
2015-06-03,0.9460993731887597,7
2015-06-04,0.9460993731887597,7
2015-06-05,1.0078015062228092,7
2015-06-06,0.9460993731887597,7
2015-06-07,0.9460993731887597,7
2015-06-08,0.9255319955107428,7
2015-06-09,0.9460993731887597,7
2015-06-10,0.9666667508667761,7
2015-06-11,0.9255319955107428,7
2015-06-12,0.9666667508667761,7
2015-06-13,0.9666667508667761,7
2015-06-14,0.9255319955107428,7
2015-06-15,0.9049646178327264,7
2015-06-16,1.1312057722909081,7
2015-06-17,1.1106383946128915,7
2015-06-18,2.056737767801651,7
2015-06-19,1.1723405276469412,7
2015-06-20,1.1312057722909081,7
2015-06-21,1.0078015062228092,7
2015-06-22,1.048936261578842,7
2015-06-23,1.0695036392568584,7
2015-06-24,0.9255319955107428,7
2015-06-25,1.0283688839008256,7
2015-06-26,0.88439724015471,7
2015-06-27,1.1106383946128915,7
2015-06-28,0.9460993731887597,7
2015-06-29,1.1929079053249576,7
2015-06-30,1.5631207035292547,7
2015-07-01,1.3368795490710732,7
2015-07-02,1.1929079053249576,7
2015-07-03,1.2751774160370237,7
2015-07-04,1.1106383946128915,7
2015-07-05,1.3163121713930566,7
2015-07-06,1.3780143044271063,7
2015-07-07,1.2340426606809907,7
2015-07-08,1.3163121713930566,7
2015-07-09,1.2546100383590073,7
2015-07-10,1.3780143044271063,7
2015-07-11,1.2546100383590073,7
2015-07-12,1.4808511928171888,7
2015-07-13,1.3780143044271063,7
2015-07-14,1.1723405276469412,7
2015-07-15,1.1106383946128915,7
2015-07-16,1.1723405276469412,7
2015-07-17,1.090071016934875,7
2015-07-18,1.1106383946128915,7
2015-07-19,1.090071016934875,7
2015-07-20,1.1929079053249576,7
2015-07-21,1.1312057722909081,7
2015-07-22,1.1517731499689245,7
2015-07-23,1.048936261578842,7
2015-07-24,1.1106383946128915,7
2015-07-25,1.048936261578842,7
2015-07-26,1.1929079053249576,7
2015-07-27,1.1517731499689245,7
2015-07-28,1.1312057722909081,7
2015-07-29,1.1106383946128915,7
2015-07-30,0.9255319955107428,7
2015-07-31,1.048936261578842,7
2015-08-01,1.7276597249533872,7
2015-08-02,1.4191490597831393,7
2015-08-03,1.1517731499689245,7
2015-08-04,1.1929079053249576,7
2015-08-05,1.1517731499689245,7
2015-08-06,1.0695036392568584,7
2015-08-07,1.090071016934875,7
2015-08-08,1.0078015062228092,7
2015-08-09,1.090071016934875,7
2015-08-10,1.1312057722909081,7
2015-08-11,1.0695036392568584,7
2015-08-12,1.048936261578842,7
2015-08-13,1.0283688839008256,7
2015-08-14,1.0283688839008256,7
2015-08-15,1.0078015062228092,7
2015-08-16,1.1312057722909081,7
2015-08-17,1.0283688839008256,7
2015-08-18,1.2957447937150404,7
2015-08-19,1.4808511928171888,7
2015-08-20,1.3368795490710732,7
2015-08-21,1.3368795490710732,7
2015-08-22,1.1517731499689245,7
2015-08-23,1.1929079053249576,7
2015-08-24,1.3780143044271063,7
2015-08-25,1.4602838151391722,7
2015-08-26,1.2340426606809907,7
2015-08-27,1.1106383946128915,7
2015-08-28,1.0283688839008256,7
2015-08-29,1.1517731499689245,7
2015-08-30,1.090071016934875,7
2015-08-31,1.0283688839008256,7
2015-09-01,1.0695036392568584,7
2015-09-02,1.1106383946128915,7
2015-09-03,1.0283688839008256,7
2015-09-04,1.0078015062228092,7
2015-09-05,1.048936261578842,7
2015-09-06,1.0078015062228092,7
2015-09-07,0.9872341285447925,7
2015-09-08,1.090071016934875,7
2015-09-09,0.9872341285447925,7
2015-09-10,0.9872341285447925,7
2015-09-11,0.9666667508667761,7
2015-09-12,0.9255319955107428,7
2015-09-13,0.9460993731887597,7
2015-09-14,0.9872341285447925,7
2015-09-15,1.048936261578842,7
2015-09-16,1.048936261578842,7
2015-09-17,1.1106383946128915,7
2015-09-18,1.1929079053249576,7
2015-09-19,1.048936261578842,7
2015-09-20,1.0078015062228092,7
2015-09-21,1.090071016934875,7
2015-09-22,1.1312057722909081,7
2015-09-23,1.1106383946128915,7
2015-09-24,1.090071016934875,7
2015-09-25,1.048936261578842,7
2015-09-26,1.0283688839008256,7
2015-09-27,1.090071016934875,7
2015-09-28,1.0078015062228092,7
2015-09-29,1.048936261578842,7
2015-09-30,1.0695036392568584,7
2015-10-01,0.9872341285447925,7
2015-10-02,0.9666667508667761,7
2015-10-03,1.0078015062228092,7
2015-10-04,1.0283688839008256,7
2015-10-05,1.0078015062228092,7
2015-10-06,1.1106383946128915,7
2015-10-07,1.0283688839008256,7
2015-10-08,1.0283688839008256,7
2015-10-09,0.9872341285447925,7
2015-10-10,0.9872341285447925,7
2015-10-11,0.8638298624766936,7
2015-10-12,1.0283688839008256,7
2015-10-13,1.0283688839008256,7
2015-10-14,1.0283688839008256,7
2015-10-15,0.9255319955107428,7
2015-10-16,1.0695036392568584,7
2015-10-17,1.1517731499689245,7
2015-10-18,1.0695036392568584,7
2015-10-19,1.048936261578842,7
2015-10-20,1.2957447937150404,7
2015-10-21,1.1723405276469412,7
2015-10-22,1.1517731499689245,7
2015-10-23,1.1312057722909081,7
2015-10-24,1.2134752830029742,7
2015-10-25,1.1517731499689245,7
2015-10-26,1.1723405276469412,7
2015-10-27,1.2340426606809907,7
2015-10-28,1.2751774160370237,7
2015-10-29,1.5014185704952052,7
2015-10-30,1.604255458885288,7
2015-10-31,1.3163121713930566,7
2015-11-01,1.5219859481732219,7
2015-11-02,1.6910954979702464,8
2015-11-03,2.4520884720568574,8
2015-11-04,3.2130814461434682,8
2015-11-05,2.748030184201651,8
2015-11-06,2.0293145975642957,8
2015-11-07,1.7333728854195027,8
2015-11-08,1.4797085607239655,8
2015-11-09,1.6910954979702464,8
2015-11-10,1.5642633356224778,8
2015-11-11,1.6488181105209905,8
2015-11-12,1.5219859481732219,8
2015-11-13,1.3951537858254532,8
2015-11-14,1.2260442360284287,8
2015-11-15,1.1837668485791726,8
2015-11-16,1.3951537858254532,8
2015-11-17,1.2683216234776848,8
2015-11-18,1.4374311732747096,8
2015-11-19,1.5219859481732219,8
2015-11-20,1.4374311732747096,8
2015-11-21,1.310599010926941,8
2015-11-22,1.352876398376197,8
2015-11-23,1.4797085607239655,8
2015-11-24,1.3951537858254532,8
2015-11-25,1.2683216234776848,8
2015-11-26,1.4374311732747096,8
2015-11-27,1.2683216234776848,8
2015-11-28,1.310599010926941,8
2015-11-29,1.2260442360284287,8
2015-11-30,1.4374311732747096,8
2015-12-01,1.3951537858254532,8
2015-12-02,1.352876398376197,8
2015-12-03,1.310599010926941,8
2015-12-04,1.2260442360284287,8
2015-12-05,1.2683216234776848,8
2015-12-06,1.352876398376197,8
2015-12-07,1.4374311732747096,8
2015-12-08,1.7333728854195027,8
2015-12-09,3.7204100955345423,8
2015-12-10,2.4520884720568574,8
2015-12-11,1.9870372101150395,8
2015-12-12,1.7333728854195027,8
2015-12-13,1.5642633356224778,8
2015-12-14,1.5642633356224778,8
2015-12-15,1.7333728854195027,8
2015-12-16,1.6910954979702464,8
2015-12-17,1.4797085607239655,8
2015-12-18,1.5219859481732219,8
2015-12-19,1.3951537858254532,8
2015-12-20,1.310599010926941,8
2015-12-21,1.3951537858254532,8
2015-12-22,1.352876398376197,8
2015-12-23,1.4374311732747096,8
2015-12-24,1.4797085607239655,8
2015-12-25,1.3951537858254532,8
2015-12-26,1.352876398376197,8
2015-12-27,1.3951537858254532,8
2015-12-28,1.5219859481732219,8
2015-12-29,1.352876398376197,8
2015-12-30,1.352876398376197,8
2015-12-31,1.310599010926941,8
2016-01-01,1.310599010926941,8
2016-01-02,1.2683216234776848,8
2016-01-03,1.310599010926941,8
2016-01-04,1.352876398376197,8
2016-01-05,1.3951537858254532,8
2016-01-06,1.352876398376197,8
2016-01-07,1.6065407230717341,8
2016-01-08,1.5642633356224778,8
2016-01-09,1.352876398376197,8
2016-01-10,1.352876398376197,8
2016-01-11,1.352876398376197,8
2016-01-12,1.352876398376197,8
2016-01-13,1.5219859481732219,8
2016-01-14,1.352876398376197,8
2016-01-15,1.9870372101150395,8
2016-01-16,2.0715919850135522,8
2016-01-17,1.7333728854195027,8
2016-01-18,1.6488181105209905,8
2016-01-19,1.5642633356224778,8
2016-01-20,1.6910954979702464,8
2016-01-21,1.5642633356224778,8
2016-01-22,1.5219859481732219,8
2016-01-23,1.352876398376197,8
2016-01-24,1.310599010926941,8
2016-01-25,1.352876398376197,8
2016-01-26,1.3951537858254532,8
2016-01-27,1.352876398376197,8
2016-01-28,1.4374311732747096,8
2016-01-29,1.310599010926941,8
2016-01-30,1.1837668485791726,8
2016-01-31,1.310599010926941,8
2016-02-01,1.310599010926941,8
2016-02-02,1.2683216234776848,8
2016-02-03,1.1837668485791726,8
2016-02-04,1.310599010926941,8
2016-02-05,1.1414894611299164,8
2016-02-06,1.2683216234776848,8
2016-02-07,1.2260442360284287,8
2016-02-08,1.352876398376197,8
2016-02-09,1.2260442360284287,8
2016-02-10,1.2260442360284287,8
2016-02-11,1.352876398376197,8
2016-02-12,1.352876398376197,8
2016-02-13,1.2260442360284287,8
2016-02-14,1.310599010926941,8
2016-02-15,1.4374311732747096,8
2016-02-16,1.4374311732747096,8
2016-02-17,1.5219859481732219,8
2016-02-18,1.6488181105209905,8
2016-02-19,1.4374311732747096,8
2016-02-20,1.5219859481732219,8
2016-02-21,1.4797085607239655,8
2016-02-22,1.4374311732747096,8
2016-02-23,1.4797085607239655,8
2016-02-24,1.352876398376197,8
2016-02-25,1.352876398376197,8
2016-02-26,1.2683216234776848,8
2016-02-27,1.2260442360284287,8
2016-02-28,1.2683216234776848,8
2016-02-29,1.2683216234776848,8
2016-03-01,1.4797085607239655,8
2016-03-02,1.310599010926941,8
2016-03-03,1.2683216234776848,8
2016-03-04,1.352876398376197,8
2016-03-05,1.310599010926941,8
2016-03-06,1.2260442360284287,8
2016-03-07,1.3951537858254532,8
2016-03-08,1.3951537858254532,8
2016-03-09,1.2683216234776848,8
2016-03-10,1.1837668485791726,8
2016-03-11,1.2683216234776848,8
2016-03-12,1.1837668485791726,8
2016-03-13,1.2683216234776848,8
2016-03-14,1.3951537858254532,8
2016-03-15,1.310599010926941,8
2016-03-16,1.310599010926941,8
2016-03-17,1.2260442360284287,8
2016-03-18,1.2260442360284287,8
2016-03-19,1.2260442360284287,8
2016-03-20,1.2260442360284287,8
2016-03-21,1.310599010926941,8
2016-03-22,1.352876398376197,8
2016-03-23,1.1837668485791726,8
2016-03-24,1.2260442360284287,8
2016-03-25,1.2683216234776848,8
2016-03-26,1.2260442360284287,8
2016-03-27,1.0992120736806603,8
2016-03-28,1.2683216234776848,8
2016-03-29,1.2260442360284287,8
2016-03-30,1.310599010926941,8
2016-03-31,1.310599010926941,8
2016-04-01,1.1837668485791726,8
2016-04-02,1.1414894611299164,8
2016-04-03,1.2683216234776848,8
2016-04-04,1.2260442360284287,8
2016-04-05,1.1837668485791726,8
2016-04-06,1.2260442360284287,8
2016-04-07,1.1837668485791726,8
2016-04-08,1.2683216234776848,8
2016-04-09,1.2683216234776848,8
2016-04-10,1.310599010926941,8
2016-04-11,1.3951537858254532,8
2016-04-12,1.3951537858254532,8
2016-04-13,1.1837668485791726,8
2016-04-14,1.2683216234776848,8
2016-04-15,1.1837668485791726,8
2016-04-16,1.1837668485791726,8
2016-04-17,1.0992120736806603,8
2016-04-18,1.2260442360284287,8
2016-04-19,1.1837668485791726,8
2016-04-20,1.310599010926941,8
2016-04-21,1.352876398376197,8
2016-04-22,1.3951537858254532,8
2016-04-23,1.3951537858254532,8
2016-04-24,1.352876398376197,8
2016-04-25,1.4797085607239655,8
2016-04-26,1.5219859481732219,8
2016-04-27,1.4374311732747096,8
2016-04-28,1.6488181105209905,8
2016-04-29,1.4374311732747096,8
2016-04-30,1.352876398376197,8
2016-05-01,1.2683216234776848,8
2016-05-02,4.227738744925616,8
2016-05-03,2.4943658595061136,8
2016-05-04,1.817927660318015,8
2016-05-05,1.9447598226657834,8
2016-05-06,1.7333728854195027,8
2016-05-07,1.5219859481732219,8
2016-05-08,1.4797085607239655,8
2016-05-09,1.4797085607239655,8
2016-05-10,1.6065407230717341,8
2016-05-11,1.3951537858254532,8
2016-05-12,1.3951537858254532,8
2016-05-13,1.3951537858254532,8
2016-05-14,1.310599010926941,8
2016-05-15,1.310599010926941,8
2016-05-16,1.310599010926941,8
2016-05-17,1.310599010926941,8
2016-05-18,1.352876398376197,8
2016-05-19,1.3951537858254532,8
2016-05-20,1.3951537858254532,8
2016-05-21,1.2683216234776848,8
2016-05-22,1.2260442360284287,8
2016-05-23,1.310599010926941,8
2016-05-24,1.352876398376197,8
2016-05-25,1.4374311732747096,8
2016-05-26,1.310599010926941,8
2016-05-27,1.4374311732747096,8
2016-05-28,1.7333728854195027,8
2016-05-29,1.9024824352165273,8
2016-05-30,1.8602050477672711,8
2016-05-31,1.9024824352165273,8
2016-06-01,1.7333728854195027,8
2016-06-02,1.5642633356224778,8
2016-06-03,1.817927660318015,8
2016-06-04,1.7756502728687587,8
2016-06-05,1.6488181105209905,8
2016-06-06,1.7333728854195027,8
2016-06-07,1.7756502728687587,8
2016-06-08,1.6065407230717341,8
2016-06-09,1.5642633356224778,8
2016-06-10,1.4797085607239655,8
2016-06-11,1.6065407230717341,8
2016-06-12,2.282978922259833,8
2016-06-13,2.748030184201651,8
2016-06-14,2.3252563097090886,8
2016-06-15,2.1561467599120645,8
2016-06-16,2.748030184201651,8
2016-06-17,2.663475409303138,8
2016-06-18,2.1984241473613206,8
2016-06-19,2.113869372462808,8
2016-06-20,2.1561467599120645,8
2016-06-21,2.367533697158345,8
2016-06-22,2.0293145975642957,8
2016-06-23,2.2407015348105763,8
2016-06-24,3.2130814461434682,8
2016-06-25,2.282978922259833,8
2016-06-26,1.7333728854195027,8
2016-06-27,1.9447598226657834,8
2016-06-28,1.9870372101150395,8
2016-06-29,1.8602050477672711,8
2016-06-30,1.9870372101150395,8
2016-07-01,1.817927660318015,8
2016-07-02,1.8713961209156038,9
2016-07-03,1.8713961209156038,9
2016-07-04,1.7644591997204264,9
2016-07-05,1.817927660318015,9
2016-07-06,1.8713961209156038,9
2016-07-07,2.0852699633059584,9
2016-07-08,1.978333042110781,9
2016-07-09,2.4060807268914903,9
2016-07-10,2.03180150270837,9
2016-07-11,1.9248645815131926,9
2016-07-12,1.817927660318015,9
2016-07-13,1.7109907391228376,9
2016-07-14,1.5505853573300719,9
2016-07-15,1.5505853573300719,9
2016-07-16,1.497116896732483,9
2016-07-17,1.497116896732483,9
2016-07-18,1.5505853573300719,9
2016-07-19,1.7109907391228376,9
2016-07-20,1.497116896732483,9
2016-07-21,1.4436484361348942,9
2016-07-22,1.4436484361348942,9
2016-07-23,1.497116896732483,9
2016-07-24,1.4436484361348942,9
2016-07-25,1.497116896732483,9
2016-07-26,1.60405381792766,9
2016-07-27,1.6575222785252488,9
2016-07-28,1.3901799755373057,9
2016-07-29,1.4436484361348942,9
2016-07-30,1.497116896732483,9
2016-07-31,1.497116896732483,9
2016-08-01,1.7109907391228376,9
2016-08-02,1.9248645815131926,9
2016-08-03,3.3685130176480866,9
2016-08-04,2.245675345098724,9
2016-08-05,1.8713961209156038,9
2016-08-06,1.497116896732483,9
2016-08-07,1.7109907391228376,9
2016-08-08,1.60405381792766,9
2016-08-09,1.4436484361348942,9
2016-08-10,1.497116896732483,9
2016-08-11,1.497116896732483,9
2016-08-12,1.3901799755373057,9
2016-08-13,1.3901799755373057,9
2016-08-14,1.2832430543421283,9
2016-08-15,1.5505853573300719,9
2016-08-16,1.3901799755373057,9
2016-08-17,1.3901799755373057,9
2016-08-18,1.497116896732483,9
2016-08-19,1.497116896732483,9
2016-08-20,1.3367115149397168,9
2016-08-21,1.1763061331469509,9
2016-08-22,1.497116896732483,9
2016-08-23,1.497116896732483,9
2016-08-24,1.497116896732483,9
2016-08-25,1.497116896732483,9
2016-08-26,1.497116896732483,9
2016-08-27,1.3901799755373057,9
2016-08-28,1.4436484361348942,9
2016-08-29,1.497116896732483,9
2016-08-30,1.3901799755373057,9
2016-08-31,1.4436484361348942,9
2016-09-01,1.5505853573300719,9
2016-09-02,1.4436484361348942,9
2016-09-03,1.497116896732483,9
2016-09-04,1.5505853573300719,9
2016-09-05,1.3901799755373057,9
2016-09-06,1.3367115149397168,9
2016-09-07,1.497116896732483,9
2016-09-08,1.7644591997204264,9
2016-09-09,1.5505853573300719,9
2016-09-10,1.60405381792766,9
2016-09-11,1.4436484361348942,9
2016-09-12,1.5505853573300719,9
2016-09-13,1.497116896732483,9
2016-09-14,1.3901799755373057,9
2016-09-15,1.4436484361348942,9
2016-09-16,1.3901799755373057,9
2016-09-17,1.4436484361348942,9
2016-09-18,1.5505853573300719,9
2016-09-19,1.4436484361348942,9
2016-09-20,1.5505853573300719,9
2016-09-21,1.7644591997204264,9
2016-09-22,1.3367115149397168,9
2016-09-23,1.5505853573300719,9
2016-09-24,1.3367115149397168,9
2016-09-25,1.3901799755373057,9
2016-09-26,1.5505853573300719,9
2016-09-27,1.4436484361348942,9
2016-09-28,1.4436484361348942,9
2016-09-29,1.497116896732483,9
2016-09-30,1.3367115149397168,9
2016-10-01,1.3901799755373057,9
2016-10-02,1.3367115149397168,9
2016-10-03,1.4436484361348942,9
2016-10-04,1.4436484361348942,9
2016-10-05,1.497116896732483,9
2016-10-06,1.497116896732483,9
2016-10-07,1.3367115149397168,9
2016-10-08,1.4436484361348942,9
2016-10-09,1.3901799755373057,9
2016-10-10,1.497116896732483,9
2016-10-11,1.60405381792766,9
2016-10-12,1.7109907391228376,9
2016-10-13,1.6575222785252488,9
2016-10-14,1.497116896732483,9
2016-10-15,1.497116896732483,9
2016-10-16,1.4436484361348942,9
2016-10-17,1.5505853573300719,9
2016-10-18,1.5505853573300719,9
2016-10-19,1.5505853573300719,9
2016-10-20,1.497116896732483,9
2016-10-21,1.3367115149397168,9
2016-10-22,1.4436484361348942,9
2016-10-23,1.60405381792766,9
2016-10-24,1.60405381792766,9
2016-10-25,1.7109907391228376,9
2016-10-26,1.60405381792766,9
2016-10-27,1.8713961209156038,9
2016-10-28,1.978333042110781,9
2016-10-29,2.245675345098724,9
2016-10-30,1.8713961209156038,9
2016-10-31,1.8713961209156038,9
2016-11-01,1.978333042110781,9
2016-11-02,1.8713961209156038,9
2016-11-03,2.03180150270837,9
2016-11-04,1.7644591997204264,9
2016-11-05,1.9248645815131926,9
2016-11-06,1.817927660318015,9
2016-11-07,1.817927660318015,9
2016-11-08,1.7109907391228376,9
2016-11-09,2.5130176480866675,9
2016-11-10,1.9248645815131926,9
2016-11-11,1.8713961209156038,9
2016-11-12,1.817927660318015,9
2016-11-13,1.7644591997204264,9
2016-11-14,1.817927660318015,9
2016-11-15,1.8713961209156038,9
2016-11-16,2.03180150270837,9
2016-11-17,2.1922068845011355,9
2016-11-18,1.9248645815131926,9
2016-11-19,1.9248645815131926,9
2016-11-20,1.978333042110781,9
2016-11-21,1.8713961209156038,9
2016-11-22,1.978333042110781,9
2016-11-23,1.978333042110781,9
2016-11-24,1.9248645815131926,9
2016-11-25,1.8713961209156038,9
2016-11-26,1.7109907391228376,9
2016-11-27,1.817927660318015,9
2016-11-28,1.8713961209156038,9
2016-11-29,2.03180150270837,9
2016-11-30,1.8713961209156038,9
2016-12-01,1.978333042110781,9
2016-12-02,2.1922068845011355,9
2016-12-03,1.978333042110781,9
2016-12-04,1.7644591997204264,9
2016-12-05,2.03180150270837,9
2016-12-06,2.0852699633059584,9
2016-12-07,1.8713961209156038,9
2016-12-08,2.03180150270837,9
2016-12-09,1.9248645815131926,9
2016-12-10,1.8713961209156038,9
2016-12-11,1.817927660318015,9
2016-12-12,1.9248645815131926,9
2016-12-13,1.978333042110781,9
2016-12-14,1.8713961209156038,9
2016-12-15,1.817927660318015,9
2016-12-16,1.8713961209156038,9
2016-12-17,1.9248645815131926,9
2016-12-18,1.7644591997204264,9
2016-12-19,1.9248645815131926,9
2016-12-20,2.03180150270837,9
2016-12-21,2.3526122662939017,9
2016-12-22,2.940765332867377,9
2016-12-23,3.3150445570504976,9
2016-12-24,2.7803599510746113,9
2016-12-25,2.459549187489079,9
2016-12-26,2.3526122662939017,9
2016-12-27,2.940765332867377,9
2016-12-28,3.20810763585532,9
2016-12-29,3.154639175257732,9
2016-12-30,2.8338284116721995,9
2016-12-31,2.459549187489079,9
2017-01-01,2.5130176480866675,9
2017-01-02,4.330945308404682,9
2017-01-03,4.06360300541674,9
2017-01-04,4.651756071990215,9
2017-01-05,5.346846059758867,9
2017-01-06,4.598287611392626,9
2017-01-07,3.8497291630263852,9
2017-01-08,3.63585532063603,9
2017-01-09,3.3150445570504976,9
2017-01-10,3.0477022540625547,9
2017-01-11,3.63585532063603,9
2017-01-12,3.796260702428796,9
2017-01-13,3.1011707146601437,9
2017-01-14,2.8872968722697885,9
2017-01-15,2.619954569281845,9
2017-01-16,2.7268914904770227,9
2017-01-17,2.8338284116721995,9
2017-01-18,2.8872968722697885,9
2017-01-19,2.619954569281845,9
2017-01-20,2.459549187489079,9
2017-01-21,2.5130176480866675,9
2017-01-22,2.299143805696313,9
2017-01-23,2.4060807268914903,9
2017-01-24,2.5130176480866675,9
2017-01-25,2.459549187489079,9
2017-01-26,2.299143805696313,9
2017-01-27,2.1922068845011355,9
2017-01-28,2.1922068845011355,9
2017-01-29,2.245675345098724,9
2017-01-30,2.3526122662939017,9
2017-01-31,2.5130176480866675,9
2017-02-01,2.5664861086842565,9
2017-02-02,2.8338284116721995,9
2017-02-03,2.8872968722697885,9
2017-02-04,2.5664861086842565,9
2017-02-05,2.5130176480866675,9
2017-02-06,2.619954569281845,9
2017-02-07,2.5664861086842565,9
2017-02-08,2.8338284116721995,9
2017-02-09,3.0477022540625547,9
2017-02-10,2.6734230298794337,9
2017-02-11,2.5664861086842565,9
2017-02-12,2.4060807268914903,9
2017-02-13,2.5664861086842565,9
2017-02-14,2.5130176480866675,9
2017-02-15,2.299143805696313,9
2017-02-16,2.459549187489079,9
2017-02-17,2.619954569281845,9
2017-02-18,2.459549187489079,9
2017-02-19,2.245675345098724,9
2017-02-20,2.5130176480866675,9
2017-02-21,2.8872968722697885,9
2017-02-22,2.8338284116721995,9
2017-02-23,3.20810763585532,9
2017-02-24,3.796260702428796,9
2017-02-25,3.154639175257732,9
2017-02-26,2.6734230298794337,9
2017-02-27,2.8872968722697885,9
2017-02-28,2.994233793464966,9
2017-03-01,3.154639175257732,9
2017-03-02,3.680412371134021,10
2017-03-03,4.907216494845361,10
2017-03-04,3.8556701030927836,10
2017-03-05,3.154639175257732,10
2017-03-06,3.5051546391752577,10
2017-03-07,3.680412371134021,10
2017-03-08,4.030927835051547,10
2017-03-09,3.680412371134021,10
2017-03-10,4.907216494845361,10
2017-03-11,4.030927835051547,10
2017-03-12,3.154639175257732,10
2017-03-13,3.3298969072164954,10
2017-03-14,3.154639175257732,10
2017-03-15,2.9793814432989696,10
2017-03-16,3.154639175257732,10
2017-03-17,3.154639175257732,10
2017-03-18,3.8556701030927836,10
2017-03-19,3.3298969072164954,10
2017-03-20,3.154639175257732,10
2017-03-21,3.154639175257732,10
2017-03-22,3.154639175257732,10
2017-03-23,3.154639175257732,10
2017-03-24,3.154639175257732,10
2017-03-25,3.3298969072164954,10
2017-03-26,2.804123711340206,10
2017-03-27,2.9793814432989696,10
2017-03-28,2.804123711340206,10
2017-03-29,2.804123711340206,10
2017-03-30,2.6288659793814433,10
2017-03-31,2.6288659793814433,10
2017-04-01,2.6288659793814433,10
2017-04-02,2.6288659793814433,10
2017-04-03,2.6288659793814433,10
2017-04-04,2.804123711340206,10
2017-04-05,2.6288659793814433,10
2017-04-06,2.804123711340206,10
2017-04-07,2.6288659793814433,10
2017-04-08,2.6288659793814433,10
2017-04-09,2.6288659793814433,10
2017-04-10,2.804123711340206,10
2017-04-11,2.9793814432989696,10
2017-04-12,2.9793814432989696,10
2017-04-13,2.804123711340206,10
2017-04-14,2.6288659793814433,10
2017-04-15,2.4536082474226806,10
2017-04-16,2.6288659793814433,10
2017-04-17,2.804123711340206,10
2017-04-18,2.804123711340206,10
2017-04-19,2.804123711340206,10
2017-04-20,2.6288659793814433,10
2017-04-21,2.804123711340206,10
2017-04-22,2.6288659793814433,10
2017-04-23,2.4536082474226806,10
2017-04-24,2.6288659793814433,10
2017-04-25,2.9793814432989696,10
2017-04-26,3.154639175257732,10
2017-04-27,3.3298969072164954,10
2017-04-28,2.9793814432989696,10
2017-04-29,2.804123711340206,10
2017-04-30,2.804123711340206,10
2017-05-01,3.680412371134021,10
2017-05-02,4.030927835051547,10
2017-05-03,4.030927835051547,10
2017-05-04,5.257731958762887,10
2017-05-05,4.907216494845361,10
2017-05-06,3.8556701030927836,10
2017-05-07,3.8556701030927836,10
2017-05-08,4.556701030927836,10
2017-05-09,5.783505154639176,10
2017-05-10,5.257731958762887,10
2017-05-11,5.783505154639176,10
2017-05-12,6.835051546391753,10
2017-05-13,7.010309278350515,10
2017-05-14,5.958762886597939,10
2017-05-15,8.237113402061857,10
2017-05-16,7.360824742268042,10
2017-05-17,6.309278350515464,10
2017-05-18,5.608247422680412,10
2017-05-19,6.309278350515464,10
2017-05-20,6.1340206185567006,10
2017-05-21,6.309278350515464,10
2017-05-22,10.164948453608249,10
2017-05-23,10.690721649484537,10
2017-05-24,11.391752577319588,10
2017-05-25,15.597938144329898,10
2017-05-26,11.917525773195878,10
2017-05-27,10.34020618556701,10
2017-05-28,8.061855670103094,10
2017-05-29,7.711340206185567,10
2017-05-30,7.536082474226805,10
2017-05-31,7.360824742268042,10
2017-06-01,7.1855670103092795,10
2017-06-02,6.309278350515464,10
2017-06-03,6.1340206185567006,10
2017-06-04,5.608247422680412,10
2017-06-05,6.659793814432991,10
2017-06-06,8.938144329896907,10
2017-06-07,8.061855670103094,10
2017-06-08,7.010309278350515,10
2017-06-09,6.835051546391753,10
2017-06-10,6.484536082474228,10
2017-06-11,6.835051546391753,10
2017-06-12,8.587628865979383,10
2017-06-13,7.711340206185567,10
2017-06-14,7.536082474226805,10
2017-06-15,8.938144329896907,10
2017-06-16,7.536082474226805,10
2017-06-17,5.958762886597939,10
2017-06-18,5.958762886597939,10
2017-06-19,6.1340206185567006,10
2017-06-20,6.659793814432991,10
2017-06-21,6.659793814432991,10
2017-06-22,6.484536082474228,10
2017-06-23,6.309278350515464,10
2017-06-24,5.958762886597939,10
2017-06-25,5.783505154639176,10
2017-06-26,6.835051546391753,10
2017-06-27,7.886597938144329,10
2017-06-28,7.536082474226805,10
2017-06-29,6.1340206185567006,10
2017-06-30,5.43298969072165,10
2017-07-01,5.082474226804124,10
2017-07-02,5.082474226804124,10
2017-07-03,5.257731958762887,10
2017-07-04,5.257731958762887,10
2017-07-05,5.257731958762887,10
2017-07-06,5.43298969072165,10
2017-07-07,5.257731958762887,10
2017-07-08,4.907216494845361,10
2017-07-09,4.907216494845361,10
2017-07-10,5.608247422680412,10
2017-07-11,6.659793814432991,10
2017-07-12,6.1340206185567006,10
2017-07-13,5.608247422680412,10
2017-07-14,5.608247422680412,10
2017-07-15,6.484536082474228,10
2017-07-16,7.536082474226805,10
2017-07-17,6.835051546391753,10
2017-07-18,6.835051546391753,10
2017-07-19,6.309278350515464,10
2017-07-20,7.010309278350515,10
2017-07-21,6.835051546391753,10
2017-07-22,6.1340206185567006,10
2017-07-23,6.1340206185567006,10
2017-07-24,6.309278350515464,10
2017-07-25,6.484536082474228,10
2017-07-26,6.484536082474228,10
2017-07-27,6.1340206185567006,10
2017-07-28,6.835051546391753,10
2017-07-29,5.783505154639176,10
2017-07-30,5.783505154639176,10
2017-07-31,7.1855670103092795,10
2017-08-01,12.443298969072167,10
2017-08-02,11.041237113402062,10
2017-08-03,7.711340206185567,10
2017-08-04,7.010309278350515,10
2017-08-05,9.113402061855671,10
2017-08-06,7.536082474226805,10
2017-08-07,8.587628865979383,10
2017-08-08,9.113402061855671,10
2017-08-09,8.237113402061857,10
2017-08-10,7.536082474226805,10
2017-08-11,8.061855670103094,10
2017-08-12,9.463917525773196,10
2017-08-13,11.742268041237114,10
2017-08-14,13.144329896907218,10
2017-08-15,13.144329896907218,10
2017-08-16,11.041237113402062,10
2017-08-17,10.8659793814433,10
2017-08-18,11.041237113402062,10
2017-08-19,10.34020618556701,10
2017-08-20,9.463917525773196,10
2017-08-21,9.288659793814432,10
2017-08-22,10.34020618556701,10
2017-08-23,9.463917525773196,10
2017-08-24,8.938144329896907,10
2017-08-25,9.463917525773196,10
2017-08-26,8.061855670103094,10
2017-08-27,7.536082474226805,10
2017-08-28,8.237113402061857,10
2017-08-29,9.814432989690722,10
2017-08-30,10.164948453608249,10
2017-08-31,10.690721649484537,10
2017-09-01,11.391752577319588,10
2017-09-02,11.041237113402062,10
2017-09-03,9.63917525773196,10
2017-09-04,11.917525773195878,10
2017-09-05,11.917525773195878,10
2017-09-06,10.690721649484537,10
2017-09-07,9.63917525773196,10
2017-09-08,10.164948453608249,10
2017-09-09,8.587628865979383,10
2017-09-10,8.762886597938143,10
2017-09-11,9.463917525773196,10
2017-09-12,9.288659793814432,10
2017-09-13,13.144329896907218,10
2017-09-14,15.948453608247423,10
2017-09-15,17.525773195876287,10
2017-09-16,11.391752577319588,10
2017-09-17,9.463917525773196,10
2017-09-18,10.8659793814433,10
2017-09-19,10.164948453608249,10
2017-09-20,8.762886597938143,10
2017-09-21,9.113402061855671,10
2017-09-22,8.412371134020619,10
2017-09-23,7.010309278350515,10
2017-09-24,6.659793814432991,10
2017-09-25,7.711340206185567,10
2017-09-26,7.360824742268042,10
2017-09-27,8.237113402061857,10
2017-09-28,7.536082474226805,10
2017-09-29,7.360824742268042,10
2017-09-30,6.835051546391753,10
2017-10-01,6.835051546391753,10
2017-10-02,7.711340206185567,10
2017-10-03,7.711340206185567,10
2017-10-04,7.360824742268042,10
2017-10-05,7.010309278350515,10
2017-10-06,6.835051546391753,10
2017-10-07,6.309278350515464,10
2017-10-08,7.1855670103092795,10
2017-10-09,8.762886597938143,10
2017-10-10,8.762886597938143,10
2017-10-11,8.412371134020619,10
2017-10-12,14.195876288659795,10
2017-10-13,17.525773195876287,10
2017-10-14,11.917525773195878,10
2017-10-15,11.216494845360824,10
2017-10-16,11.041237113402062,10
2017-10-17,10.515463917525773,10
2017-10-18,10.8659793814433,10
2017-10-19,10.34020618556701,10
2017-10-20,12.268041237113401,10
2017-10-21,13.670103092783506,10
2017-10-22,11.391752577319588,10
2017-10-23,13.319587628865982,10
2017-10-24,13.84536082474227,10
2017-10-25,12.793814432989691,10
2017-10-26,12.268041237113401,10
2017-10-27,10.690721649484537,10
2017-10-28,9.113402061855671,10
2017-10-29,9.814432989690722,10
2017-10-30,11.567010309278352,10
2017-10-31,13.670103092783506,10
2017-11-01,17.0,10
2017-11-02,23.0,11
2017-11-03,21.000000000000004,11
2017-11-04,17.0,11
2017-11-05,17.0,11
2017-11-06,17.0,11
2017-11-07,16.0,11
2017-11-08,18.000000000000004,11
2017-11-09,16.0,11
2017-11-10,20.000000000000004,11
2017-11-11,19.0,11
2017-11-12,24.000000000000004,11
2017-11-13,21.000000000000004,11
2017-11-14,17.0,11
2017-11-15,17.0,11
2017-11-16,17.0,11
2017-11-17,20.000000000000004,11
2017-11-18,15.000000000000002,11
2017-11-19,14.000000000000002,11
2017-11-20,19.0,11
2017-11-21,19.0,11
2017-11-22,17.0,11
2017-11-23,15.000000000000002,11
2017-11-24,15.000000000000002,11
2017-11-25,16.0,11
2017-11-26,24.000000000000004,11
2017-11-27,32.0,11
2017-11-28,37.00000000000001,11
2017-11-29,62.0,11
2017-11-30,49.0,11
2017-12-01,37.00000000000001,11
2017-12-02,30.000000000000004,11
2017-12-03,29.000000000000004,11
2017-12-04,34.0,11
2017-12-05,34.0,11
2017-12-06,47.0,11
2017-12-07,95.0,11
2017-12-08,84.00000000000001,11
2017-12-09,56.00000000000001,11
2017-12-10,53.0,11
2017-12-11,63.0,11
2017-12-12,59.00000000000001,11
2017-12-13,52.0,11
2017-12-14,45.0,11
2017-12-15,42.00000000000001,11
2017-12-16,41.0,11
2017-12-17,46.0,11
2017-12-18,46.0,11
2017-12-19,49.0,11
2017-12-20,68.0,11
2017-12-21,51.0,11
2017-12-22,100.0,11
2017-12-23,61.0,11
2017-12-24,46.0,11
2017-12-25,40.00000000000001,11
2017-12-26,40.00000000000001,11
2017-12-27,37.00000000000001,11
2017-12-28,37.00000000000001,11
2017-12-29,33.0,11
2017-12-30,32.0,11
2017-12-31,26.999999999999996,11
