tstamp,wikipedia
2010-07-01,148.0
2010-07-02,71.0
2010-07-03,80.0
2010-07-04,57.0
2010-07-05,35.0
2010-07-06,56.0
2010-07-07,47.0
2010-07-08,
2010-07-09,
2010-07-10,33.0
2010-07-11,2430.0
2010-07-12,8605.0
2010-07-13,1084.0
2010-07-14,732.0
2010-07-15,420.0
2010-07-16,385.0
2010-07-17,241.0
2010-07-18,215.0
2010-07-19,241.0
2010-07-20,195.0
2010-07-21,293.0
2010-07-22,223.0
2010-07-23,251.0
2010-07-24,164.0
2010-07-25,232.0
2010-07-26,245.0
2010-07-27,304.0
2010-07-28,157.0
2010-07-29,187.0
2010-07-30,135.0
2010-07-31,158.0
2010-08-01,92.0
2010-08-02,70.0
2010-08-03,76.0
2010-08-04,61.0
2010-08-05,75.0
2010-08-06,52.0
2010-08-07,38.0
2010-08-08,31.0
2010-08-09,38.0
2010-08-10,54.0
2010-08-11,46.0
2010-08-12,44.0
2010-08-13,41.0
2010-08-14,20.0
2010-08-15,32.0
2010-08-16,47.0
2010-08-17,37.0
2010-08-18,37.0
2010-08-19,25.0
2010-08-20,27.0
2010-08-21,38.0
2010-08-22,50.0
2010-08-23,27.0
2010-08-24,33.0
2010-08-25,39.0
2010-08-26,27.0
2010-08-27,35.0
2010-08-28,12.0
2010-08-29,21.0
2010-08-30,30.0
2010-08-31,23.0
2010-09-01,25.0
2010-09-02,20.0
2010-09-03,24.0
2010-09-04,14.0
2010-09-05,19.0
2010-09-06,23.0
2010-09-07,16.0
2010-09-08,24.0
2010-09-09,17.0
2010-09-10,28.0
2010-09-11,26.0
2010-09-12,15.0
2010-09-13,25.0
2010-09-14,33.0
2010-09-15,13.0
2010-09-16,22.0
2010-09-17,16.0
2010-09-18,20.0
2010-09-19,21.0
2010-09-20,30.0
2010-09-21,41.0
2010-09-22,25.0
2010-09-23,26.0
2010-09-24,32.0
2010-09-25,15.0
2010-09-26,51.0
2010-09-27,78.0
2010-09-28,85.0
2010-09-29,97.0
2010-09-30,304.0
2010-10-01,82.0
2010-10-02,61.0
2010-10-03,38.0
2010-10-04,106.0
2010-10-05,43.0
2010-10-06,78.0
2010-10-07,84.0
2010-10-08,67.0
2010-10-09,64.0
2010-10-10,71.0
2010-10-11,43.0
2010-10-12,22.0
2010-10-13,25.0
2010-10-14,15.0
2010-10-15,14.0
2010-10-16,19.0
2010-10-17,29.0
2010-10-18,17.0
2010-10-19,33.0
2010-10-20,19.0
2010-10-21,21.0
2010-10-22,11.0
2010-10-23,19.0
2010-10-24,15.0
2010-10-25,16.0
2010-10-26,20.0
2010-10-27,17.0
2010-10-28,16.0
2010-10-29,9.0
2010-10-30,12.0
2010-10-31,19.0
2010-11-01,15.0
2010-11-02,20.0
2010-11-03,20.0
2010-11-04,18.0
2010-11-05,18.0
2010-11-06,15.0
2010-11-07,24.0
2010-11-08,37.0
2010-11-09,32.0
2010-11-10,37.0
2010-11-11,41.0
2010-11-12,14.0
2010-11-13,19.0
2010-11-14,39.0
2010-11-15,122.0
2010-11-16,67.0
2010-11-17,15.0
2010-11-18,32.0
2010-11-19,23.0
2010-11-20,22.0
2010-11-21,37.0
2010-11-22,42.0
2010-11-23,18.0
2010-11-24,32.0
2010-11-25,22.0
2010-11-26,36.0
2010-11-27,45.0
2010-11-28,17.0
2010-11-29,14.0
2010-11-30,24.0
2010-12-01,87.0
2010-12-02,31.0
2010-12-03,43.0
2010-12-04,32.0
2010-12-05,29.0
2010-12-06,78.0
2010-12-07,76.0
2010-12-08,55.0
2010-12-09,32.0
2010-12-10,50.0
2010-12-11,74.0
2010-12-12,346.0
2010-12-13,375.0
2010-12-14,1035.0
2010-12-15,570.0
2010-12-16,518.0
2010-12-17,418.0
2010-12-18,383.0
2010-12-19,538.0
2010-12-20,604.0
2010-12-21,493.0
2010-12-22,405.0
2010-12-23,322.0
2010-12-24,286.0
2010-12-25,228.0
2010-12-26,220.0
2010-12-27,281.0
2010-12-28,230.0
2010-12-29,216.0
2010-12-30,545.0
2010-12-31,308.0
2011-01-01,198.0
2011-01-02,255.0
2011-01-03,296.0
2011-01-04,215.0
2011-01-05,367.0
2011-01-06,278.0
2011-01-07,248.0
2011-01-08,193.0
2011-01-09,193.0
2011-01-10,258.0
2011-01-11,278.0
2011-01-12,242.0
2011-01-13,282.0
2011-01-14,206.0
2011-01-15,191.0
2011-01-16,215.0
2011-01-17,291.0
2011-01-18,290.0
2011-01-19,171.0
2011-01-20,188.0
2011-01-21,240.0
2011-01-22,227.0
2011-01-23,182.0
2011-01-24,234.0
2011-01-25,246.0
2011-01-26,197.0
2011-01-27,193.0
2011-01-28,279.0
2011-01-29,193.0
2011-01-30,171.0
2011-01-31,243.0
2011-02-01,266.0
2011-02-02,331.0
2011-02-03,252.0
2011-02-04,310.0
2011-02-05,261.0
2011-02-06,277.0
2011-02-07,266.0
2011-02-08,299.0
2011-02-09,424.0
2011-02-10,2933.0
2011-02-11,2454.0
2011-02-12,988.0
2011-02-13,943.0
2011-02-14,895.0
2011-02-15,765.0
2011-02-16,747.0
2011-02-17,824.0
2011-02-18,804.0
2011-02-19,533.0
2011-02-20,547.0
2011-02-21,920.0
2011-02-22,1180.0
2011-02-23,739.0
2011-02-24,875.0
2011-02-25,704.0
2011-02-26,791.0
2011-02-27,802.0
2011-02-28,843.0
2011-03-01,1262.0
2011-03-02,855.0
2011-03-03,745.0
2011-03-04,627.0
2011-03-05,472.0
2011-03-06,636.0
2011-03-07,1026.0
2011-03-08,1180.0
2011-03-09,697.0
2011-03-10,612.0
2011-03-11,556.0
2011-03-12,450.0
2011-03-13,368.0
2011-03-14,662.0
2011-03-15,563.0
2011-03-16,493.0
2011-03-17,501.0
2011-03-18,452.0
2011-03-19,377.0
2011-03-20,552.0
2011-03-21,3830.0
2011-03-22,1719.0
2011-03-23,4481.0
2011-03-24,1812.0
2011-03-25,1002.0
2011-03-26,736.0
2011-03-27,1066.0
2011-03-28,1216.0
2011-03-29,913.0
2011-03-30,884.0
2011-03-31,700.0
2011-04-01,577.0
2011-04-02,553.0
2011-04-03,728.0
2011-04-04,1353.0
2011-04-05,1272.0
2011-04-06,961.0
2011-04-07,793.0
2011-04-08,798.0
2011-04-09,652.0
2011-04-10,614.0
2011-04-11,1023.0
2011-04-12,920.0
2011-04-13,724.0
2011-04-14,809.0
2011-04-15,695.0
2011-04-16,1141.0
2011-04-17,1400.0
2011-04-18,1503.0
2011-04-19,1815.0
2011-04-20,1315.0
2011-04-21,953.0
2011-04-22,967.0
2011-04-23,885.0
2011-04-24,1034.0
2011-04-25,1312.0
2011-04-26,1364.0
2011-04-27,1444.0
2011-04-28,1832.0
2011-04-29,1329.0
2011-04-30,1523.0
2011-05-01,1545.0
2011-05-02,1189.0
2011-05-03,1125.0
2011-05-04,1264.0
2011-05-05,1473.0
2011-05-06,1204.0
2011-05-07,1085.0
2011-05-08,1728.0
2011-05-09,3059.0
2011-05-10,2140.0
2011-05-11,2601.0
2011-05-12,2390.0
2011-05-13,2709.0
2011-05-14,2200.0
2011-05-15,2442.0
2011-05-16,22026.0
2011-05-17,12040.0
2011-05-18,7475.0
2011-05-19,15855.0
2011-05-20,10608.0
2011-05-21,7119.0
2011-05-22,6278.0
2011-05-23,6769.0
2011-05-24,7958.0
2011-05-25,17282.0
2011-05-26,8291.0
2011-05-27,5877.0
2011-05-28,4445.0
2011-05-29,4878.0
2011-05-30,6004.0
2011-05-31,13397.0
2011-06-01,14454.0
2011-06-02,20124.0
2011-06-03,20902.0
2011-06-04,10947.0
2011-06-05,11874.0
2011-06-06,14972.0
2011-06-07,11814.0
2011-06-08,16840.0
2011-06-09,17285.0
2011-06-10,15034.0
2011-06-11,21987.0
2011-06-12,23012.0
2011-06-13,21889.0
2011-06-14,16513.0
2011-06-15,22679.0
2011-06-16,21008.0
2011-06-17,18538.0
2011-06-18,14101.0
2011-06-19,12741.0
2011-06-20,28971.0
2011-06-21,18281.0
2011-06-22,21437.0
2011-06-23,15272.0
2011-06-24,9758.0
2011-06-25,6355.0
2011-06-26,7009.0
2011-06-27,8986.0
2011-06-28,7611.0
2011-06-29,8243.0
2011-06-30,7323.0
2011-07-01,6555.0
2011-07-02,4826.0
2011-07-03,4520.0
2011-07-04,5412.0
2011-07-05,5591.0
2011-07-06,5787.0
2011-07-07,6640.0
2011-07-08,5068.0
2011-07-09,3893.0
2011-07-10,3763.0
2011-07-11,4640.0
2011-07-12,4449.0
2011-07-13,6537.0
2011-07-14,11915.0
2011-07-15,5285.0
2011-07-16,4045.0
2011-07-17,3884.0
2011-07-18,5445.0
2011-07-19,6553.0
2011-07-20,6869.0
2011-07-21,4946.0
2011-07-22,3831.0
2011-07-23,3331.0
2011-07-24,3616.0
2011-07-25,5556.0
2011-07-26,4517.0
2011-07-27,4659.0
2011-07-28,4176.0
2011-07-29,3606.0
2011-07-30,2858.0
2011-07-31,3093.0
2011-08-01,3934.0
2011-08-02,4582.0
2011-08-03,5689.0
2011-08-04,4385.0
2011-08-05,6477.0
2011-08-06,4968.0
2011-08-07,4341.0
2011-08-08,5357.0
2011-08-09,4399.0
2011-08-10,3656.0
2011-08-11,3346.0
2011-08-12,2906.0
2011-08-13,2280.0
2011-08-14,2546.0
2011-08-15,3039.0
2011-08-16,3202.0
2011-08-17,4380.0
2011-08-18,4303.0
2011-08-19,3647.0
2011-08-20,2617.0
2011-08-21,7211.0
2011-08-22,3640.0
2011-08-23,3479.0
2011-08-24,8147.0
2011-08-25,5010.0
2011-08-26,3509.0
2011-08-27,2744.0
2011-08-28,2371.0
2011-08-29,2851.0
2011-08-30,2765.0
2011-08-31,3206.0
2011-09-01,3204.0
2011-09-02,3009.0
2011-09-03,2079.0
2011-09-04,2061.0
2011-09-05,2584.0
2011-09-06,2891.0
2011-09-07,3109.0
2011-09-08,3480.0
2011-09-09,3572.0
2011-09-10,2426.0
2011-09-11,2120.0
2011-09-12,2257.0
2011-09-13,2308.0
2011-09-14,2318.0
2011-09-15,2379.0
2011-09-16,2131.0
2011-09-17,1833.0
2011-09-18,1728.0
2011-09-19,1970.0
2011-09-20,2326.0
2011-09-21,2137.0
2011-09-22,1943.0
2011-09-23,2010.0
2011-09-24,1581.0
2011-09-25,1522.0
2011-09-26,1985.0
2011-09-27,1871.0
2011-09-28,1950.0
2011-09-29,2276.0
2011-09-30,2629.0
2011-10-01,1808.0
2011-10-02,2050.0
2011-10-03,2832.0
2011-10-04,2804.0
2011-10-05,3275.0
2011-10-06,2260.0
2011-10-07,2364.0
2011-10-08,1724.0
2011-10-09,2235.0
2011-10-10,2563.0
2011-10-11,3187.0
2011-10-12,3110.0
2011-10-13,2758.0
2011-10-14,2368.0
2011-10-15,1727.0
2011-10-16,1690.0
2011-10-17,2634.0
2011-10-18,4780.0
2011-10-19,4524.0
2011-10-20,3111.0
2011-10-21,2794.0
2011-10-22,2236.0
2011-10-23,2729.0
2011-10-24,3591.0
2011-10-25,3408.0
2011-10-26,3368.0
2011-10-27,2632.0
2011-10-28,2270.0
2011-10-29,1606.0
2011-10-30,1692.0
2011-10-31,2447.0
2011-11-01,8499.0
2011-11-02,3706.0
2011-11-03,2909.0
2011-11-04,2304.0
2011-11-05,1746.0
2011-11-06,1828.0
2011-11-07,2222.0
2011-11-08,2072.0
2011-11-09,2016.0
2011-11-10,2098.0
2011-11-11,1766.0
2011-11-12,1624.0
2011-11-13,1818.0
2011-11-14,2305.0
2011-11-15,3647.0
2011-11-16,2499.0
2011-11-17,2158.0
2011-11-18,2069.0
2011-11-19,1596.0
2011-11-20,1915.0
2011-11-21,2859.0
2011-11-22,3245.0
2011-11-23,2870.0
2011-11-24,2314.0
2011-11-25,2145.0
2011-11-26,2762.0
2011-11-27,2849.0
2011-11-28,3322.0
2011-11-29,3722.0
2011-11-30,2857.0
2011-12-01,2603.0
2011-12-02,2131.0
2011-12-03,1949.0
2011-12-04,1868.0
2011-12-05,2447.0
2011-12-06,2652.0
2011-12-07,2246.0
2011-12-08,1991.0
2011-12-09,1776.0
2011-12-10,1523.0
2011-12-11,1658.0
2011-12-12,2046.0
2011-12-13,2013.0
2011-12-14,1935.0
2011-12-15,1969.0
2011-12-16,1756.0
2011-12-17,1378.0
2011-12-18,1407.0
2011-12-19,1788.0
2011-12-20,1769.0
2011-12-21,2236.0
2011-12-22,2865.0
2011-12-23,149.0
2011-12-24,
2011-12-25,
2011-12-26,782.0
2011-12-27,2409.0
2011-12-28,2060.0
2011-12-29,2268.0
2011-12-30,2212.0
2011-12-31,2235.0
2012-01-01,1918.0
2012-01-02,2448.0
2012-01-03,2592.0
2012-01-04,2549.0
2012-01-05,2484.0
2012-01-06,2614.0
2012-01-07,2119.0
2012-01-08,2039.0
2012-01-09,2669.0
2012-01-10,3186.0
2012-01-11,7084.0
2012-01-12,3024.0
2012-01-13,2283.0
2012-01-14,2034.0
2012-01-15,2280.0
2012-01-16,21795.0
2012-01-17,9859.0
2012-01-18,6443.0
2012-01-19,4891.0
2012-01-20,4141.0
2012-01-21,3318.0
2012-01-22,3208.0
2012-01-23,3560.0
2012-01-24,3354.0
2012-01-25,3143.0
2012-01-26,2765.0
2012-01-27,2822.0
2012-01-28,2444.0
2012-01-29,2553.0
2012-01-30,3027.0
2012-01-31,2784.0
2012-02-01,2718.0
2012-02-02,2684.0
2012-02-03,4622.0
2012-02-04,3214.0
2012-02-05,2891.0
2012-02-06,3074.0
2012-02-07,2782.0
2012-02-08,2637.0
2012-02-09,2648.0
2012-02-10,2438.0
2012-02-11,2069.0
2012-02-12,2223.0
2012-02-13,2508.0
2012-02-14,2628.0
2012-02-15,3204.0
2012-02-16,3218.0
2012-02-17,2313.0
2012-02-18,1868.0
2012-02-19,2038.0
2012-02-20,2327.0
2012-02-21,2627.0
2012-02-22,2885.0
2012-02-23,3921.0
2012-02-24,3770.0
2012-02-25,2193.0
2012-02-26,2102.0
2012-02-27,2453.0
2012-02-28,2563.0
2012-02-29,2515.0
2012-03-01,2474.0
2012-03-02,5261.0
2012-03-03,2970.0
2012-03-04,2477.0
2012-03-05,2454.0
2012-03-06,2443.0
2012-03-07,2290.0
2012-03-08,2149.0
2012-03-09,2071.0
2012-03-10,1989.0
2012-03-11,1912.0
2012-03-12,2207.0
2012-03-13,2188.0
2012-03-14,2061.0
2012-03-15,2122.0
2012-03-16,2066.0
2012-03-17,1641.0
2012-03-18,1961.0
2012-03-19,2155.0
2012-03-20,2299.0
2012-03-21,2018.0
2012-03-22,2100.0
2012-03-23,1907.0
2012-03-24,1531.0
2012-03-25,1632.0
2012-03-26,1899.0
2012-03-27,2007.0
2012-03-28,2050.0
2012-03-29,2223.0
2012-03-30,1798.0
2012-03-31,1870.0
2012-04-01,3657.0
2012-04-02,4184.0
2012-04-03,4312.0
2012-04-04,3227.0
2012-04-05,3347.0
2012-04-06,2551.0
2012-04-07,2582.0
2012-04-08,2687.0
2012-04-09,2561.0
2012-04-10,2657.0
2012-04-11,3399.0
2012-04-12,2841.0
2012-04-13,2360.0
2012-04-14,1864.0
2012-04-15,1916.0
2012-04-16,2373.0
2012-04-17,3056.0
2012-04-18,3085.0
2012-04-19,2317.0
2012-04-20,2262.0
2012-04-21,2010.0
2012-04-22,2036.0
2012-04-23,2315.0
2012-04-24,2268.0
2012-04-25,3184.0
2012-04-26,4197.0
2012-04-27,3357.0
2012-04-28,2447.0
2012-04-29,2311.0
2012-04-30,2623.0
2012-05-01,2643.0
2012-05-02,3179.0
2012-05-03,2430.0
2012-05-04,2232.0
2012-05-05,1828.0
2012-05-06,2038.0
2012-05-07,2257.0
2012-05-08,2308.0
2012-05-09,2306.0
2012-05-10,3183.0
2012-05-11,3033.0
2012-05-12,3178.0
2012-05-13,3166.0
2012-05-14,3270.0
2012-05-15,3000.0
2012-05-16,2628.0
2012-05-17,2410.0
2012-05-18,2157.0
2012-05-19,2068.0
2012-05-20,1839.0
2012-05-21,4366.0
2012-05-22,3094.0
2012-05-23,2311.0
2012-05-24,2053.0
2012-05-25,1756.0
2012-05-26,2296.0
2012-05-27,1981.0
2012-05-28,2149.0
2012-05-29,2478.0
2012-05-30,2422.0
2012-05-31,2155.0
2012-06-01,2345.0
2012-06-02,1673.0
2012-06-03,1707.0
2012-06-04,2036.0
2012-06-05,2303.0
2012-06-06,1904.0
2012-06-07,1920.0
2012-06-08,2299.0
2012-06-09,2218.0
2012-06-10,2528.0
2012-06-11,4496.0
2012-06-12,3489.0
2012-06-13,4137.0
2012-06-14,2759.0
2012-06-15,2437.0
2012-06-16,2208.0
2012-06-17,2125.0
2012-06-18,3569.0
2012-06-19,4038.0
2012-06-20,2735.0
2012-06-21,2740.0
2012-06-22,2254.0
2012-06-23,2235.0
2012-06-24,2023.0
2012-06-25,2378.0
2012-06-26,2333.0
2012-06-27,2235.0
2012-06-28,2151.0
2012-06-29,2381.0
2012-06-30,1935.0
2012-07-01,1961.0
2012-07-02,2334.0
2012-07-03,2419.0
2012-07-04,2507.0
2012-07-05,1987.0
2012-07-06,2164.0
2012-07-07,1748.0
2012-07-08,1821.0
2012-07-09,5773.0
2012-07-10,2953.0
2012-07-11,5692.0
2012-07-12,3197.0
2012-07-13,3068.0
2012-07-14,2145.0
2012-07-15,2137.0
2012-07-16,2700.0
2012-07-17,3192.0
2012-07-18,3107.0
2012-07-19,3677.0
2012-07-20,3573.0
2012-07-21,2542.0
2012-07-22,2557.0
2012-07-23,2862.0
2012-07-24,2575.0
2012-07-25,2578.0
2012-07-26,2517.0
2012-07-27,2242.0
2012-07-28,1869.0
2012-07-29,2079.0
2012-07-30,2398.0
2012-07-31,2962.0
2012-08-01,2545.0
2012-08-02,2701.0
2012-08-03,2599.0
2012-08-04,2046.0
2012-08-05,2055.0
2012-08-06,2719.0
2012-08-07,3391.0
2012-08-08,3580.0
2012-08-09,3159.0
2012-08-10,2974.0
2012-08-11,2656.0
2012-08-12,2907.0
2012-08-13,3331.0
2012-08-14,4241.0
2012-08-15,4121.0
2012-08-16,4466.0
2012-08-17,4012.0
2012-08-18,2841.0
2012-08-19,2964.0
2012-08-20,3629.0
2012-08-21,5880.0
2012-08-22,6132.0
2012-08-23,4746.0
2012-08-24,6577.0
2012-08-25,2792.0
2012-08-26,2768.0
2012-08-27,3557.0
2012-08-28,3446.0
2012-08-29,4353.0
2012-08-30,3242.0
2012-08-31,2584.0
2012-09-01,2510.0
2012-09-02,2807.0
2012-09-03,2995.0
2012-09-04,3157.0
2012-09-05,22035.0
2012-09-06,25396.0
2012-09-07,9173.0
2012-09-08,5994.0
2012-09-09,4448.0
2012-09-10,4787.0
2012-09-11,3921.0
2012-09-12,4553.0
2012-09-13,3534.0
2012-09-14,3280.0
2012-09-15,2476.0
2012-09-16,3116.0
2012-09-17,3939.0
2012-09-18,3864.0
2012-09-19,6191.0
2012-09-20,4018.0
2012-09-21,3146.0
2012-09-22,2588.0
2012-09-23,2864.0
2012-09-24,3386.0
2012-09-25,3971.0
2012-09-26,4488.0
2012-09-27,4602.0
2012-09-28,3773.0
2012-09-29,3562.0
2012-09-30,3343.0
2012-10-01,4860.0
2012-10-02,4752.0
2012-10-03,5112.0
2012-10-04,4233.0
2012-10-05,3595.0
2012-10-06,2856.0
2012-10-07,2950.0
2012-10-08,3714.0
2012-10-09,3698.0
2012-10-10,3782.0
2012-10-11,4582.0
2012-10-12,4562.0
2012-10-13,2662.0
2012-10-14,2815.0
2012-10-15,3860.0
2012-10-16,3547.0
2012-10-17,3692.0
2012-10-18,4831.0
2012-10-19,3680.0
2012-10-20,2686.0
2012-10-21,2856.0
2012-10-22,3664.0
2012-10-23,3342.0
2012-10-24,3338.0
2012-10-25,3523.0
2012-10-26,2800.0
2012-10-27,2497.0
2012-10-28,2810.0
2012-10-29,3169.0
2012-10-30,2984.0
2012-10-31,2920.0
2012-11-01,2839.0
2012-11-02,2709.0
2012-11-03,2687.0
2012-11-04,3276.0
2012-11-05,3827.0
2012-11-06,3363.0
2012-11-07,3071.0
2012-11-08,3967.0
2012-11-09,3377.0
2012-11-10,3364.0
2012-11-11,3338.0
2012-11-12,4625.0
2012-11-13,4163.0
2012-11-14,3948.0
2012-11-15,3271.0
2012-11-16,6521.0
2012-11-17,4292.0
2012-11-18,4023.0
2012-11-19,5007.0
2012-11-20,4333.0
2012-11-21,3781.0
2012-11-22,3274.0
2012-11-23,3169.0
2012-11-24,2905.0
2012-11-25,3293.0
2012-11-26,7238.0
2012-11-27,5106.0
2012-11-28,12469.0
2012-11-29,6016.0
2012-11-30,4494.0
2012-12-01,3373.0
2012-12-02,3851.0
2012-12-03,4350.0
2012-12-04,4691.0
2012-12-05,5274.0
2012-12-06,6369.0
2012-12-07,5529.0
2012-12-08,5884.0
2012-12-09,7665.0
2012-12-10,7183.0
2012-12-11,7068.0
2012-12-12,5634.0
2012-12-13,5736.0
2012-12-14,5085.0
2012-12-15,3737.0
2012-12-16,3832.0
2012-12-17,4927.0
2012-12-18,4119.0
2012-12-19,3878.0
2012-12-20,3638.0
2012-12-21,3534.0
2012-12-22,2773.0
2012-12-23,2952.0
2012-12-24,3275.0
2012-12-25,2814.0
2012-12-26,3164.0
2012-12-27,3539.0
2012-12-28,3444.0
2012-12-29,3181.0
2012-12-30,2973.0
2012-12-31,3025.0
2013-01-01,2746.0
2013-01-02,4154.0
2013-01-03,5483.0
2013-01-04,6172.0
2013-01-05,7216.0
2013-01-06,6819.0
2013-01-07,6575.0
2013-01-08,5689.0
2013-01-09,5172.0
2013-01-10,5169.0
2013-01-11,5555.0
2013-01-12,4451.0
2013-01-13,4683.0
2013-01-14,4562.0
2013-01-15,4405.0
2013-01-16,4338.0
2013-01-17,5988.0
2013-01-18,4911.0
2013-01-19,3668.0
2013-01-20,3829.0
2013-01-21,4388.0
2013-01-22,4461.0
2013-01-23,8752.0
2013-01-24,7851.0
2013-01-25,6091.0
2013-01-26,4024.0
2013-01-27,4142.0
2013-01-28,6410.0
2013-01-29,6773.0
2013-01-30,6660.0
2013-01-31,6227.0
2013-02-01,5525.0
2013-02-02,9524.0
2013-02-03,6230.0
2013-02-04,6809.0
2013-02-05,5824.0
2013-02-06,7455.0
2013-02-07,6516.0
2013-02-08,5860.0
2013-02-09,5953.0
2013-02-10,5598.0
2013-02-11,5914.0
2013-02-12,10063.0
2013-02-13,8052.0
2013-02-14,9097.0
2013-02-15,9914.0
2013-02-16,6002.0
2013-02-17,7575.0
2013-02-18,11139.0
2013-02-19,11291.0
2013-02-20,8604.0
2013-02-21,8004.0
2013-02-22,8908.0
2013-02-23,7254.0
2013-02-24,7175.0
2013-02-25,8864.0
2013-02-26,8339.0
2013-02-27,8251.0
2013-02-28,13034.0
2013-03-01,11738.0
2013-03-02,7597.0
2013-03-03,8227.0
2013-03-04,9098.0
2013-03-05,11122.0
2013-03-06,13034.0
2013-03-07,14883.0
2013-03-08,12660.0
2013-03-09,13021.0
2013-03-10,12788.0
2013-03-11,15852.0
2013-03-12,22288.0
2013-03-13,16073.0
2013-03-14,13166.0
2013-03-15,10239.0
2013-03-16,8385.0
2013-03-17,8835.0
2013-03-18,13501.0
2013-03-19,17419.0
2013-03-20,20513.0
2013-03-21,29469.0
2013-03-22,50607.0
2013-03-23,55079.0
2013-03-24,25212.0
2013-03-25,31677.0
2013-03-26,26286.0
2013-03-27,30379.0
2013-03-28,42468.0
2013-03-29,38699.0
2013-03-30,30590.0
2013-03-31,22940.0
2013-04-01,36982.0
2013-04-02,40757.0
2013-04-03,64453.0
2013-04-04,64895.0
2013-04-05,45890.0
2013-04-06,29813.0
2013-04-07,33196.0
2013-04-08,60148.0
2013-04-09,75573.0
2013-04-10,112055.0
2013-04-11,
2013-04-12,131208.0
2013-04-13,60259.0
2013-04-14,48604.0
2013-04-15,63661.0
2013-04-16,48626.0
2013-04-17,41931.0
2013-04-18,39400.0
2013-04-19,28830.0
2013-04-20,17641.0
2013-04-21,17839.0
2013-04-22,21508.0
2013-04-23,21998.0
2013-04-24,19973.0
2013-04-25,17875.0
2013-04-26,17753.0
2013-04-27,14511.0
2013-04-28,17319.0
2013-04-29,19089.0
2013-04-30,19849.0
2013-05-01,24489.0
2013-05-02,26515.0
2013-05-03,24217.0
2013-05-04,13908.0
2013-05-05,13106.0
2013-05-06,18429.0
2013-05-07,17311.0
2013-05-08,16541.0
2013-05-09,15412.0
2013-05-10,13669.0
2013-05-11,11005.0
2013-05-12,10049.0
2013-05-13,17390.0
2013-05-14,17345.0
2013-05-15,17943.0
2013-05-16,18319.0
2013-05-17,16460.0
2013-05-18,12477.0
2013-05-19,19447.0
2013-05-20,19111.0
2013-05-21,15456.0
2013-05-22,14942.0
2013-05-23,15725.0
2013-05-24,15431.0
2013-05-25,9844.0
2013-05-26,10499.0
2013-05-27,11288.0
2013-05-28,19044.0
2013-05-29,20569.0
2013-05-30,16634.0
2013-05-31,16311.0
2013-06-01,12639.0
2013-06-02,10957.0
2013-06-03,12983.0
2013-06-04,11286.0
2013-06-05,12257.0
2013-06-06,12361.0
2013-06-07,11696.0
2013-06-08,9465.0
2013-06-09,10818.0
2013-06-10,17934.0
2013-06-11,21394.0
2013-06-12,15510.0
2013-06-13,11554.0
2013-06-14,10257.0
2013-06-15,7247.0
2013-06-16,7372.0
2013-06-17,9030.0
2013-06-18,10696.0
2013-06-19,10048.0
2013-06-20,10157.0
2013-06-21,9781.0
2013-06-22,7483.0
2013-06-23,7785.0
2013-06-24,11689.0
2013-06-25,10858.0
2013-06-26,9484.0
2013-06-27,9916.0
2013-06-28,9752.0
2013-06-29,6905.0
2013-06-30,9176.0
2013-07-01,11243.0
2013-07-02,33488.0
2013-07-03,21369.0
2013-07-04,11541.0
2013-07-05,10288.0
2013-07-06,7296.0
2013-07-07,7468.0
2013-07-08,9909.0
2013-07-09,9446.0
2013-07-10,9859.0
2013-07-11,9116.0
2013-07-12,7783.0
2013-07-13,5491.0
2013-07-14,6262.0
2013-07-15,7158.0
2013-07-16,7879.0
2013-07-17,8059.0
2013-07-18,8269.0
2013-07-19,8744.0
2013-07-20,5304.0
2013-07-21,5786.0
2013-07-22,10904.0
2013-07-23,7588.0
2013-07-24,4629.0
2013-07-25,9198.0
2013-07-26,8781.0
2013-07-27,6036.0
2013-07-28,6086.0
2013-07-29,7671.0
2013-07-30,10842.0
2013-07-31,9029.0
2013-08-01,7512.0
2013-08-02,6505.0
2013-08-03,5480.0
2013-08-04,5673.0
2013-08-05,9081.0
2013-08-06,7297.0
2013-08-07,7397.0
2013-08-08,11796.0
2013-08-09,8633.0
2013-08-10,5315.0
2013-08-11,6046.0
2013-08-12,10880.0
2013-08-13,11541.0
2013-08-14,16148.0
2013-08-15,13611.0
2013-08-16,11580.0
2013-08-17,7758.0
2013-08-18,7083.0
2013-08-19,11374.0
2013-08-20,12121.0
2013-08-21,12104.0
2013-08-22,10518.0
2013-08-23,9146.0
2013-08-24,6497.0
2013-08-25,5927.0
2013-08-26,7602.0
2013-08-27,9805.0
2013-08-28,10120.0
2013-08-29,8608.0
2013-08-30,7217.0
2013-08-31,5497.0
2013-09-01,5393.0
2013-09-02,6171.0
2013-09-03,7048.0
2013-09-04,6644.0
2013-09-05,7173.0
2013-09-06,7117.0
2013-09-07,4978.0
2013-09-08,7882.0
2013-09-09,11637.0
2013-09-10,8467.0
2013-09-11,7148.0
2013-09-12,6499.0
2013-09-13,5957.0
2013-09-14,4568.0
2013-09-15,4922.0
2013-09-16,7725.0
2013-09-17,7923.0
2013-09-18,6853.0
2013-09-19,6220.0
2013-09-20,8611.0
2013-09-21,5902.0
2013-09-22,5649.0
2013-09-23,8293.0
2013-09-24,6900.0
2013-09-25,6482.0
2013-09-26,7701.0
2013-09-27,6160.0
2013-09-28,4849.0
2013-09-29,5604.0
2013-09-30,6949.0
2013-10-01,6659.0
2013-10-02,20564.0
2013-10-03,51754.0
2013-10-04,27417.0
2013-10-05,16310.0
2013-10-06,12276.0
2013-10-07,15347.0
2013-10-08,14019.0
2013-10-09,13573.0
2013-10-10,10811.0
2013-10-11,8380.0
2013-10-12,5984.0
2013-10-13,6078.0
2013-10-14,7859.0
2013-10-15,9191.0
2013-10-16,9241.0
2013-10-17,8327.0
2013-10-18,9630.0
2013-10-19,6384.0
2013-10-20,6515.0
2013-10-21,8239.0
2013-10-22,9208.0
2013-10-23,11341.0
2013-10-24,10268.0
2013-10-25,11366.0
2013-10-26,16067.0
2013-10-27,18507.0
2013-10-28,19094.0
2013-10-29,43853.0
2013-10-30,77544.0
2013-10-31,115157.0
2013-11-01,28547.0
2013-11-02,19580.0
2013-11-03,16296.0
2013-11-04,26772.0
2013-11-05,28851.0
2013-11-06,32406.0
2013-11-07,27526.0
2013-11-08,27133.0
2013-11-09,26105.0
2013-11-10,22745.0
2013-11-11,22833.0
2013-11-12,26736.0
2013-11-13,28399.0
2013-11-14,31220.0
2013-11-15,34528.0
2013-11-16,25515.0
2013-11-17,22843.0
2013-11-18,69404.0
2013-11-19,109530.0
2013-11-20,70710.0
2013-11-21,62137.0
2013-11-22,61118.0
2013-11-23,37530.0
2013-11-24,33770.0
2013-11-25,38510.0
2013-11-26,43714.0
2013-11-27,73293.0
2013-11-28,130035.0
2013-11-29,112657.0
2013-11-30,85268.0
2013-12-01,51060.0
2013-12-02,77293.0
2013-12-03,76043.0
2013-12-04,59911.0
2013-12-05,93147.0
2013-12-06,94884.0
2013-12-07,68854.0
2013-12-08,46476.0
2013-12-09,56257.0
2013-12-10,57413.0
2013-12-11,57609.0
2013-12-12,48666.0
2013-12-13,47709.0
2013-12-14,40058.0
2013-12-15,45735.0
2013-12-16,53023.0
2013-12-17,47342.0
2013-12-18,74007.0
2013-12-19,54601.0
2013-12-20,38304.0
2013-12-21,30611.0
2013-12-22,37041.0
2013-12-23,41801.0
2013-12-24,35846.0
2013-12-25,29733.0
2013-12-26,32682.0
2013-12-27,36497.0
2013-12-28,29061.0
2013-12-29,29092.0
2013-12-30,31469.0
2013-12-31,27485.0
2014-01-01,23685.0
2014-01-02,28705.0
2014-01-03,30394.0
2014-01-04,23527.0
2014-01-05,4832.0
2014-01-06,15486.0
2014-01-07,39743.0
2014-01-08,41108.0
2014-01-09,44006.0
2014-01-10,41724.0
2014-01-11,27611.0
2014-01-12,27780.0
2014-01-13,34605.0
2014-01-14,39034.0
2014-01-15,41738.0
2014-01-16,49229.0
2014-01-17,52735.0
2014-01-18,27989.0
2014-01-19,25460.0
2014-01-20,35066.0
2014-01-21,47588.0
2014-01-22,53395.0
2014-01-23,40749.0
2014-01-24,36047.0
2014-01-25,23443.0
2014-01-26,26071.0
2014-01-27,53066.0
2014-01-28,57385.0
2014-01-29,42111.0
2014-01-30,35815.0
2014-01-31,29412.0
2014-02-01,28154.0
2014-02-02,25322.0
2014-02-03,29972.0
2014-02-04,46730.0
2014-02-05,33004.0
2014-02-06,33298.0
2014-02-07,42907.0
2014-02-08,30948.0
2014-02-09,31493.0
2014-02-10,44896.0
2014-02-11,37447.0
2014-02-12,28965.0
2014-02-13,25877.0
2014-02-14,28337.0
2014-02-15,18360.0
2014-02-16,20793.0
2014-02-17,23438.0
2014-02-18,33291.0
2014-02-19,34376.0
2014-02-20,34748.0
2014-02-21,24181.0
2014-02-22,18453.0
2014-02-23,16088.0
2014-02-24,20883.0
2014-02-25,91936.0
2014-02-26,66367.0
2014-02-27,43361.0
2014-02-28,67174.0
2014-03-01,46581.0
2014-03-02,29679.0
2014-03-03,32545.0
2014-03-04,33075.0
2014-03-05,47682.0
2014-03-06,89911.0
2014-03-07,116943.0
2014-03-08,39588.0
2014-03-09,26032.0
2014-03-10,31547.0
2014-03-11,28974.0
2014-03-12,27574.0
2014-03-13,24757.0
2014-03-14,20185.0
2014-03-15,13476.0
2014-03-16,12563.0
2014-03-17,19094.0
2014-03-18,19350.0
2014-03-19,17269.0
2014-03-20,21584.0
2014-03-21,36207.0
2014-03-22,19369.0
2014-03-23,15553.0
2014-03-24,16781.0
2014-03-25,20742.0
2014-03-26,26979.0
2014-03-27,19534.0
2014-03-28,16472.0
2014-03-29,11188.0
2014-03-30,11763.0
2014-03-31,19636.0
2014-04-01,16442.0
2014-04-02,18390.0
2014-04-03,22568.0
2014-04-04,20255.0
2014-04-05,12674.0
2014-04-06,8966.0
2014-04-07,12085.0
2014-04-08,12719.0
2014-04-09,16897.0
2014-04-10,14290.0
2014-04-11,12654.0
2014-04-12,8971.0
2014-04-13,9500.0
2014-04-14,19005.0
2014-04-15,12522.0
2014-04-16,16638.0
2014-04-17,15347.0
2014-04-18,9667.0
2014-04-19,9381.0
2014-04-20,7466.0
2014-04-21,10524.0
2014-04-22,11693.0
2014-04-23,10865.0
2014-04-24,10385.0
2014-04-25,11897.0
2014-04-26,7208.0
2014-04-27,8848.0
2014-04-28,12624.0
2014-04-29,10959.0
2014-04-30,14540.0
2014-05-01,11405.0
2014-05-02,8694.0
2014-05-03,5859.0
2014-05-04,6482.0
2014-05-05,12040.0
2014-05-06,9539.0
2014-05-07,9518.0
2014-05-08,9226.0
2014-05-09,11321.0
2014-05-10,7966.0
2014-05-11,7493.0
2014-05-12,8606.0
2014-05-13,9341.0
2014-05-14,8992.0
2014-05-15,8913.0
2014-05-16,7591.0
2014-05-17,5785.0
2014-05-18,5925.0
2014-05-19,8073.0
2014-05-20,12892.0
2014-05-21,9805.0
2014-05-22,9009.0
2014-05-23,7479.0
2014-05-24,5478.0
2014-05-25,5995.0
2014-05-26,8062.0
2014-05-27,9901.0
2014-05-28,9987.0
2014-05-29,11339.0
2014-05-30,9569.0
2014-05-31,6126.0
2014-06-01,6043.0
2014-06-02,9208.0
2014-06-03,12243.0
2014-06-04,11172.0
2014-06-05,10034.0
2014-06-06,7941.0
2014-06-07,6470.0
2014-06-08,7110.0
2014-06-09,9066.0
2014-06-10,10102.0
2014-06-11,9712.0
2014-06-12,14173.0
2014-06-13,17820.0
2014-06-14,7532.0
2014-06-15,8033.0
2014-06-16,13633.0
2014-06-17,14409.0
2014-06-18,13608.0
2014-06-19,12067.0
2014-06-20,9532.0
2014-06-21,5246.0
2014-06-22,5168.0
2014-06-23,6898.0
2014-06-24,7082.0
2014-06-25,6963.0
2014-06-26,6329.0
2014-06-27,12196.0
2014-06-28,9881.0
2014-06-29,5857.0
2014-06-30,9110.0
2014-07-01,7706.0
2014-07-02,10131.0
2014-07-03,8579.0
2014-07-04,6681.0
2014-07-05,5164.0
2014-07-06,4942.0
2014-07-07,8027.0
2014-07-08,7800.0
2014-07-09,6846.0
2014-07-10,7663.0
2014-07-11,6705.0
2014-07-12,6839.0
2014-07-13,5647.0
2014-07-14,6535.0
2014-07-15,7524.0
2014-07-16,8125.0
2014-07-17,8094.0
2014-07-18,7810.0
2014-07-19,6228.0
2014-07-20,5981.0
2014-07-21,7531.0
2014-07-22,7662.0
2014-07-23,7948.0
2014-07-24,7299.0
2014-07-25,6662.0
2014-07-26,5614.0
2014-07-27,5092.0
2014-07-28,7276.0
2014-07-29,7082.0
2014-07-30,8687.0
2014-07-31,8389.0
2014-08-01,6958.0
2014-08-02,4795.0
2014-08-03,4926.0
2014-08-04,6379.0
2014-08-05,7069.0
2014-08-06,8259.0
2014-08-07,7214.0
2014-08-08,6095.0
2014-08-09,5088.0
2014-08-10,4948.0
2014-08-11,7535.0
2014-08-12,8595.0
2014-08-13,9652.0
2014-08-14,8916.0
2014-08-15,6824.0
2014-08-16,7344.0
2014-08-17,5660.0
2014-08-18,7390.0
2014-08-19,7144.0
2014-08-20,8406.0
2014-08-21,7258.0
2014-08-22,7221.0
2014-08-23,4755.0
2014-08-24,5137.0
2014-08-25,6206.0
2014-08-26,7841.0
2014-08-27,5556.0
2014-08-28,5556.0
2014-08-29,6778.0
2014-08-30,5503.0
2014-08-31,6395.0
2014-09-01,9522.0
2014-09-02,11936.0
2014-09-03,10171.0
2014-09-04,10445.0
2014-09-05,10107.0
2014-09-06,5947.0
2014-09-07,5350.0
2014-09-08,6875.0
2014-09-09,8810.0
2014-09-10,9268.0
2014-09-11,9997.0
2014-09-12,9024.0
2014-09-13,5268.0
2014-09-14,5930.0
2014-09-15,8330.0
2014-09-16,7930.0
2014-09-17,7754.0
2014-09-18,7549.0
2014-09-19,6575.0
2014-09-20,5115.0
2014-09-21,6035.0
2014-09-22,7362.0
2014-09-23,8023.0
2014-09-24,9988.0
2014-09-25,8054.0
2014-09-26,6496.0
2014-09-27,4754.0
2014-09-28,4968.0
2014-09-29,7523.0
2014-09-30,7289.0
2014-10-01,7690.0
2014-10-02,7319.0
2014-10-03,6609.0
2014-10-04,5086.0
2014-10-05,5626.0
2014-10-06,8629.0
2014-10-07,8411.0
2014-10-08,7938.0
2014-10-09,7533.0
2014-10-10,6694.0
2014-10-11,5091.0
2014-10-12,5178.0
2014-10-13,7605.0
2014-10-14,8261.0
2014-10-15,7663.0
2014-10-16,6182.0
2014-10-17,5582.0
2014-10-18,4342.0
2014-10-19,4415.0
2014-10-20,5532.0
2014-10-21,5630.0
2014-10-22,5623.0
2014-10-23,5267.0
2014-10-24,4682.0
2014-10-25,3674.0
2014-10-26,4009.0
2014-10-27,5343.0
2014-10-28,5654.0
2014-10-29,5616.0
2014-10-30,5294.0
2014-10-31,4989.0
2014-11-01,4324.0
2014-11-02,5608.0
2014-11-03,6431.0
2014-11-04,6571.0
2014-11-05,6609.0
2014-11-06,7431.0
2014-11-07,7378.0
2014-11-08,4773.0
2014-11-09,4998.0
2014-11-10,6910.0
2014-11-11,6843.0
2014-11-12,7093.0
2014-11-13,7653.0
2014-11-14,6892.0
2014-11-15,4595.0
2014-11-16,4796.0
2014-11-17,6905.0
2014-11-18,7433.0
2014-11-19,6431.0
2014-11-20,5947.0
2014-11-21,5389.0
2014-11-22,3880.0
2014-11-23,62458.0
2014-11-24,5374.0
2014-11-25,5349.0
2014-11-26,5578.0
2014-11-27,5310.0
2014-11-28,4505.0
2014-11-29,3761.0
2014-11-30,4515.0
2014-12-01,6096.0
2014-12-02,6446.0
2014-12-03,6386.0
2014-12-04,7393.0
2014-12-05,5720.0
2014-12-06,3885.0
2014-12-07,4386.0
2014-12-08,6713.0
2014-12-09,6454.0
2014-12-10,5883.0
2014-12-11,9168.0
2014-12-12,7243.0
2014-12-13,4247.0
2014-12-14,3999.0
2014-12-15,5927.0
2014-12-16,7242.0
2014-12-17,6673.0
2014-12-18,5753.0
2014-12-19,5087.0
2014-12-20,4034.0
2014-12-21,3784.0
2014-12-22,5331.0
2014-12-23,4934.0
2014-12-24,4058.0
2014-12-25,3380.0
2014-12-26,4767.0
2014-12-27,10366.0
2014-12-28,5901.0
2014-12-29,10143.0
2014-12-30,6531.0
2014-12-31,5450.0
2015-01-01,4330.0
2015-01-02,5519.0
2015-01-03,4981.0
2015-01-04,5365.0
2015-01-05,7109.0
2015-01-06,8907.0
2015-01-07,7537.0
2015-01-08,8469.0
2015-01-09,6350.0
2015-01-10,5236.0
2015-01-11,4747.0
2015-01-12,6253.0
2015-01-13,8317.0
2015-01-14,7855.0
2015-01-15,10457.0
2015-01-16,6680.0
2015-01-17,4282.0
2015-01-18,4386.0
2015-01-19,6279.0
2015-01-20,5654.0
2015-01-21,6789.0
2015-01-22,6688.0
2015-01-23,6572.0
2015-01-24,4057.0
2015-01-25,4073.0
2015-01-26,7157.0
2015-01-27,6899.0
2015-01-28,6787.0
2015-01-29,5656.0
2015-01-30,4851.0
2015-01-31,4192.0
2015-02-01,3722.0
2015-02-02,4526.0
2015-02-03,5486.0
2015-02-04,5926.0
2015-02-05,6682.0
2015-02-06,6049.0
2015-02-07,6211.0
2015-02-08,6281.0
2015-02-09,7996.0
2015-02-10,8149.0
2015-02-11,8047.0
2015-02-12,6754.0
2015-02-13,5715.0
2015-02-14,7508.0
2015-02-15,6063.0
2015-02-16,5730.0
2015-02-17,5850.0
2015-02-18,5819.0
2015-02-19,6930.0
2015-02-20,9436.0
2015-02-21,4711.0
2015-02-22,4509.0
2015-02-23,6236.0
2015-02-24,5798.0
2015-02-25,5606.0
2015-02-26,5717.0
2015-02-27,5234.0
2015-02-28,4153.0
2015-03-01,5846.0
2015-03-02,5657.0
2015-03-03,5530.0
2015-03-04,6199.0
2015-03-05,5580.0
2015-03-06,6354.0
2015-03-07,
2015-03-08,
2015-03-09,
2015-03-10,47922.0
2015-03-11,115838.0
2015-03-12,29582.0
2015-03-13,6954.0
2015-03-14,7346.0
2015-03-15,6148.0
2015-03-16,66889.0
2015-03-17,19431.0
2015-03-18,34533.0
2015-03-19,27354.0
2015-03-20,12680.0
2015-03-21,6479.0
2015-03-22,4284.0
2015-03-23,5522.0
2015-03-24,7500.0
2015-03-25,6228.0
2015-03-26,6887.0
2015-03-27,5370.0
2015-03-28,3634.0
2015-03-29,3781.0
2015-03-30,7217.0
2015-03-31,7764.0
2015-04-01,6764.0
2015-04-02,6526.0
2015-04-03,5815.0
2015-04-04,5302.0
2015-04-05,3814.0
2015-04-06,4870.0
2015-04-07,5788.0
2015-04-08,5558.0
2015-04-09,5987.0
2015-04-10,4904.0
2015-04-11,3661.0
2015-04-12,3599.0
2015-04-13,5337.0
2015-04-14,5851.0
2015-04-15,4953.0
2015-04-16,5415.0
2015-04-17,6207.0
2015-04-18,5354.0
2015-04-19,5267.0
2015-04-20,7452.0
2015-04-21,7486.0
2015-04-22,8234.0
2015-04-23,9338.0
2015-04-24,7734.0
2015-04-25,6142.0
2015-04-26,10234.0
2015-04-27,8073.0
2015-04-28,11112.0
2015-04-29,5887.0
2015-04-30,7118.0
2015-05-01,6228.0
2015-05-02,4881.0
2015-05-03,4888.0
2015-05-04,5140.0
2015-05-05,6053.0
2015-05-06,6110.0
2015-05-07,6227.0
2015-05-08,5977.0
2015-05-09,5069.0
2015-05-10,7158.0
2015-05-11,7245.0
2015-05-12,6967.0
2015-05-13,6298.0
2015-05-14,8475.0
2015-05-15,6345.0
2015-05-16,7085.0
2015-05-17,5114.0
2015-05-18,6494.0
2015-05-19,9019.0
2015-05-20,9044.0
2015-05-21,7526.0
2015-05-22,6527.0
2015-05-23,4729.0
2015-05-24,4959.0
2015-05-25,5748.0
2015-05-26,6505.0
2015-05-27,7097.0
2015-05-28,6625.0
2015-05-29,7126.0
2015-05-30,8361.0
2015-05-31,5410.0
2015-06-01,6405.0
2015-06-02,7079.0
2015-06-03,6053.0
2015-06-04,6658.0
2015-06-05,5625.0
2015-06-06,4570.0
2015-06-07,3912.0
2015-06-08,5660.0
2015-06-09,5939.0
2015-06-10,5474.0
2015-06-11,5730.0
2015-06-12,4543.0
2015-06-13,3214.0
2015-06-14,3222.0
2015-06-15,4580.0
2015-06-16,4854.0
2015-06-17,4712.0
2015-06-18,9010.0
2015-06-19,5298.0
2015-06-20,4123.0
2015-06-21,3685.0
2015-06-22,4960.0
2015-06-23,4899.0
2015-06-24,7226.0
2015-06-25,5782.0
2015-06-26,4377.0
2015-06-27,3592.0
2015-06-28,4077.0
2015-06-29,5551.0
2015-06-30,6390.0
2015-07-01,13645.0
2015-07-02,10097.0
2015-07-03,8900.0
2015-07-04,7897.0
2015-07-05,8579.0
2015-07-06,12143.0
2015-07-07,14539.0
2015-07-08,14427.0
2015-07-09,12306.0
2015-07-10,10127.0
2015-07-11,7117.0
2015-07-12,7410.0
2015-07-13,11428.0
2015-07-14,9570.0
2015-07-15,9499.0
2015-07-16,9473.0
2015-07-17,8641.0
2015-07-18,6400.0
2015-07-19,11200.0
2015-07-20,11084.0
2015-07-21,10495.0
2015-07-22,10451.0
2015-07-23,11412.0
2015-07-24,9069.0
2015-07-25,6845.0
2015-07-26,8079.0
2015-07-27,10170.0
2015-07-28,10121.0
2015-07-29,10702.0
2015-07-30,10162.0
2015-07-31,8131.0
2015-08-01,8749.0
2015-08-02,6041.0
2015-08-03,6153.0
2015-08-04,5479.0
2015-08-05,5156.0
2015-08-06,4916.0
2015-08-07,4635.0
2015-08-08,3505.0
2015-08-09,3500.0
2015-08-10,4426.0
2015-08-11,4800.0
2015-08-12,4987.0
2015-08-13,6524.0
2015-08-14,4393.0
2015-08-15,3338.0
2015-08-16,3518.0
2015-08-17,4773.0
2015-08-18,6739.0
2015-08-19,6935.0
2015-08-20,6181.0
2015-08-21,5400.0
2015-08-22,3801.0
2015-08-23,4536.0
2015-08-24,7339.0
2015-08-25,5891.0
2015-08-26,5667.0
2015-08-27,4935.0
2015-08-28,4292.0
2015-08-29,3771.0
2015-08-30,3976.0
2015-08-31,5041.0
2015-09-01,5792.0
2015-09-02,5351.0
2015-09-03,5071.0
2015-09-04,4257.0
2015-09-05,3189.0
2015-09-06,3376.0
2015-09-07,4324.0
2015-09-08,5249.0
2015-09-09,5276.0
2015-09-10,5148.0
2015-09-11,4869.0
2015-09-12,3520.0
2015-09-13,3705.0
2015-09-14,5384.0
2015-09-15,5273.0
2015-09-16,5422.0
2015-09-17,5342.0
2015-09-18,5995.0
2015-09-19,3810.0
2015-09-20,3857.0
2015-09-21,5673.0
2015-09-22,6430.0
2015-09-23,37796.0
2015-09-24,5583.0
2015-09-25,7094.0
2015-09-26,4079.0
2015-09-27,4132.0
2015-09-28,5366.0
2015-09-29,5567.0
2015-09-30,5753.0
2015-10-01,5308.0
2015-10-02,4819.0
2015-10-03,3799.0
2015-10-04,4251.0
2015-10-05,5919.0
2015-10-06,8092.0
2015-10-07,6835.0
2015-10-08,5671.0
2015-10-09,5565.0
2015-10-10,4562.0
2015-10-11,4752.0
2015-10-12,5988.0
2015-10-13,5731.0
2015-10-14,7255.0
2015-10-15,5408.0
2015-10-16,5084.0
2015-10-17,3919.0
2015-10-18,4111.0
2015-10-19,6278.0
2015-10-20,5995.0
2015-10-21,5703.0
2015-10-22,6141.0
2015-10-23,5772.0
2015-10-24,4204.0
2015-10-25,4814.0
2015-10-26,6647.0
2015-10-27,6508.0
2015-10-28,6736.0
2015-10-29,6750.0
2015-10-30,6559.0
2015-10-31,4270.0
2015-11-01,5066.0
2015-11-02,6956.0
2015-11-03,7919.0
2015-11-04,9399.0
2015-11-05,10587.0
2015-11-06,7167.0
2015-11-07,5051.0
2015-11-08,6020.0
2015-11-09,8518.0
2015-11-10,7874.0
2015-11-11,5780.0
2015-11-12,6733.0
2015-11-13,6108.0
2015-11-14,3789.0
2015-11-15,4459.0
2015-11-16,5751.0
2015-11-17,6147.0
2015-11-18,5981.0
2015-11-19,5776.0
2015-11-20,5623.0
2015-11-21,4014.0
2015-11-22,4538.0
2015-11-23,5361.0
2015-11-24,5277.0
2015-11-25,4797.0
2015-11-26,5287.0
2015-11-27,4260.0
2015-11-28,3801.0
2015-11-29,3961.0
2015-11-30,6172.0
2015-12-01,6417.0
2015-12-02,5821.0
2015-12-03,5971.0
2015-12-04,6544.0
2015-12-05,4754.0
2015-12-06,4314.0
2015-12-07,6032.0
2015-12-08,9024.0
2015-12-09,34963.0
2015-12-10,15921.0
2015-12-11,8654.0
2015-12-12,5274.0
2015-12-13,5145.0
2015-12-14,6878.0
2015-12-15,7395.0
2015-12-16,6656.0
2015-12-17,5779.0
2015-12-18,5039.0
2015-12-19,4066.0
2015-12-20,3944.0
2015-12-21,5190.0
2015-12-22,4947.0
2015-12-23,5070.0
2015-12-24,4191.0
2015-12-25,2954.0
2015-12-26,3676.0
2015-12-27,9421.0
2015-12-28,5099.0
2015-12-29,5788.0
2015-12-30,4921.0
2015-12-31,4094.0
2016-01-01,3369.0
2016-01-02,4209.0
2016-01-03,5347.0
2016-01-04,6535.0
2016-01-05,6309.0
2016-01-06,5354.0
2016-01-07,6199.0
2016-01-08,5337.0
2016-01-09,4003.0
2016-01-10,4255.0
2016-01-11,5604.0
2016-01-12,5405.0
2016-01-13,5462.0
2016-01-14,5450.0
2016-01-15,6402.0
2016-01-16,5043.0
2016-01-17,5098.0
2016-01-18,6754.0
2016-01-19,6419.0
2016-01-20,5912.0
2016-01-21,6119.0
2016-01-22,5649.0
2016-01-23,3563.0
2016-01-24,4104.0
2016-01-25,5822.0
2016-01-26,5316.0
2016-01-27,6208.0
2016-01-28,7016.0
2016-01-29,6407.0
2016-01-30,3855.0
2016-01-31,3433.0
2016-02-01,5163.0
2016-02-02,5442.0
2016-02-03,5195.0
2016-02-04,5429.0
2016-02-05,4215.0
2016-02-06,3588.0
2016-02-07,3915.0
2016-02-08,4821.0
2016-02-09,5237.0
2016-02-10,5310.0
2016-02-11,5270.0
2016-02-12,4998.0
2016-02-13,3713.0
2016-02-14,4499.0
2016-02-15,5885.0
2016-02-16,6678.0
2016-02-17,6761.0
2016-02-18,10747.0
2016-02-19,8628.0
2016-02-20,5674.0
2016-02-21,5578.0
2016-02-22,6735.0
2016-02-23,6589.0
2016-02-24,6558.0
2016-02-25,7309.0
2016-02-26,5019.0
2016-02-27,4209.0
2016-02-28,3835.0
2016-02-29,5861.0
2016-03-01,5912.0
2016-03-02,5538.0
2016-03-03,5671.0
2016-03-04,4920.0
2016-03-05,3749.0
2016-03-06,4456.0
2016-03-07,6525.0
2016-03-08,6062.0
2016-03-09,5417.0
2016-03-10,5209.0
2016-03-11,4874.0
2016-03-12,3425.0
2016-03-13,5576.0
2016-03-14,6463.0
2016-03-15,6283.0
2016-03-16,5614.0
2016-03-17,5044.0
2016-03-18,4479.0
2016-03-19,3036.0
2016-03-20,3713.0
2016-03-21,5469.0
2016-03-22,5382.0
2016-03-23,5134.0
2016-03-24,5413.0
2016-03-25,4016.0
2016-03-26,3064.0
2016-03-27,3692.0
2016-03-28,5426.0
2016-03-29,5329.0
2016-03-30,5093.0
2016-03-31,5142.0
2016-04-01,4466.0
2016-04-02,3611.0
2016-04-03,3646.0
2016-04-04,5120.0
2016-04-05,5695.0
2016-04-06,5383.0
2016-04-07,5067.0
2016-04-08,5589.0
2016-04-09,3194.0
2016-04-10,3713.0
2016-04-11,5526.0
2016-04-12,5347.0
2016-04-13,5575.0
2016-04-14,5693.0
2016-04-15,4945.0
2016-04-16,3134.0
2016-04-17,3417.0
2016-04-18,5095.0
2016-04-19,6229.0
2016-04-20,5375.0
2016-04-21,5594.0
2016-04-22,7506.0
2016-04-23,4005.0
2016-04-24,4158.0
2016-04-25,5799.0
2016-04-26,5977.0
2016-04-27,5379.0
2016-04-28,5931.0
2016-04-29,4778.0
2016-04-30,3313.0
2016-05-01,3403.0
2016-05-02,43168.0
2016-05-03,24458.0
2016-05-04,11437.0
2016-05-05,14534.0
2016-05-06,9430.0
2016-05-07,5232.0
2016-05-08,5194.0
2016-05-09,7784.0
2016-05-10,7487.0
2016-05-11,12054.0
2016-05-12,11547.0
2016-05-13,5270.0
2016-05-14,7664.0
2016-05-15,8446.0
2016-05-16,8493.0
2016-05-17,5504.0
2016-05-18,6544.0
2016-05-19,8401.0
2016-05-20,5039.0
2016-05-21,3523.0
2016-05-22,3936.0
2016-05-23,5803.0
2016-05-24,5952.0
2016-05-25,5042.0
2016-05-26,5059.0
2016-05-27,5222.0
2016-05-28,4205.0
2016-05-29,3955.0
2016-05-30,6682.0
2016-05-31,8139.0
2016-06-01,6356.0
2016-06-02,5496.0
2016-06-03,5611.0
2016-06-04,3727.0
2016-06-05,6075.0
2016-06-06,5785.0
2016-06-07,5682.0
2016-06-08,5467.0
2016-06-09,5400.0
2016-06-10,4683.0
2016-06-11,3387.0
2016-06-12,3840.0
2016-06-13,6987.0
2016-06-14,6215.0
2016-06-15,5908.0
2016-06-16,6558.0
2016-06-17,5700.0
2016-06-18,4728.0
2016-06-19,4979.0
2016-06-20,6795.0
2016-06-21,7290.0
2016-06-22,6206.0
2016-06-23,6226.0
2016-06-24,13814.0
2016-06-25,7895.0
2016-06-26,3996.0
2016-06-27,7592.0
2016-06-28,5939.0
2016-06-29,6640.0
2016-06-30,5826.0
2016-07-01,4739.0
2016-07-02,4065.0
2016-07-03,4181.0
2016-07-04,5067.0
2016-07-05,5436.0
2016-07-06,5159.0
2016-07-07,5614.0
2016-07-08,4961.0
2016-07-09,4403.0
2016-07-10,4958.0
2016-07-11,6052.0
2016-07-12,6114.0
2016-07-13,6308.0
2016-07-14,5567.0
2016-07-15,5031.0
2016-07-16,3513.0
2016-07-17,3605.0
2016-07-18,5372.0
2016-07-19,4817.0
2016-07-20,5159.0
2016-07-21,5286.0
2016-07-22,7378.0
2016-07-23,3913.0
2016-07-24,3585.0
2016-07-25,5778.0
2016-07-26,6630.0
2016-07-27,7054.0
2016-07-28,5402.0
2016-07-29,4893.0
2016-07-30,3817.0
2016-07-31,64893.0
2016-08-01,5404.0
2016-08-02,6526.0
2016-08-03,12571.0
2016-08-04,7326.0
2016-08-05,5518.0
2016-08-06,3939.0
2016-08-07,5371.0
2016-08-08,6600.0
2016-08-09,7311.0
2016-08-10,7124.0
2016-08-11,4788.0
2016-08-12,4367.0
2016-08-13,4284.0
2016-08-14,3225.0
2016-08-15,4552.0
2016-08-16,4954.0
2016-08-17,5144.0
2016-08-18,5975.0
2016-08-19,5947.0
2016-08-20,3367.0
2016-08-21,3504.0
2016-08-22,5013.0
2016-08-23,5371.0
2016-08-24,5594.0
2016-08-25,6029.0
2016-08-26,5930.0
2016-08-27,3871.0
2016-08-28,3885.0
2016-08-29,5889.0
2016-08-30,5165.0
2016-08-31,5566.0
2016-09-01,5602.0
2016-09-02,4711.0
2016-09-03,4217.0
2016-09-04,4105.0
2016-09-05,5064.0
2016-09-06,5804.0
2016-09-07,5684.0
2016-09-08,5859.0
2016-09-09,5314.0
2016-09-10,3839.0
2016-09-11,3555.0
2016-09-12,7979.0
2016-09-13,6646.0
2016-09-14,6476.0
2016-09-15,6843.0
2016-09-16,6964.0
2016-09-17,5955.0
2016-09-18,4715.0
2016-09-19,5852.0
2016-09-20,5867.0
2016-09-21,5314.0
2016-09-22,6255.0
2016-09-23,4653.0
2016-09-24,3325.0
2016-09-25,3411.0
2016-09-26,5764.0
2016-09-27,5052.0
2016-09-28,7060.0
2016-09-29,4842.0
2016-09-30,4715.0
2016-10-01,4679.0
2016-10-02,3819.0
2016-10-03,4982.0
2016-10-04,5507.0
2016-10-05,5461.0
2016-10-06,5002.0
2016-10-07,5504.0
2016-10-08,3439.0
2016-10-09,3342.0
2016-10-10,4481.0
2016-10-11,5531.0
2016-10-12,6388.0
2016-10-13,5374.0
2016-10-14,4769.0
2016-10-15,3356.0
2016-10-16,3526.0
2016-10-17,5392.0
2016-10-18,5280.0
2016-10-19,5206.0
2016-10-20,4713.0
2016-10-21,7164.0
2016-10-22,3231.0
2016-10-23,4181.0
2016-10-24,5294.0
2016-10-25,6528.0
2016-10-26,5212.0
2016-10-27,5174.0
2016-10-28,5160.0
2016-10-29,4577.0
2016-10-30,3760.0
2016-10-31,5931.0
2016-11-01,5479.0
2016-11-02,5663.0
2016-11-03,5467.0
2016-11-04,5022.0
2016-11-05,4244.0
2016-11-06,4690.0
2016-11-07,6714.0
2016-11-08,6699.0
2016-11-09,6856.0
2016-11-10,5944.0
2016-11-11,5182.0
2016-11-12,3758.0
2016-11-13,3917.0
2016-11-14,17918.0
2016-11-15,10148.0
2016-11-16,10633.0
2016-11-17,9914.0
2016-11-18,13489.0
2016-11-19,7805.0
2016-11-20,10493.0
2016-11-21,9625.0
2016-11-22,11082.0
2016-11-23,13132.0
2016-11-24,10644.0
2016-11-25,8437.0
2016-11-26,8621.0
2016-11-27,9149.0
2016-11-28,12098.0
2016-11-29,8977.0
2016-11-30,6291.0
2016-12-01,5994.0
2016-12-02,5637.0
2016-12-03,3856.0
2016-12-04,4400.0
2016-12-05,5617.0
2016-12-06,5913.0
2016-12-07,5821.0
2016-12-08,5961.0
2016-12-09,5225.0
2016-12-10,4593.0
2016-12-11,4277.0
2016-12-12,5638.0
2016-12-13,6456.0
2016-12-14,6192.0
2016-12-15,5861.0
2016-12-16,5450.0
2016-12-17,4090.0
2016-12-18,4173.0
2016-12-19,5857.0
2016-12-20,6391.0
2016-12-21,6735.0
2016-12-22,7000.0
2016-12-23,6753.0
2016-12-24,4587.0
2016-12-25,3841.0
2016-12-26,4905.0
2016-12-27,5821.0
2016-12-28,6911.0
2016-12-29,8320.0
2016-12-30,8468.0
2016-12-31,4265.0
2017-01-01,3545.0
2017-01-02,10750.0
2017-01-03,12945.0
2017-01-04,11241.0
2017-01-05,13710.0
2017-01-06,10802.0
2017-01-07,7044.0
2017-01-08,6158.0
2017-01-09,8991.0
2017-01-10,8629.0
2017-01-11,9831.0
2017-01-12,9437.0
2017-01-13,9138.0
2017-01-14,7410.0
2017-01-15,4970.0
2017-01-16,7381.0
2017-01-17,9667.0
2017-01-18,7883.0
2017-01-19,8435.0
2017-01-20,6619.0
2017-01-21,4600.0
2017-01-22,4771.0
2017-01-23,8311.0
2017-01-24,7303.0
2017-01-25,6426.0
2017-01-26,6106.0
2017-01-27,6523.0
2017-01-28,6446.0
2017-01-29,4847.0
2017-01-30,7015.0
2017-01-31,7435.0
2017-02-01,7473.0
2017-02-02,6852.0
2017-02-03,6243.0
2017-02-04,4773.0
2017-02-05,4800.0
2017-02-06,6973.0
2017-02-07,7296.0
2017-02-08,6956.0
2017-02-09,7472.0
2017-02-10,6763.0
2017-02-11,4297.0
2017-02-12,4696.0
2017-02-13,6773.0
2017-02-14,6434.0
2017-02-15,6750.0
2017-02-16,6923.0
2017-02-17,8394.0
2017-02-18,6578.0
2017-02-19,4604.0
2017-02-20,6580.0
2017-02-21,7208.0
2017-02-22,6878.0
2017-02-23,7349.0
2017-02-24,7881.0
2017-02-25,10297.0
2017-02-26,9534.0
2017-02-27,8742.0
2017-02-28,9336.0
2017-03-01,11164.0
2017-03-02,10015.0
2017-03-03,18852.0
2017-03-04,9545.0
2017-03-05,6866.0
2017-03-06,10524.0
2017-03-07,8856.0
2017-03-08,8140.0
2017-03-09,8440.0
2017-03-10,11287.0
2017-03-11,6824.0
2017-03-12,5992.0
2017-03-13,9300.0
2017-03-14,12543.0
2017-03-15,11061.0
2017-03-16,9954.0
2017-03-17,9310.0
2017-03-18,11156.0
2017-03-19,11590.0
2017-03-20,16779.0
2017-03-21,14877.0
2017-03-22,12929.0
2017-03-23,13286.0
2017-03-24,11825.0
2017-03-25,10136.0
2017-03-26,10938.0
2017-03-27,12352.0
2017-03-28,9855.0
2017-03-29,7856.0
2017-03-30,8328.0
2017-03-31,7528.0
2017-04-01,6211.0
2017-04-02,5558.0
2017-04-03,8468.0
2017-04-04,10324.0
2017-04-05,7446.0
2017-04-06,7335.0
2017-04-07,6597.0
2017-04-08,5334.0
2017-04-09,5078.0
2017-04-10,7475.0
2017-04-11,10359.0
2017-04-12,7502.0
2017-04-13,7092.0
2017-04-14,6049.0
2017-04-15,4670.0
2017-04-16,4603.0
2017-04-17,9400.0
2017-04-18,10592.0
2017-04-19,7757.0
2017-04-20,7344.0
2017-04-21,6747.0
2017-04-22,4614.0
2017-04-23,4809.0
2017-04-24,9350.0
2017-04-25,9756.0
2017-04-26,7410.0
2017-04-27,7256.0
2017-04-28,6816.0
2017-04-29,4838.0
2017-04-30,9390.0
2017-05-01,6761.0
2017-05-02,8729.0
2017-05-03,8848.0
2017-05-04,9604.0
2017-05-05,8156.0
2017-05-06,6160.0
2017-05-07,6398.0
2017-05-08,9934.0
2017-05-09,11914.0
2017-05-10,12250.0
2017-05-11,11255.0
2017-05-12,19593.0
2017-05-13,18259.0
2017-05-14,15940.0
2017-05-15,45033.0
2017-05-16,42741.0
2017-05-17,29475.0
2017-05-18,22394.0
2017-05-19,18331.0
2017-05-20,11714.0
2017-05-21,11283.0
2017-05-22,39609.0
2017-05-23,33868.0
2017-05-24,30478.0
2017-05-25,32337.0
2017-05-26,24637.0
2017-05-27,13974.0
2017-05-28,10498.0
2017-05-29,15624.0
2017-05-30,17882.0
2017-05-31,17161.0
2017-06-01,14860.0
2017-06-02,13082.0
2017-06-03,9823.0
2017-06-04,8569.0
2017-06-05,14657.0
2017-06-06,17868.0
2017-06-07,16690.0
2017-06-08,14134.0
2017-06-09,12277.0
2017-06-10,8893.0
2017-06-11,10610.0
2017-06-12,18324.0
2017-06-13,16278.0
2017-06-14,14389.0
2017-06-15,14811.0
2017-06-16,13996.0
2017-06-17,8282.0
2017-06-18,8307.0
2017-06-19,13044.0
2017-06-20,15233.0
2017-06-21,18135.0
2017-06-22,16316.0
2017-06-23,12106.0
2017-06-24,8558.0
2017-06-25,8146.0
2017-06-26,12177.0
2017-06-27,16983.0
2017-06-28,21468.0
2017-06-29,16552.0
2017-06-30,12284.0
2017-07-01,8974.0
2017-07-02,10559.0
2017-07-03,12400.0
2017-07-04,11898.0
2017-07-05,13515.0
2017-07-06,14077.0
2017-07-07,11601.0
2017-07-08,8094.0
2017-07-09,8033.0
2017-07-10,13131.0
2017-07-11,14586.0
2017-07-12,13805.0
2017-07-13,13828.0
2017-07-14,11931.0
2017-07-15,7629.0
2017-07-16,7909.0
2017-07-17,12866.0
2017-07-18,16899.0
2017-07-19,18749.0
2017-07-20,18319.0
2017-07-21,12613.0
2017-07-22,9032.0
2017-07-23,12901.0
2017-07-24,14985.0
2017-07-25,13519.0
2017-07-26,14223.0
2017-07-27,14698.0
2017-07-28,11808.0
2017-07-29,9131.0
2017-07-30,21818.0
2017-07-31,12874.0
2017-08-01,37244.0
2017-08-02,58538.0
2017-08-03,16540.0
2017-08-04,11878.0
2017-08-05,10397.0
2017-08-06,9147.0
2017-08-07,16011.0
2017-08-08,18393.0
2017-08-09,16786.0
2017-08-10,15425.0
2017-08-11,14393.0
2017-08-12,9843.0
2017-08-13,12759.0
2017-08-14,25279.0
2017-08-15,21174.0
2017-08-16,19179.0
2017-08-17,17470.0
2017-08-18,16725.0
2017-08-19,11783.0
2017-08-20,12091.0
2017-08-21,17716.0
2017-08-22,19018.0
2017-08-23,18121.0
2017-08-24,17619.0
2017-08-25,14963.0
2017-08-26,10208.0
2017-08-27,9583.0
2017-08-28,14840.0
2017-08-29,17010.0
2017-08-30,17493.0
2017-08-31,18540.0
2017-09-01,16141.0
2017-09-02,11711.0
2017-09-03,11259.0
2017-09-04,16685.0
2017-09-05,18620.0
2017-09-06,18566.0
2017-09-07,20209.0
2017-09-08,14993.0
2017-09-09,10360.0
2017-09-10,10434.0
2017-09-11,15241.0
2017-09-12,17232.0
2017-09-13,24186.0
2017-09-14,21858.0
2017-09-15,20277.0
2017-09-16,11841.0
2017-09-17,11719.0
2017-09-18,19206.0
2017-09-19,17968.0
2017-09-20,16434.0
2017-09-21,14691.0
2017-09-22,13624.0
2017-09-23,8384.0
2017-09-24,8721.0
2017-09-25,13280.0
2017-09-26,13487.0
2017-09-27,15742.0
2017-09-28,13078.0
2017-09-29,12279.0
2017-09-30,8135.0
2017-10-01,9081.0
2017-10-02,12705.0
2017-10-03,13635.0
2017-10-04,13832.0
2017-10-05,13215.0
2017-10-06,11624.0
2017-10-07,8713.0
2017-10-08,8857.0
2017-10-09,13956.0
2017-10-10,14720.0
2017-10-11,16682.0
2017-10-12,22841.0
2017-10-13,23931.0
2017-10-14,14045.0
2017-10-15,13513.0
2017-10-16,20841.0
2017-10-17,19376.0
2017-10-18,17179.0
2017-10-19,16959.0
2017-10-20,17772.0
2017-10-21,14403.0
2017-10-22,14317.0
2017-10-23,22464.0
2017-10-24,21733.0
2017-10-25,20227.0
2017-10-26,18629.0
2017-10-27,17333.0
2017-10-28,10729.0
2017-10-29,11513.0
2017-10-30,20065.0
2017-10-31,21624.0
2017-11-01,24159.0
2017-11-02,32638.0
2017-11-03,26416.0
2017-11-04,15864.0
2017-11-05,15093.0
2017-11-06,23054.0
2017-11-07,22483.0
2017-11-08,24324.0
2017-11-09,23713.0
2017-11-10,22099.0
2017-11-11,14428.0
2017-11-12,14442.0
2017-11-13,24940.0
2017-11-14,26211.0
2017-11-15,20370.0
2017-11-16,21563.0
2017-11-17,24310.0
2017-11-18,15944.0
2017-11-19,16109.0
2017-11-20,25630.0
2017-11-21,26799.0
2017-11-22,22772.0
2017-11-23,18202.0
2017-11-24,17229.0
2017-11-25,14270.0
2017-11-26,20596.0
2017-11-27,53507.0
2017-11-28,61180.0
2017-11-29,106446.0
2017-11-30,79792.0
2017-12-01,56531.0
2017-12-02,33117.0
2017-12-03,33242.0
2017-12-04,67545.0
2017-12-05,62375.0
2017-12-06,72927.0
2017-12-07,135101.0
2017-12-08,124558.0
2017-12-09,55829.0
2017-12-10,53375.0
2017-12-11,112077.0
2017-12-12,102247.0
2017-12-13,80653.0
2017-12-14,64405.0
2017-12-15,52494.0
2017-12-16,34587.0
2017-12-17,34554.0
2017-12-18,57386.0
2017-12-19,62373.0
2017-12-20,61902.0
2017-12-21,57228.0
2017-12-22,57584.0
2017-12-23,38038.0
2017-12-24,26524.0
2017-12-25,47082.0
2017-12-26,58166.0
2017-12-27,36870.0
2017-12-28,33722.0
2017-12-29,29516.0
2017-12-30,21896.0
2017-12-31,17581.0
2018-01-01,20333.0
2018-01-02,39540.0
2018-01-03,48540.0
2018-01-04,39119.0
2018-01-05,35092.0
2018-01-06,32717.0
2018-01-07,29904.0
2018-01-08,42005.0
2018-01-09,44503.0
2018-01-10,50096.0
2018-01-11,39194.0
2018-01-12,34778.0
